"id","annual_earnings","education","age","religion","sex","residence"
1,17773,9,38,"Hindu","Female","Rural"
2,60847,2,52,"Muslim","Male","Rural"
3,115739,7,39,"Hindu","Male","Urban"
4,34834,11,49,"Hindu","Male","Urban"
5,30784,0,22,"Hindu","Male","Rural"
6,2068,7,32,"Hindu","Male","Urban"
7,19815,1,22,"Hindu","Female","Rural"
8,44341,8,32,"Hindu","Male","Rural"
9,67829,0,33,"Hindu","Male","Rural"
10,250001,11,32,"Muslim","Male","Urban"
11,3966,0,65,"Hindu","Female","Rural"
12,17247,0,37,"Hindu","Male","Urban"
13,3046,0,18,"Hindu","Female","Rural"
14,110753,15,49,"Hindu","Male","Urban"
15,125457,4,47,"Hindu","Male","Urban"
16,44455,13,46,"Hindu","Male","Rural"
17,397264,15,37,"Hindu","Male","Rural"
18,64199,13,30,"Hindu","Male","Rural"
19,346048,15,38,"Hindu","Male","Rural"
20,166274,8,47,"Hindu","Male","Urban"
21,229286,14,33,"Christian","Male","Urban"
22,38149,0,33,"Muslim","Female","Urban"
23,38497,12,28,"Hindu","Male","Urban"
24,10258,4,22,"Hindu","Female","Urban"
25,6382,0,45,"Hindu","Female","Rural"
26,96170,4,39,"Hindu","Female","Rural"
27,21323,0,48,"Muslim","Male","Rural"
28,181331,0,33,"Hindu","Male","Urban"
29,41265,4,43,"Hindu","Male","Rural"
30,4106,9,52,"Hindu","Female","Rural"
31,178012,15,22,"Sikh","Male","Rural"
32,1151,0,41,"Hindu","Female","Rural"
33,9979,4,35,"Muslim","Female","Rural"
34,23238,1,20,"Hindu","Male","Rural"
35,200904,12,59,"Hindu","Male","Urban"
36,1899,0,51,"Hindu","Female","Urban"
37,16304,0,51,"Hindu","Male","Rural"
38,29737,0,50,"Hindu","Female","Rural"
39,14513,5,58,"Hindu","Male","Rural"
40,2114,0,21,"Hindu","Male","Rural"
41,25741,0,37,"Hindu","Female","Rural"
42,10128,0,25,"Christian","Female","Rural"
43,213892,15,43,"Hindu","Male","Rural"
44,55546,2,47,"Hindu","Female","Urban"
45,18601,6,44,"Hindu","Male","Rural"
46,13382,0,41,"Hindu","Female","Rural"
47,2992,7,55,"Hindu","Female","Rural"
48,24025,10,36,"Hindu","Male","Rural"
49,47710,9,48,"Hindu","Male","Rural"
50,61317,15,46,"Hindu","Male","Urban"
51,694,4,40,"Hindu","Female","Rural"
52,2566,0,33,"Hindu","Male","Rural"
53,3823,0,18,"Hindu","Female","Rural"
54,8596,2,39,"Muslim","Male","Rural"
55,41265,2,29,"Hindu","Male","Rural"
56,26622,8,40,"Hindu","Male","Rural"
57,62260,0,45,"Hindu","Female","Urban"
58,15380,0,43,"Hindu","Male","Rural"
59,23049,9,21,"Hindu","Male","Rural"
60,61829,8,48,"Hindu","Female","Urban"
61,162744,15,56,"Christian","Male","Rural"
62,32708,0,40,"Hindu","Male","Rural"
63,37784,7,40,"Hindu","Male","Urban"
64,10311,0,18,"Hindu","Male","Rural"
65,18447,11,33,"Hindu","Male","Rural"
66,11205,6,39,"Hindu","Male","Urban"
67,22779,0,48,"Christian","Male","Rural"
68,6348,1,45,"Hindu","Male","Rural"
69,56120,0,55,"Hindu","Female","Rural"
70,5889,4,19,"Hindu","Female","Rural"
71,416919,9,30,"Hindu","Male","Rural"
72,12384,10,40,"Hindu","Female","Rural"
73,14263,9,39,"Muslim","Male","Rural"
74,5723,2,45,"Muslim","Male","Rural"
75,15843,0,53,"Muslim","Male","Rural"
76,85604,15,28,"Hindu","Female","Urban"
77,68793,0,55,"Hindu","Female","Urban"
78,5468,0,51,"Hindu","Female","Rural"
79,31109,2,37,"Hindu","Male","Rural"
80,75720,9,38,"Hindu","Male","Rural"
81,1345,5,40,"Sikh","Male","Rural"
82,19609,5,46,"Muslim","Male","Rural"
83,305709,11,39,"Hindu","Male","Urban"
84,116083,12,56,"Hindu","Male","Rural"
85,28313,11,35,"Hindu","Female","Rural"
86,3758,1,40,"Hindu","Male","Rural"
87,48194,2,43,"Hindu","Male","Rural"
88,14611,3,57,"Hindu","Female","Rural"
89,16378,0,40,"Hindu","Male","Rural"
90,15090,5,41,"Hindu","Female","Rural"
91,40219,5,39,"Hindu","Female","Rural"
92,53971,0,53,"Hindu","Male","Rural"
93,48541,15,28,"Hindu","Male","Rural"
94,21421,10,43,"Hindu","Female","Rural"
95,24332,2,62,"Hindu","Male","Rural"
96,20039,5,33,"Hindu","Male","Rural"
97,44827,1,39,"Hindu","Male","Rural"
98,16176,0,19,"Hindu","Female","Rural"
99,9917,0,57,"Hindu","Male","Rural"
100,42164,10,21,"Hindu","Male","Urban"
101,44656,11,52,"Hindu","Male","Rural"
102,11418,1,38,"Hindu","Male","Rural"
103,12747,12,40,"Hindu","Male","Rural"
104,7047,0,31,"Hindu","Female","Rural"
105,5930,9,48,"Hindu","Female","Rural"
106,260276,15,40,"Hindu","Male","Urban"
107,6435,8,38,"Hindu","Male","Urban"
108,185788,12,44,"Muslim","Female","Rural"
109,17011,7,42,"Hindu","Male","Rural"
110,7535,0,30,"Hindu","Female","Rural"
111,6283,0,29,"Hindu","Female","Rural"
112,8482,2,18,"Hindu","Female","Rural"
113,25995,9,58,"Hindu","Male","Rural"
114,45884,1,52,"Hindu","Male","Rural"
115,10723,0,42,"Hindu","Male","Rural"
116,52392,6,18,"Tribal","Male","Rural"
117,12297,1,43,"Hindu","Male","Rural"
118,10535,5,31,"Hindu","Female","Rural"
119,39960,11,28,"Muslim","Male","Urban"
120,17328,15,45,"Hindu","Male","Urban"
121,58405,0,36,"Hindu","Male","Rural"
122,17122,9,39,"Hindu","Female","Rural"
123,92744,7,18,"Hindu","Male","Urban"
124,28942,0,55,"Hindu","Male","Rural"
125,10592,0,46,"Hindu","Male","Rural"
126,24706,5,37,"Sikh","Female","Rural"
127,56028,1,55,"Hindu","Male","Rural"
128,58303,1,43,"Hindu","Male","Rural"
129,9595,0,38,"Hindu","Female","Rural"
130,53728,0,44,"Hindu","Male","Rural"
131,22808,0,18,"Hindu","Male","Rural"
132,85445,8,56,"Hindu","Male","Rural"
133,16558,3,47,"Hindu","Male","Rural"
134,22110,0,30,"Hindu","Female","Rural"
135,2981,15,21,"Hindu","Female","Rural"
136,30065,0,59,"Hindu","Male","Rural"
137,58948,11,20,"Hindu","Male","Rural"
138,72422,7,58,"Hindu","Male","Rural"
139,142023,10,29,"Hindu","Male","Rural"
140,23354,7,27,"Hindu","Female","Rural"
141,30542,0,19,"Hindu","Male","Rural"
142,12603,15,30,"Hindu","Male","Urban"
143,67824,7,65,"Hindu","Male","Rural"
144,138635,7,52,"Hindu","Female","Rural"
145,134084,14,18,"Hindu","Male","Urban"
146,94236,15,36,"Hindu","Male","Rural"
147,18279,12,51,"Hindu","Female","Rural"
148,42238,1,20,"Muslim","Male","Rural"
149,443300,7,57,"Hindu","Male","Urban"
150,67619,15,44,"Sikh","Male","Rural"
151,74544,5,18,"Christian","Male","Urban"
152,52570,10,42,"Tribal","Female","Urban"
153,61332,7,43,"Hindu","Male","Rural"
154,4414,1,43,"Muslim","Female","Rural"
155,41367,7,31,"Hindu","Male","Rural"
156,991453,8,31,"Sikh","Male","Rural"
157,52129,0,45,"Hindu","Male","Urban"
158,45588,12,34,"Hindu","Male","Rural"
159,10493,0,65,"Hindu","Male","Rural"
160,4127,0,50,"Hindu","Male","Rural"
161,20073,0,26,"Hindu","Male","Rural"
162,12710,13,35,"Hindu","Male","Rural"
163,33629,5,31,"Hindu","Male","Rural"
164,35525,1,38,"Hindu","Male","Urban"
165,20769,9,52,"Hindu","Male","Rural"
166,32404,5,27,"Christian","Male","Urban"
167,1399,3,23,"Hindu","Female","Rural"
168,36504,3,30,"Hindu","Female","Rural"
169,33382,7,39,"Hindu","Male","Rural"
170,16103,0,41,"Hindu","Male","Rural"
171,76718,4,52,"Muslim","Male","Rural"
172,6248,5,47,"Muslim","Female","Rural"
173,127550,14,47,"Christian","Female","Rural"
174,4655,6,34,"Hindu","Female","Rural"
175,35508,5,35,"Hindu","Male","Rural"
176,31625,0,36,"Muslim","Male","Urban"
177,6495,2,29,"Hindu","Male","Urban"
178,191468,0,51,"Hindu","Male","Rural"
179,16244,0,48,"Hindu","Male","Rural"
180,204965,14,31,"Hindu","Male","Rural"
181,19983,1,43,"Muslim","Male","Rural"
182,193876,15,43,"Hindu","Female","Urban"
183,649221,0,50,"Christian","Male","Rural"
184,68890,0,44,"Sikh","Male","Rural"
185,44181,0,26,"Hindu","Male","Rural"
186,4209,0,42,"Hindu","Male","Rural"
187,64069,0,51,"Hindu","Male","Rural"
188,23924,6,24,"Hindu","Male","Rural"
189,12452,6,27,"Hindu","Male","Rural"
190,46373,5,43,"Hindu","Male","Urban"
191,24858,0,38,"Hindu","Female","Urban"
192,9325,9,50,"Hindu","Female","Rural"
193,46254,3,44,"Hindu","Male","Rural"
194,26196,0,53,"Hindu","Male","Rural"
195,278381,15,47,"Sikh","Male","Urban"
196,1758,4,65,"Hindu","Female","Rural"
197,51011,4,42,"Hindu","Male","Rural"
198,1965,0,52,"Hindu","Female","Rural"
199,121956,15,41,"Tribal","Male","Urban"
200,1812,0,33,"Hindu","Female","Rural"
201,12690,0,46,"Hindu","Female","Rural"
202,89446,13,46,"Hindu","Male","Urban"
203,19395,0,26,"Hindu","Male","Rural"
204,58667,0,46,"Hindu","Male","Rural"
205,19335,10,33,"Hindu","Female","Urban"
206,82710,11,40,"Hindu","Male","Rural"
207,83285,8,31,"Hindu","Male","Rural"
208,8588,0,31,"Hindu","Female","Rural"
209,32165,5,65,"Muslim","Female","Rural"
210,259318,14,48,"Hindu","Male","Urban"
211,7213,9,35,"Hindu","Female","Rural"
212,16750,13,48,"Hindu","Male","Rural"
213,23966,10,36,"Hindu","Male","Rural"
214,7252,1,18,"Hindu","Male","Rural"
215,721576,5,34,"Hindu","Male","Urban"
216,6757,14,43,"Muslim","Female","Rural"
217,5272,13,35,"Hindu","Female","Rural"
218,112835,3,42,"Muslim","Male","Rural"
219,4950,6,35,"Hindu","Female","Rural"
220,41594,0,40,"Muslim","Male","Urban"
221,113752,0,64,"Muslim","Male","Rural"
222,54321,14,36,"Muslim","Male","Rural"
223,34841,0,35,"Hindu","Male","Urban"
224,4803,0,20,"Hindu","Male","Rural"
225,32884,9,36,"Hindu","Male","Rural"
226,16026,8,29,"Hindu","Female","Urban"
227,50524,11,31,"Muslim","Female","Urban"
228,8598,1,47,"Hindu","Female","Rural"
229,83505,1,31,"Sikh","Male","Rural"
230,3397,0,44,"Hindu","Male","Rural"
231,5143,4,32,"Hindu","Female","Rural"
232,17143,9,45,"Hindu","Male","Urban"
233,2454,6,35,"Hindu","Female","Rural"
234,90324,12,35,"Hindu","Male","Urban"
235,113591,15,58,"Christian","Male","Rural"
236,42850,0,23,"Hindu","Male","Rural"
237,27964,5,60,"Hindu","Male","Urban"
238,9600,5,52,"Muslim","Female","Rural"
239,53462,15,32,"Hindu","Male","Urban"
240,7542,1,34,"Muslim","Male","Rural"
241,5455,0,46,"Hindu","Female","Rural"
242,16427,15,31,"Sikh","Male","Rural"
243,4491,9,32,"Hindu","Female","Rural"
244,17573,7,25,"Hindu","Male","Rural"
245,116481,12,26,"Hindu","Female","Urban"
246,51862,9,47,"Hindu","Male","Urban"
247,14859,0,28,"Muslim","Male","Rural"
248,5491,0,38,"Hindu","Female","Rural"
249,135748,15,39,"Hindu","Female","Urban"
250,23993,3,50,"Hindu","Male","Rural"
251,54422,7,18,"Hindu","Female","Rural"
252,144863,6,32,"Hindu","Male","Urban"
253,3010,4,45,"Hindu","Male","Rural"
254,6218,2,57,"Hindu","Male","Rural"
255,41489,8,32,"Hindu","Male","Rural"
256,66331,0,54,"Hindu","Female","Urban"
257,40078,4,39,"Hindu","Male","Rural"
258,11159,6,28,"Tribal","Male","Rural"
259,4671,5,37,"Hindu","Female","Rural"
260,83545,4,47,"Muslim","Male","Rural"
261,27326,3,40,"Hindu","Male","Rural"
262,64058,2,37,"Hindu","Male","Rural"
263,7224,7,21,"Hindu","Male","Rural"
264,5310,0,18,"Hindu","Male","Rural"
265,9022,0,30,"Christian","Male","Rural"
266,26303,0,47,"Hindu","Male","Urban"
267,10029,2,29,"Hindu","Female","Rural"
268,21136,7,54,"Christian","Female","Rural"
269,57114,13,25,"Hindu","Female","Rural"
270,78711,6,44,"Hindu","Male","Urban"
271,8343,1,31,"Hindu","Male","Urban"
272,19069,0,29,"Sikh","Male","Rural"
273,98350,7,38,"Muslim","Male","Rural"
274,8547,1,39,"Hindu","Male","Rural"
275,15773,10,34,"Sikh","Female","Rural"
276,6534,12,32,"Hindu","Male","Rural"
277,15675,5,18,"Hindu","Male","Urban"
278,41471,0,34,"Hindu","Male","Rural"
279,12505,2,39,"Muslim","Female","Rural"
280,6008,0,42,"Hindu","Male","Rural"
281,193431,9,40,"Hindu","Male","Urban"
282,113138,4,42,"Hindu","Male","Rural"
283,20940,5,61,"Hindu","Female","Rural"
284,15321,3,24,"Christian","Male","Rural"
285,14173,7,26,"Hindu","Male","Urban"
286,16283,7,46,"Hindu","Female","Rural"
287,46721,14,55,"Muslim","Female","Rural"
288,4603,0,42,"Hindu","Male","Rural"
289,36972,3,40,"Hindu","Male","Rural"
290,218917,15,53,"Hindu","Female","Urban"
291,39685,5,21,"Muslim","Female","Rural"
292,5231,3,54,"Hindu","Female","Rural"
293,32195,6,46,"Hindu","Male","Rural"
294,15758,14,31,"Hindu","Male","Urban"
295,9590,0,36,"Hindu","Male","Rural"
296,182721,8,58,"Hindu","Male","Rural"
297,14566,8,29,"Hindu","Female","Urban"
298,25752,10,55,"Hindu","Male","Rural"
299,12413,15,65,"Hindu","Male","Urban"
300,68152,15,50,"Hindu","Female","Rural"
301,31462,7,59,"Hindu","Male","Rural"
302,373116,11,29,"Muslim","Male","Urban"
303,33288,10,32,"Hindu","Male","Rural"
304,9292,3,42,"Hindu","Female","Rural"
305,185226,5,54,"Hindu","Male","Urban"
306,3732,0,45,"Muslim","Female","Urban"
307,5682,12,26,"Muslim","Female","Urban"
308,84383,2,31,"Hindu","Male","Rural"
309,17235,0,57,"Hindu","Male","Rural"
310,12434,2,47,"Hindu","Male","Rural"
311,12039,0,43,"Hindu","Female","Rural"
312,8218,1,31,"Hindu","Female","Urban"
313,395970,15,20,"Hindu","Female","Rural"
314,9901,10,18,"Hindu","Female","Rural"
315,40683,1,44,"Hindu","Female","Rural"
316,48354,8,48,"Hindu","Male","Urban"
317,22484,1,50,"Muslim","Male","Urban"
318,129102,15,21,"Hindu","Male","Urban"
319,119520,4,18,"Muslim","Male","Urban"
320,101445,3,41,"Christian","Female","Rural"
321,4616,0,31,"Hindu","Male","Rural"
322,13992,8,38,"Hindu","Male","Rural"
323,35741,9,54,"Hindu","Male","Rural"
324,21937,3,46,"Sikh","Male","Rural"
325,42261,15,30,"Hindu","Female","Rural"
326,19751,4,48,"Hindu","Female","Rural"
327,928,6,27,"Hindu","Female","Rural"
328,53719,6,54,"Hindu","Male","Urban"
329,2446,0,32,"Hindu","Male","Rural"
330,92409,7,29,"Hindu","Male","Urban"
331,54723,15,45,"Hindu","Female","Rural"
332,18612,3,41,"Hindu","Female","Rural"
333,77229,15,62,"Sikh","Female","Rural"
334,10292,7,36,"Hindu","Male","Rural"
335,5232,0,18,"Hindu","Female","Rural"
336,41931,8,41,"Hindu","Male","Rural"
337,152388,14,64,"Hindu","Female","Rural"
338,19450,6,33,"Hindu","Male","Rural"
339,56012,7,43,"Hindu","Female","Rural"
340,62863,11,63,"Hindu","Male","Rural"
341,23213,2,50,"Hindu","Male","Urban"
342,5853,0,47,"Hindu","Male","Rural"
343,102687,9,43,"Hindu","Male","Urban"
344,147872,15,33,"Hindu","Female","Rural"
345,235634,10,42,"Hindu","Male","Urban"
346,77637,5,33,"Hindu","Male","Urban"
347,31453,15,27,"Hindu","Female","Rural"
348,10465,0,38,"Muslim","Male","Rural"
349,125567,5,56,"Hindu","Male","Urban"
350,37483,14,47,"Hindu","Male","Rural"
351,6800,0,27,"Sikh","Female","Rural"
352,2118,7,37,"Hindu","Female","Rural"
353,30153,6,36,"Muslim","Male","Rural"
354,34836,0,32,"Hindu","Male","Urban"
355,7611,3,36,"Hindu","Male","Rural"
356,45683,4,45,"Hindu","Male","Urban"
357,4836,3,55,"Hindu","Female","Rural"
358,32451,7,45,"Hindu","Male","Rural"
359,7238,4,46,"Hindu","Female","Rural"
360,5457,0,23,"Hindu","Female","Rural"
361,174929,14,34,"Hindu","Male","Urban"
362,69478,15,65,"Hindu","Male","Rural"
363,11006,1,37,"Hindu","Male","Urban"
364,100808,5,27,"Hindu","Female","Rural"
365,77520,4,27,"Hindu","Male","Urban"
366,24090,15,42,"Hindu","Female","Urban"
367,24182,10,42,"Hindu","Male","Rural"
368,11683,1,50,"Hindu","Male","Rural"
369,73028,15,40,"Hindu","Male","Urban"
370,225444,9,26,"Hindu","Female","Rural"
371,28508,1,30,"Hindu","Male","Rural"
372,24066,10,51,"Muslim","Female","Rural"
373,5258,0,30,"Hindu","Male","Rural"
374,17501,1,30,"Hindu","Male","Rural"
375,83452,0,31,"Hindu","Female","Rural"
376,25575,7,34,"Hindu","Male","Urban"
377,666490,11,19,"Hindu","Male","Urban"
378,8665,0,37,"Hindu","Male","Rural"
379,14978,0,47,"Hindu","Male","Rural"
380,37616,2,50,"Hindu","Male","Rural"
381,32623,4,49,"Hindu","Male","Rural"
382,10940,0,42,"Muslim","Female","Rural"
383,16469,4,28,"Hindu","Male","Rural"
384,10682,3,36,"Hindu","Female","Rural"
385,230917,15,57,"Hindu","Male","Rural"
386,17200,6,26,"Hindu","Male","Rural"
387,78931,3,47,"Muslim","Male","Urban"
388,6883,0,30,"Hindu","Male","Rural"
389,54656,12,64,"Christian","Male","Rural"
390,73594,15,47,"Hindu","Female","Urban"
391,41979,13,44,"Hindu","Male","Rural"
392,27659,15,48,"Hindu","Female","Rural"
393,95405,15,22,"Hindu","Male","Urban"
394,35412,1,30,"Hindu","Male","Rural"
395,14702,4,37,"Hindu","Male","Rural"
396,117009,11,33,"Hindu","Female","Urban"
397,24129,7,39,"Hindu","Female","Urban"
398,67667,11,29,"Hindu","Male","Urban"
399,5228,1,38,"Hindu","Male","Rural"
400,9855,15,38,"Muslim","Male","Rural"
401,427516,15,36,"Hindu","Female","Urban"
402,19419,6,52,"Hindu","Male","Rural"
403,8302,1,53,"Hindu","Male","Rural"
404,3363,2,32,"Hindu","Female","Rural"
405,7746,6,31,"Hindu","Male","Rural"
406,28783,10,36,"Hindu","Male","Rural"
407,10951,11,41,"Tribal","Male","Rural"
408,73111,7,32,"Hindu","Male","Urban"
409,45653,14,61,"Hindu","Male","Rural"
410,380956,15,44,"Hindu","Female","Urban"
411,7938,2,38,"Hindu","Female","Rural"
412,6724,9,20,"Hindu","Female","Rural"
413,21613,14,38,"Hindu","Female","Urban"
414,364794,15,36,"Hindu","Male","Urban"
415,6433,1,48,"Muslim","Female","Rural"
416,11689,0,33,"Buddhist","Male","Rural"
417,6185,6,27,"Hindu","Male","Rural"
418,7516,6,18,"Hindu","Male","Rural"
419,46022,15,54,"Hindu","Male","Urban"
420,71283,12,23,"Hindu","Male","Urban"
421,69825,6,30,"Muslim","Male","Rural"
422,18490,4,58,"Hindu","Male","Urban"
423,157236,2,29,"Muslim","Male","Rural"
424,19853,0,54,"Hindu","Male","Rural"
425,5987,4,20,"Muslim","Female","Rural"
426,38665,12,24,"Hindu","Female","Rural"
427,135141,15,41,"Hindu","Male","Rural"
428,46010,0,33,"Hindu","Male","Rural"
429,29585,0,42,"Hindu","Female","Rural"
430,24932,6,25,"Hindu","Male","Rural"
431,14160,1,61,"Hindu","Male","Urban"
432,14901,15,29,"Hindu","Female","Rural"
433,58865,4,39,"Hindu","Male","Rural"
434,75598,4,42,"Hindu","Male","Rural"
435,23096,0,30,"Hindu","Male","Rural"
436,4770,0,22,"Hindu","Female","Rural"
437,38673,4,32,"Hindu","Male","Rural"
438,11524,4,32,"Hindu","Male","Urban"
439,8349,2,25,"Hindu","Male","Rural"
440,10880,0,48,"Muslim","Female","Rural"
441,25909,1,31,"Hindu","Female","Urban"
442,16679,0,44,"Hindu","Female","Rural"
443,14638,10,51,"Muslim","Female","Rural"
444,71093,4,30,"Hindu","Male","Urban"
445,34151,0,52,"Hindu","Female","Rural"
446,20869,3,33,"Hindu","Male","Rural"
447,9320,4,41,"Muslim","Male","Rural"
448,36068,15,51,"Hindu","Male","Rural"
449,43127,7,34,"Hindu","Male","Rural"
450,13556,5,30,"Hindu","Male","Rural"
451,107742,4,35,"Hindu","Male","Urban"
452,25612,0,49,"Muslim","Female","Rural"
453,161120,0,39,"Hindu","Male","Urban"
454,25799,6,40,"Hindu","Female","Rural"
455,63334,9,34,"Hindu","Male","Rural"
456,20107,5,42,"Hindu","Male","Rural"
457,34607,0,33,"Hindu","Male","Rural"
458,45194,14,54,"Hindu","Male","Rural"
459,10646,7,48,"Hindu","Male","Rural"
460,4895,6,65,"Muslim","Female","Rural"
461,10516,2,33,"Hindu","Male","Rural"
462,160698,15,42,"Hindu","Male","Urban"
463,144615,0,32,"Hindu","Male","Rural"
464,19686,0,63,"Hindu","Male","Rural"
465,12649,8,38,"Hindu","Female","Rural"
466,723888,15,38,"Hindu","Male","Urban"
467,22266,11,60,"Hindu","Female","Rural"
468,301885,12,52,"Christian","Male","Urban"
469,108336,15,36,"Christian","Female","Urban"
470,13982,9,64,"Hindu","Female","Rural"
471,53134,0,41,"Hindu","Female","Urban"
472,20100,15,22,"Hindu","Male","Rural"
473,64620,8,41,"Hindu","Male","Urban"
474,30277,4,24,"Hindu","Male","Urban"
475,3436,2,22,"Hindu","Female","Rural"
476,22177,5,32,"Hindu","Male","Rural"
477,18499,5,39,"Hindu","Male","Rural"
478,8925,7,40,"Hindu","Male","Rural"
479,62977,12,26,"Hindu","Male","Rural"
480,3945,1,37,"Hindu","Male","Rural"
481,31049,15,41,"Hindu","Female","Rural"
482,9834,11,40,"Hindu","Male","Rural"
483,5616,2,35,"Hindu","Male","Rural"
484,9968,6,64,"Hindu","Female","Rural"
485,11358,2,32,"Hindu","Male","Rural"
486,99986,1,24,"Hindu","Male","Rural"
487,49729,0,29,"Muslim","Male","Rural"
488,10514,2,55,"Hindu","Male","Rural"
489,13563,5,49,"Hindu","Male","Rural"
490,13544,3,55,"Hindu","Male","Rural"
491,25793,0,57,"Hindu","Male","Rural"
492,4631,0,36,"Hindu","Male","Rural"
493,29529,11,31,"Hindu","Male","Rural"
494,49048,7,34,"Hindu","Male","Urban"
495,4554,7,28,"Hindu","Female","Rural"
496,16819,0,38,"Hindu","Male","Rural"
497,71387,9,51,"Hindu","Male","Rural"
498,24665,0,50,"Hindu","Male","Urban"
499,55665,6,38,"Hindu","Male","Rural"
500,366980,7,31,"Hindu","Male","Rural"
501,157900,14,36,"Hindu","Male","Urban"
502,59741,6,41,"Hindu","Male","Urban"
503,29683,1,59,"Hindu","Male","Rural"
504,66037,3,30,"Buddhist","Male","Urban"
505,40048,0,34,"Hindu","Female","Rural"
506,24785,0,43,"Hindu","Male","Rural"
507,15668,0,18,"Hindu","Female","Rural"
508,14126,4,44,"Hindu","Female","Rural"
509,47045,0,48,"Hindu","Male","Rural"
510,93383,15,24,"Hindu","Male","Urban"
511,273930,15,26,"Muslim","Male","Urban"
512,21179,7,25,"Muslim","Male","Rural"
513,5725,0,53,"Muslim","Male","Rural"
514,19832,9,52,"Hindu","Male","Rural"
515,87643,0,44,"Hindu","Male","Rural"
516,13236,0,48,"Hindu","Female","Rural"
517,23922,6,35,"Hindu","Male","Rural"
518,35491,11,29,"Hindu","Male","Urban"
519,50107,7,50,"Hindu","Male","Rural"
520,4800,1,43,"Muslim","Male","Rural"
521,2213,2,22,"Christian","Female","Rural"
522,266442,7,36,"Hindu","Male","Rural"
523,24871,2,54,"Hindu","Male","Urban"
524,25187,0,36,"Hindu","Male","Rural"
525,65242,0,45,"Hindu","Male","Rural"
526,80534,10,18,"Hindu","Male","Rural"
527,17426,5,38,"Hindu","Male","Rural"
528,21458,5,39,"Hindu","Male","Rural"
529,10861,0,55,"Hindu","Male","Rural"
530,38764,15,48,"Hindu","Female","Urban"
531,54030,0,40,"Hindu","Female","Urban"
532,15215,0,36,"Hindu","Male","Rural"
533,3492,0,45,"Sikh","Female","Rural"
534,68475,0,35,"Hindu","Male","Rural"
535,30159,10,37,"Christian","Male","Rural"
536,17290,4,46,"Hindu","Male","Rural"
537,24917,5,49,"Sikh","Male","Rural"
538,46577,0,51,"Sikh","Male","Urban"
539,17534,0,43,"Hindu","Female","Rural"
540,932,2,65,"Hindu","Female","Rural"
541,17817,7,32,"Hindu","Male","Rural"
542,6636,2,51,"Hindu","Male","Rural"
543,17308,8,27,"Buddhist","Male","Rural"
544,24063,6,34,"Hindu","Male","Rural"
545,35003,11,59,"Hindu","Male","Urban"
546,71174,13,24,"Hindu","Male","Rural"
547,67328,11,41,"Hindu","Male","Urban"
548,1255,3,34,"Hindu","Female","Rural"
549,29772,0,28,"Hindu","Female","Urban"
550,117247,0,51,"Hindu","Male","Urban"
551,124647,12,51,"Hindu","Male","Urban"
552,134523,15,36,"Hindu","Male","Urban"
553,6795,11,46,"Hindu","Male","Rural"
554,38863,5,42,"Hindu","Male","Rural"
555,220090,10,19,"Hindu","Male","Urban"
556,3395,5,32,"Hindu","Female","Rural"
557,6142,9,30,"Hindu","Female","Rural"
558,9731,8,31,"Hindu","Male","Rural"
559,1242,2,25,"Hindu","Female","Rural"
560,37234,8,32,"Hindu","Male","Urban"
561,20092,2,41,"Hindu","Male","Rural"
562,45799,10,54,"Hindu","Female","Rural"
563,5095,0,35,"Hindu","Female","Rural"
564,6469,4,37,"Sikh","Female","Rural"
565,8361,0,18,"Hindu","Male","Rural"
566,1068351,14,40,"Hindu","Male","Urban"
567,115354,3,43,"Hindu","Male","Urban"
568,22386,8,25,"Hindu","Male","Urban"
569,56476,12,65,"Hindu","Male","Rural"
570,47819,9,42,"Hindu","Male","Rural"
571,32410,0,49,"Muslim","Male","Rural"
572,4425,4,28,"Hindu","Male","Rural"
573,14599,7,44,"Hindu","Male","Rural"
574,29934,9,35,"Sikh","Male","Rural"
575,94582,15,46,"Hindu","Male","Rural"
576,23922,15,55,"Hindu","Female","Urban"
577,15528,0,41,"Hindu","Male","Rural"
578,121492,3,40,"Hindu","Male","Urban"
579,115410,0,43,"Hindu","Male","Rural"
580,55710,9,41,"Hindu","Male","Rural"
581,36268,10,30,"Hindu","Male","Rural"
582,30955,0,32,"Hindu","Male","Rural"
583,38801,15,51,"Hindu","Female","Urban"
584,3574,0,40,"Hindu","Female","Rural"
585,9886,0,39,"Hindu","Male","Rural"
586,40217,1,37,"Hindu","Male","Urban"
587,22005,0,49,"Hindu","Female","Rural"
588,28889,0,30,"Hindu","Male","Rural"
589,9432,1,47,"Muslim","Male","Rural"
590,61519,0,25,"Hindu","Male","Rural"
591,6296,0,23,"Hindu","Male","Rural"
592,24872,15,49,"Hindu","Male","Urban"
593,5165,5,45,"Hindu","Female","Rural"
594,61086,1,33,"Hindu","Female","Urban"
595,5265,0,58,"Hindu","Female","Rural"
596,38648,1,46,"Sikh","Male","Rural"
597,74655,5,18,"Hindu","Male","Rural"
598,81427,8,53,"Hindu","Male","Urban"
599,26056,4,18,"Muslim","Male","Urban"
600,89907,0,33,"Hindu","Male","Urban"
601,31980,0,58,"Hindu","Female","Rural"
602,131987,14,45,"Christian","Male","Rural"
603,5589,5,38,"Hindu","Male","Rural"
604,113973,7,31,"Hindu","Male","Rural"
605,8837,1,32,"Hindu","Male","Urban"
606,9773,8,35,"Hindu","Female","Rural"
607,157636,2,65,"Hindu","Male","Urban"
608,303416,6,40,"Muslim","Male","Rural"
609,9992,0,47,"Hindu","Male","Rural"
610,9962,0,42,"Hindu","Female","Rural"
611,8914,7,35,"Hindu","Female","Rural"
612,23172,9,27,"Hindu","Male","Rural"
613,5605,3,29,"Hindu","Male","Rural"
614,13761,1,54,"Hindu","Male","Rural"
615,16944,7,37,"Hindu","Male","Rural"
616,22011,9,52,"Hindu","Male","Urban"
617,4012,1,18,"Hindu","Female","Rural"
618,22364,0,41,"Hindu","Male","Rural"
619,20611,0,34,"Hindu","Male","Urban"
620,91858,6,46,"Hindu","Male","Rural"
621,14667,0,30,"Muslim","Female","Urban"
622,5643,3,18,"Muslim","Male","Rural"
623,7584,15,53,"Hindu","Female","Urban"
624,10339,6,41,"Christian","Male","Rural"
625,29942,4,37,"Hindu","Female","Urban"
626,9828,0,36,"Hindu","Male","Rural"
627,33459,0,45,"Hindu","Male","Rural"
628,27605,0,45,"Christian","Male","Rural"
629,27768,6,44,"Hindu","Male","Rural"
630,9508,6,49,"Hindu","Female","Rural"
631,6519,2,29,"Muslim","Male","Urban"
632,10122,4,29,"Hindu","Male","Urban"
633,6687,1,31,"Hindu","Female","Rural"
634,72217,10,36,"Hindu","Male","Rural"
635,13509,8,18,"Hindu","Male","Rural"
636,732,0,39,"Hindu","Male","Rural"
637,5536,4,62,"Hindu","Female","Rural"
638,14569,3,28,"Hindu","Male","Urban"
639,12684,0,45,"Hindu","Male","Rural"
640,12381,5,34,"Hindu","Male","Rural"
641,13225,7,55,"Hindu","Male","Rural"
642,17851,10,36,"Hindu","Male","Rural"
643,19846,8,36,"Hindu","Female","Rural"
644,185132,5,61,"Hindu","Male","Rural"
645,897,13,49,"Hindu","Female","Rural"
646,16638,0,27,"Hindu","Male","Urban"
647,99428,15,36,"Hindu","Male","Rural"
648,45557,7,37,"Hindu","Male","Rural"
649,38792,10,24,"Muslim","Male","Rural"
650,3933,0,42,"Hindu","Male","Rural"
651,29483,0,36,"Hindu","Male","Rural"
652,1594,0,39,"Hindu","Female","Rural"
653,7588,5,65,"Hindu","Male","Urban"
654,30989,10,30,"Hindu","Male","Rural"
655,1892,0,49,"Muslim","Female","Rural"
656,23956,0,40,"Hindu","Female","Urban"
657,46192,10,37,"Hindu","Male","Rural"
658,10778,6,40,"Muslim","Female","Rural"
659,133830,15,51,"Christian","Male","Rural"
660,7211,13,34,"Hindu","Female","Rural"
661,24730,8,42,"Hindu","Male","Rural"
662,56826,4,49,"Hindu","Male","Urban"
663,32859,8,59,"Hindu","Male","Rural"
664,22191,14,32,"Hindu","Male","Rural"
665,2451,0,38,"Hindu","Female","Rural"
666,23296,2,51,"Hindu","Male","Rural"
667,145738,9,34,"Hindu","Male","Rural"
668,4206,0,53,"Hindu","Female","Rural"
669,12497,2,29,"Hindu","Male","Rural"
670,29822,0,30,"Hindu","Male","Rural"
671,3141,2,26,"Muslim","Female","Rural"
672,43805,6,51,"Hindu","Female","Rural"
673,21401,5,18,"Hindu","Male","Rural"
674,19643,12,59,"Hindu","Male","Rural"
675,11702,4,25,"Muslim","Female","Rural"
676,7785,9,46,"Hindu","Male","Rural"
677,915,6,42,"Hindu","Female","Rural"
678,12874,10,38,"Hindu","Male","Rural"
679,28199,15,18,"Buddhist","Male","Rural"
680,31559,2,32,"Hindu","Female","Rural"
681,20094,5,47,"Muslim","Female","Urban"
682,11028,3,36,"Hindu","Female","Rural"
683,14674,10,27,"Hindu","Female","Urban"
684,61314,0,32,"Muslim","Male","Urban"
685,55068,3,59,"Hindu","Male","Urban"
686,97716,14,25,"Hindu","Male","Urban"
687,14509,0,36,"Hindu","Male","Rural"
688,37634,0,39,"Hindu","Male","Rural"
689,18735,0,44,"Hindu","Female","Rural"
690,23922,7,19,"Hindu","Male","Rural"
691,164804,11,38,"Hindu","Male","Urban"
692,2858,0,61,"Hindu","Male","Rural"
693,12414,0,21,"Muslim","Male","Rural"
694,83984,9,38,"Hindu","Female","Urban"
695,21117,13,40,"Hindu","Male","Rural"
696,8728,6,47,"Muslim","Female","Rural"
697,13861,7,43,"Hindu","Male","Rural"
698,91562,5,28,"Hindu","Male","Urban"
699,19262,6,52,"Hindu","Male","Rural"
700,266808,11,33,"Hindu","Female","Urban"
701,31178,4,56,"Muslim","Male","Rural"
702,255493,6,43,"Hindu","Male","Urban"
703,4945,3,40,"Hindu","Male","Urban"
704,61278,13,52,"Hindu","Female","Rural"
705,11493,0,31,"Hindu","Male","Rural"
706,7580,0,59,"Hindu","Female","Rural"
707,29148,10,47,"Hindu","Male","Urban"
708,111989,0,46,"Christian","Male","Urban"
709,5296,0,33,"Hindu","Male","Rural"
710,92301,5,31,"Hindu","Male","Rural"
711,6566,0,36,"Hindu","Male","Rural"
712,7022,0,62,"Hindu","Female","Rural"
713,754,3,27,"Hindu","Male","Rural"
714,1224,0,41,"Hindu","Male","Rural"
715,8722,0,56,"Hindu","Male","Urban"
716,1675,1,35,"Hindu","Female","Rural"
717,4823,1,44,"Hindu","Male","Urban"
718,18587,7,41,"Hindu","Male","Rural"
719,44567,6,62,"Hindu","Male","Urban"
720,17194,8,18,"Hindu","Male","Rural"
721,5868,0,29,"Hindu","Female","Rural"
722,44444,6,32,"Hindu","Male","Rural"
723,18439,12,54,"Hindu","Female","Urban"
724,7279,10,29,"Hindu","Female","Rural"
725,18034,1,31,"Hindu","Male","Urban"
726,7321,1,40,"Hindu","Male","Rural"
727,183598,7,31,"Hindu","Male","Rural"
728,90779,15,45,"Hindu","Male","Urban"
729,42850,6,29,"Hindu","Female","Rural"
730,16235,6,20,"Hindu","Male","Rural"
731,5469,0,23,"Hindu","Male","Rural"
732,34955,12,31,"Hindu","Male","Urban"
733,34222,2,29,"Tribal","Male","Rural"
734,11041,10,41,"Hindu","Female","Urban"
735,3447,6,18,"Hindu","Male","Rural"
736,19671,9,51,"Hindu","Female","Rural"
737,2230,5,43,"Hindu","Female","Rural"
738,12147,15,30,"Hindu","Female","Rural"
739,13067,2,45,"Hindu","Male","Rural"
740,296674,11,40,"Hindu","Male","Urban"
741,64506,15,34,"Hindu","Male","Urban"
742,36673,5,18,"Hindu","Male","Rural"
743,34088,1,22,"Hindu","Male","Rural"
744,1627,6,39,"Hindu","Male","Rural"
745,8291,6,58,"Hindu","Female","Rural"
746,27654,8,31,"Muslim","Male","Rural"
747,16411,0,23,"Muslim","Male","Urban"
748,21601,4,34,"Hindu","Male","Rural"
749,17200,0,34,"Hindu","Male","Rural"
750,5854,5,47,"Hindu","Female","Urban"
751,4907,0,18,"Hindu","Male","Rural"
752,16137,10,28,"Hindu","Male","Rural"
753,464571,13,27,"Hindu","Male","Rural"
754,110763,0,41,"Sikh","Male","Urban"
755,87504,9,28,"Hindu","Male","Urban"
756,493349,14,64,"Hindu","Male","Urban"
757,47806,11,65,"Hindu","Female","Urban"
758,17105,10,42,"Hindu","Female","Rural"
759,3703,0,47,"Hindu","Female","Rural"
760,44742,0,38,"Hindu","Male","Rural"
761,7258,1,33,"Hindu","Male","Rural"
762,12043,1,48,"Hindu","Female","Rural"
763,52678,5,30,"Hindu","Female","Rural"
764,4046,7,18,"Hindu","Male","Rural"
765,29222,4,40,"Hindu","Male","Rural"
766,7183,3,33,"Christian","Female","Rural"
767,178917,8,22,"Hindu","Female","Urban"
768,50614,0,23,"Muslim","Male","Rural"
769,249022,6,49,"Hindu","Female","Urban"
770,13958,15,31,"Hindu","Male","Rural"
771,2549,0,18,"Hindu","Male","Rural"
772,74618,12,35,"Hindu","Male","Urban"
773,404914,2,56,"Hindu","Male","Urban"
774,23220,5,23,"Hindu","Male","Rural"
775,35868,7,43,"Christian","Male","Rural"
776,144791,6,34,"Hindu","Male","Rural"
777,22041,8,41,"Hindu","Male","Rural"
778,19339,7,50,"Hindu","Female","Rural"
779,9869,3,33,"Hindu","Male","Rural"
780,11963,6,43,"Hindu","Female","Urban"
781,12470,3,53,"Hindu","Female","Urban"
782,2606,0,38,"Hindu","Male","Rural"
783,8699,0,59,"Hindu","Male","Rural"
784,5262,15,39,"Hindu","Male","Rural"
785,13627,5,21,"Hindu","Female","Rural"
786,1557,1,26,"Muslim","Male","Rural"
787,1582,0,33,"Hindu","Male","Rural"
788,10956,0,38,"Hindu","Male","Rural"
789,7439,8,46,"Hindu","Female","Rural"
790,62972,8,53,"Sikh","Male","Urban"
791,62262,13,29,"Hindu","Male","Rural"
792,494092,7,51,"Hindu","Male","Urban"
793,18722,12,53,"Hindu","Male","Rural"
794,35162,0,45,"Hindu","Male","Rural"
795,5482,0,45,"Muslim","Male","Rural"
796,11350,5,18,"Hindu","Male","Rural"
797,3973,0,31,"Hindu","Female","Rural"
798,32840,4,58,"Hindu","Male","Rural"
799,16149,3,43,"Hindu","Male","Urban"
800,7598,0,35,"Buddhist","Male","Rural"
801,10998,5,42,"Muslim","Female","Rural"
802,6387,12,45,"Hindu","Female","Rural"
803,1459,0,30,"Hindu","Female","Rural"
804,145448,8,45,"Christian","Male","Rural"
805,6236,1,51,"Hindu","Male","Rural"
806,4806,7,43,"Hindu","Female","Rural"
807,821,0,34,"Muslim","Male","Rural"
808,153494,7,25,"Hindu","Male","Rural"
809,27939,0,30,"Hindu","Male","Rural"
810,2161,0,26,"Hindu","Female","Rural"
811,162253,15,51,"Hindu","Male","Urban"
812,5466,0,45,"Muslim","Male","Rural"
813,19966,0,18,"Hindu","Male","Urban"
814,1618,3,19,"Hindu","Female","Rural"
815,12884,4,35,"Christian","Female","Rural"
816,19400,0,18,"Hindu","Male","Rural"
817,43412,10,50,"Hindu","Female","Rural"
818,11469,4,43,"Hindu","Male","Urban"
819,200483,15,47,"Hindu","Male","Rural"
820,31599,9,48,"Hindu","Male","Rural"
821,150683,9,41,"Hindu","Male","Rural"
822,609956,9,62,"Hindu","Male","Urban"
823,23647,15,25,"Hindu","Female","Urban"
824,13596,12,51,"Hindu","Female","Urban"
825,65836,7,58,"Hindu","Male","Rural"
826,69012,15,34,"Sikh","Male","Rural"
827,130192,0,45,"Hindu","Female","Rural"
828,23955,0,23,"Muslim","Male","Urban"
829,21272,5,22,"Hindu","Male","Rural"
830,15629,6,23,"Muslim","Male","Rural"
831,7432,5,18,"Muslim","Male","Rural"
832,58533,0,38,"Muslim","Male","Rural"
833,70903,8,29,"Hindu","Female","Rural"
834,8666,0,27,"Hindu","Male","Rural"
835,163292,11,26,"Hindu","Male","Rural"
836,114642,9,65,"Hindu","Male","Urban"
837,4844,2,48,"Hindu","Female","Rural"
838,5161,4,38,"Muslim","Male","Rural"
839,41746,0,60,"Hindu","Male","Rural"
840,3323,0,50,"Hindu","Male","Rural"
841,28578,0,51,"Hindu","Male","Rural"
842,165462,11,54,"Hindu","Male","Urban"
843,93529,14,26,"Muslim","Male","Urban"
844,51893,5,48,"Hindu","Male","Rural"
845,62351,2,55,"Hindu","Female","Urban"
846,76842,4,38,"Hindu","Male","Rural"
847,16331,0,32,"Muslim","Male","Urban"
848,30186,11,36,"Christian","Female","Urban"
849,143127,7,18,"Hindu","Male","Urban"
850,30361,4,21,"Hindu","Male","Rural"
851,4942,2,21,"Hindu","Male","Rural"
852,97306,15,34,"Hindu","Female","Urban"
853,50582,3,38,"Hindu","Male","Urban"
854,3839,0,55,"Hindu","Male","Rural"
855,7990,0,25,"Hindu","Female","Urban"
856,5741,0,18,"Hindu","Male","Rural"
857,79447,9,37,"Christian","Male","Rural"
858,8646,6,33,"Muslim","Male","Rural"
859,9655,0,37,"Hindu","Male","Urban"
860,10666,4,26,"Hindu","Female","Rural"
861,9503,2,51,"Hindu","Male","Rural"
862,41759,13,30,"Hindu","Male","Urban"
863,20234,11,46,"Hindu","Male","Rural"
864,9408,10,37,"Hindu","Female","Rural"
865,74927,13,51,"Hindu","Male","Rural"
866,3614,3,30,"Hindu","Female","Rural"
867,19838,14,50,"Hindu","Female","Urban"
868,20740,0,27,"Hindu","Male","Rural"
869,26218,15,30,"Hindu","Male","Rural"
870,4109,3,41,"Hindu","Male","Rural"
871,40454,15,42,"Hindu","Female","Rural"
872,8511,2,25,"Hindu","Male","Rural"
873,128793,12,39,"Hindu","Male","Urban"
874,5837,13,47,"Hindu","Male","Rural"
875,25196,10,45,"Hindu","Female","Rural"
876,18477,0,35,"Hindu","Male","Rural"
877,6914,0,48,"Hindu","Female","Rural"
878,16259,6,18,"Hindu","Female","Rural"
879,51534,1,35,"Hindu","Male","Rural"
880,25013,3,19,"Hindu","Male","Urban"
881,3377,0,28,"Hindu","Female","Rural"
882,128729,9,65,"Hindu","Male","Rural"
883,23655,7,53,"Hindu","Male","Rural"
884,8697,14,21,"Hindu","Male","Rural"
885,68206,8,31,"Hindu","Male","Rural"
886,87732,7,46,"Hindu","Male","Rural"
887,31064,0,39,"Hindu","Male","Rural"
888,7963,0,31,"Hindu","Male","Rural"
889,39935,3,42,"Hindu","Male","Rural"
890,6538,3,47,"Muslim","Male","Rural"
891,27183,1,45,"Hindu","Male","Rural"
892,3072,3,18,"Hindu","Female","Rural"
893,3694,4,41,"Hindu","Male","Rural"
894,139562,13,65,"Hindu","Female","Rural"
895,16632,0,42,"Hindu","Male","Rural"
896,823,4,29,"Hindu","Female","Rural"
897,19260,0,27,"Hindu","Male","Rural"
898,15036,15,18,"Hindu","Female","Rural"
899,67120,11,36,"Hindu","Male","Urban"
900,9366,10,45,"Hindu","Male","Rural"
901,30929,3,34,"Sikh","Female","Rural"
902,8328,1,20,"Hindu","Female","Rural"
903,49688,15,25,"Hindu","Male","Rural"
904,35792,15,47,"Hindu","Male","Rural"
905,21199,0,38,"Hindu","Male","Rural"
906,17834,9,39,"Muslim","Male","Rural"
907,21368,11,34,"Hindu","Male","Rural"
908,9859,2,40,"Hindu","Male","Rural"
909,61420,0,38,"Hindu","Female","Rural"
910,10463,0,45,"Hindu","Male","Rural"
911,74505,15,34,"Hindu","Male","Urban"
912,5483,0,31,"Hindu","Female","Rural"
913,3272,2,22,"Hindu","Male","Rural"
914,34783,11,43,"Hindu","Female","Rural"
915,18410,5,43,"Hindu","Male","Rural"
916,34947,11,34,"Hindu","Female","Urban"
917,66490,8,44,"Hindu","Male","Rural"
918,10466,15,52,"Hindu","Male","Rural"
919,97217,3,39,"Hindu","Male","Rural"
920,39972,0,45,"Hindu","Male","Rural"
921,20126,3,57,"Hindu","Male","Urban"
922,5737,11,32,"Hindu","Female","Rural"
923,55107,5,26,"Hindu","Male","Urban"
924,10101,0,28,"Hindu","Female","Rural"
925,107296,5,38,"Hindu","Male","Urban"
926,2726,4,18,"Hindu","Female","Rural"
927,48441,3,46,"Hindu","Male","Rural"
928,97863,4,46,"Tribal","Female","Urban"
929,7365,3,47,"Muslim","Male","Rural"
930,3879,5,39,"Hindu","Female","Rural"
931,32010,12,42,"Hindu","Male","Urban"
932,9503,1,27,"Hindu","Male","Urban"
933,49437,14,25,"Hindu","Male","Rural"
934,181361,9,33,"Hindu","Male","Rural"
935,9632,11,28,"Hindu","Female","Rural"
936,6567,0,32,"Hindu","Male","Rural"
937,108691,15,18,"Hindu","Male","Urban"
938,27740,0,29,"Hindu","Male","Rural"
939,1045,2,31,"Muslim","Female","Rural"
940,4834,10,59,"Hindu","Female","Rural"
941,28001,0,41,"Muslim","Male","Rural"
942,32884,9,39,"Hindu","Male","Rural"
943,12524,8,39,"Hindu","Male","Rural"
944,3295,0,26,"Hindu","Male","Rural"
945,41154,10,45,"Hindu","Male","Urban"
946,85370,5,24,"Muslim","Male","Rural"
947,33602,7,45,"Hindu","Male","Rural"
948,8370,0,38,"Muslim","Male","Rural"
949,46678,6,33,"Hindu","Male","Rural"
950,13694,0,38,"Hindu","Male","Rural"
951,3459,2,29,"Hindu","Male","Rural"
952,10102,0,34,"Hindu","Male","Rural"
953,36520,0,34,"Hindu","Male","Rural"
954,8189,8,37,"Hindu","Male","Urban"
955,14043,8,37,"Hindu","Male","Rural"
956,1198,0,32,"Hindu","Female","Rural"
957,17173,5,38,"Hindu","Male","Rural"
958,2165,8,56,"Hindu","Female","Rural"
959,6737,6,26,"Hindu","Male","Rural"
960,17468,6,46,"Hindu","Female","Rural"
961,108817,15,34,"Hindu","Male","Urban"
962,120665,9,45,"Hindu","Female","Urban"
963,42294,10,26,"Muslim","Male","Rural"
964,55941,13,28,"Hindu","Male","Rural"
965,43962,15,53,"Hindu","Male","Rural"
966,1709,0,21,"Hindu","Male","Rural"
967,2162,0,19,"Hindu","Female","Rural"
968,6023,0,51,"Hindu","Female","Rural"
969,6097,5,56,"Hindu","Male","Rural"
970,26903,8,33,"Muslim","Male","Rural"
971,16666,7,33,"Hindu","Male","Rural"
972,1203,11,31,"Hindu","Female","Rural"
973,15940,8,39,"Hindu","Male","Rural"
974,50056,13,48,"Hindu","Male","Rural"
975,20510,11,45,"Hindu","Female","Rural"
976,7626,4,56,"Buddhist","Male","Rural"
977,112451,9,33,"Muslim","Female","Rural"
978,21444,15,40,"Hindu","Male","Rural"
979,64459,8,38,"Sikh","Male","Rural"
980,32195,7,27,"Hindu","Female","Rural"
981,2142,0,54,"Hindu","Male","Urban"
982,20727,5,53,"Hindu","Male","Rural"
983,18912,8,31,"Muslim","Male","Rural"
984,64429,2,32,"Muslim","Male","Rural"
985,56673,4,43,"Hindu","Male","Rural"
986,4294,0,41,"Hindu","Male","Rural"
987,15340,13,35,"Hindu","Female","Urban"
988,6133,0,37,"Hindu","Male","Rural"
989,56930,0,48,"Muslim","Female","Rural"
990,35578,1,43,"Hindu","Male","Rural"
991,15533,3,31,"Hindu","Male","Urban"
992,131633,8,37,"Tribal","Male","Rural"
993,5753,0,39,"Hindu","Male","Rural"
994,27735,6,39,"Hindu","Male","Urban"
995,18969,9,41,"Hindu","Female","Urban"
996,25723,7,39,"Hindu","Male","Urban"
997,80443,6,47,"Hindu","Male","Rural"
998,110829,12,59,"Hindu","Male","Urban"
999,9038,9,28,"Hindu","Female","Rural"
1000,53902,9,27,"Muslim","Male","Urban"
1001,147629,7,39,"Hindu","Male","Rural"
1002,8565,5,44,"Hindu","Male","Rural"
1003,48722,0,41,"Hindu","Male","Rural"
1004,74127,5,49,"Hindu","Male","Rural"
1005,69740,9,63,"Hindu","Female","Urban"
1006,10577,15,30,"Hindu","Male","Rural"
1007,68186,1,36,"Hindu","Male","Urban"
1008,4518,6,31,"Hindu","Female","Rural"
1009,14617,6,35,"Hindu","Male","Rural"
1010,12272,0,54,"Hindu","Male","Rural"
1011,22960,5,49,"Hindu","Male","Rural"
1012,9531,0,33,"Hindu","Female","Urban"
1013,169080,11,39,"Hindu","Male","Urban"
1014,62294,11,31,"Hindu","Male","Urban"
1015,214097,11,44,"Hindu","Male","Urban"
1016,12549,6,48,"Muslim","Male","Rural"
1017,45108,11,35,"Muslim","Female","Rural"
1018,13469,4,18,"Hindu","Male","Rural"
1019,73517,6,35,"Muslim","Male","Rural"
1020,16279,15,22,"Hindu","Female","Urban"
1021,3329,4,35,"Hindu","Female","Rural"
1022,11594,0,35,"Hindu","Male","Rural"
1023,4483,0,32,"Hindu","Male","Rural"
1024,13785,2,42,"Hindu","Male","Rural"
1025,5768,0,36,"Hindu","Male","Rural"
1026,177851,15,32,"Christian","Male","Urban"
1027,21618,0,19,"Hindu","Male","Rural"
1028,16801,0,28,"Hindu","Male","Rural"
1029,6592,0,39,"Hindu","Male","Rural"
1030,3900,0,58,"Hindu","Female","Rural"
1031,11790,0,48,"Hindu","Male","Rural"
1032,47797,1,43,"Hindu","Male","Urban"
1033,19857,0,26,"Hindu","Male","Rural"
1034,44997,3,35,"Hindu","Male","Rural"
1035,30584,9,50,"Hindu","Male","Rural"
1036,10104,1,36,"Hindu","Male","Rural"
1037,92718,15,33,"Hindu","Male","Urban"
1038,36177,0,28,"Sikh","Female","Rural"
1039,5551,1,43,"Hindu","Male","Rural"
1040,55246,6,30,"Hindu","Male","Urban"
1041,2600,0,60,"Hindu","Male","Rural"
1042,6733,10,25,"Hindu","Female","Rural"
1043,119969,8,47,"Hindu","Female","Urban"
1044,71887,0,28,"Hindu","Male","Urban"
1045,39862,2,36,"Sikh","Male","Rural"
1046,130693,14,29,"Hindu","Male","Rural"
1047,3734,0,18,"Hindu","Male","Rural"
1048,37557,1,60,"Hindu","Female","Urban"
1049,2503,8,44,"Christian","Female","Rural"
1050,56230,7,35,"Hindu","Male","Rural"
1051,3771,9,36,"Hindu","Female","Rural"
1052,6683,0,65,"Muslim","Male","Rural"
1053,16369,0,59,"Hindu","Male","Rural"
1054,76063,13,20,"Hindu","Male","Rural"
1055,35027,9,43,"Muslim","Female","Rural"
1056,35330,7,55,"Hindu","Male","Rural"
1057,90849,11,45,"Hindu","Male","Urban"
1058,50109,8,43,"Hindu","Male","Rural"
1059,149918,0,32,"Hindu","Male","Urban"
1060,14512,10,46,"Hindu","Female","Rural"
1061,3253,0,25,"Hindu","Male","Rural"
1062,18134,6,25,"Hindu","Male","Rural"
1063,13718,1,38,"Hindu","Female","Rural"
1064,19231,6,65,"Hindu","Male","Rural"
1065,47738,3,18,"Hindu","Male","Rural"
1066,64084,0,27,"Hindu","Male","Rural"
1067,41654,0,35,"Hindu","Male","Rural"
1068,40622,7,52,"Hindu","Female","Urban"
1069,5965,14,50,"Hindu","Male","Rural"
1070,2662,0,44,"Hindu","Female","Rural"
1071,13582,1,56,"Hindu","Female","Rural"
1072,210545,7,50,"Hindu","Male","Urban"
1073,11346,15,47,"Hindu","Male","Rural"
1074,9727,2,36,"Hindu","Female","Rural"
1075,15276,11,44,"Muslim","Male","Rural"
1076,25918,14,18,"Muslim","Male","Rural"
1077,27977,0,35,"Hindu","Male","Rural"
1078,378425,9,18,"Hindu","Male","Urban"
1079,123020,14,37,"Muslim","Male","Rural"
1080,23994,7,65,"Christian","Male","Rural"
1081,4244,7,39,"Hindu","Female","Rural"
1082,5670,8,19,"Hindu","Male","Urban"
1083,3945,1,51,"Hindu","Male","Rural"
1084,45208,5,46,"Hindu","Male","Rural"
1085,249469,14,26,"Muslim","Male","Urban"
1086,55781,0,38,"Hindu","Male","Rural"
1087,86942,8,18,"Hindu","Male","Rural"
1088,1555,0,30,"Hindu","Male","Rural"
1089,10221,2,42,"Hindu","Male","Rural"
1090,26199,10,31,"Hindu","Male","Rural"
1091,9678,1,38,"Hindu","Female","Rural"
1092,17547,9,33,"Christian","Male","Urban"
1093,19011,8,31,"Hindu","Male","Urban"
1094,63967,7,40,"Hindu","Male","Rural"
1095,2329,0,35,"Hindu","Male","Rural"
1096,3789,3,39,"Hindu","Male","Rural"
1097,52845,4,39,"Hindu","Male","Urban"
1098,5873,0,24,"Hindu","Female","Rural"
1099,86132,9,44,"Muslim","Male","Urban"
1100,13689,8,48,"Hindu","Male","Rural"
1101,9695,3,30,"Buddhist","Male","Rural"
1102,62464,12,37,"Hindu","Male","Rural"
1103,57985,5,38,"Hindu","Male","Rural"
1104,15978,1,50,"Hindu","Female","Rural"
1105,21827,1,28,"Hindu","Male","Rural"
1106,304797,11,35,"Hindu","Male","Urban"
1107,34358,1,24,"Hindu","Female","Rural"
1108,1352,6,18,"Hindu","Female","Rural"
1109,19449,3,32,"Hindu","Male","Urban"
1110,89394,7,40,"Muslim","Male","Rural"
1111,85015,7,38,"Hindu","Male","Rural"
1112,51932,0,46,"Hindu","Male","Rural"
1113,38630,3,47,"Muslim","Male","Rural"
1114,1047,0,42,"Hindu","Female","Rural"
1115,4545,9,48,"Muslim","Male","Urban"
1116,8338,7,54,"Hindu","Male","Rural"
1117,26327,5,29,"Hindu","Female","Rural"
1118,88080,0,59,"Hindu","Male","Rural"
1119,16408,0,29,"Hindu","Male","Rural"
1120,22807,0,36,"Hindu","Male","Rural"
1121,41765,2,32,"Hindu","Male","Urban"
1122,39074,5,45,"Hindu","Male","Rural"
1123,35026,5,34,"Hindu","Male","Rural"
1124,29837,6,32,"Muslim","Male","Rural"
1125,16046,4,44,"Christian","Male","Urban"
1126,19010,0,54,"Hindu","Male","Rural"
1127,32171,5,37,"Hindu","Male","Rural"
1128,190946,9,40,"Muslim","Male","Urban"
1129,189692,15,31,"Hindu","Male","Urban"
1130,18279,11,40,"Hindu","Male","Rural"
1131,38000,0,45,"Muslim","Male","Rural"
1132,2173,8,37,"Hindu","Male","Rural"
1133,270998,15,57,"Hindu","Male","Urban"
1134,122226,15,61,"Hindu","Male","Urban"
1135,16776,0,49,"Hindu","Female","Rural"
1136,20433,7,48,"Hindu","Male","Rural"
1137,100053,12,47,"Hindu","Male","Urban"
1138,4817,0,22,"Hindu","Female","Rural"
1139,2306,0,36,"Hindu","Female","Rural"
1140,22779,7,18,"Hindu","Male","Rural"
1141,4113,0,27,"Hindu","Male","Rural"
1142,9636,0,50,"Hindu","Male","Rural"
1143,177173,2,52,"Hindu","Male","Rural"
1144,40215,7,22,"Hindu","Male","Rural"
1145,1024,0,34,"Hindu","Female","Rural"
1146,26321,9,28,"Hindu","Male","Rural"
1147,3219,0,30,"Hindu","Female","Rural"
1148,37293,6,44,"Hindu","Male","Rural"
1149,39988,6,33,"Muslim","Female","Rural"
1150,97190,6,54,"Muslim","Male","Urban"
1151,28004,0,49,"Muslim","Female","Rural"
1152,18697,0,62,"Hindu","Female","Rural"
1153,63534,13,47,"Hindu","Male","Rural"
1154,1409,1,35,"Hindu","Female","Rural"
1155,283496,15,39,"Hindu","Female","Urban"
1156,29437,7,22,"Muslim","Male","Urban"
1157,15871,13,31,"Hindu","Female","Rural"
1158,92806,11,45,"Hindu","Male","Rural"
1159,7464,7,24,"Hindu","Female","Rural"
1160,17787,4,43,"Hindu","Male","Rural"
1161,5487,0,47,"Hindu","Female","Rural"
1162,106346,3,52,"Hindu","Female","Urban"
1163,3788,0,47,"Hindu","Female","Rural"
1164,57755,3,47,"Hindu","Male","Urban"
1165,34154,10,39,"Hindu","Female","Urban"
1166,78738,13,39,"Hindu","Male","Rural"
1167,9768,4,25,"Hindu","Male","Rural"
1168,507484,11,24,"Christian","Male","Rural"
1169,934049,15,33,"Hindu","Male","Urban"
1170,8560,4,50,"Muslim","Female","Rural"
1171,31152,0,47,"Buddhist","Male","Rural"
1172,144860,15,36,"Hindu","Female","Urban"
1173,12998,8,18,"Hindu","Female","Urban"
1174,4645,3,38,"Hindu","Male","Rural"
1175,9106,0,52,"Hindu","Male","Rural"
1176,7256,4,27,"Hindu","Female","Urban"
1177,24899,9,47,"Hindu","Male","Rural"
1178,4480,0,47,"Hindu","Male","Rural"
1179,25960,9,43,"Hindu","Female","Urban"
1180,25402,15,23,"Hindu","Male","Rural"
1181,73131,13,28,"Hindu","Male","Rural"
1182,34131,14,28,"Hindu","Female","Rural"
1183,2759,3,18,"Hindu","Male","Rural"
1184,73133,14,39,"Hindu","Male","Rural"
1185,35444,15,30,"Hindu","Male","Urban"
1186,79971,8,18,"Hindu","Male","Rural"
1187,116091,10,22,"Hindu","Male","Urban"
1188,9955,5,49,"Christian","Female","Rural"
1189,61838,3,47,"Muslim","Male","Urban"
1190,29480,4,18,"Hindu","Male","Rural"
1191,90036,7,49,"Hindu","Male","Rural"
1192,515273,6,53,"Hindu","Male","Urban"
1193,8295,2,18,"Hindu","Male","Rural"
1194,26988,6,21,"Hindu","Female","Urban"
1195,44848,13,26,"Hindu","Male","Urban"
1196,93366,12,53,"Hindu","Male","Urban"
1197,288843,11,30,"Hindu","Male","Rural"
1198,18460,2,35,"Hindu","Male","Rural"
1199,84463,8,33,"Muslim","Male","Urban"
1200,32118,0,56,"Muslim","Male","Rural"
1201,10612,12,48,"Hindu","Male","Rural"
1202,17016,3,34,"Hindu","Male","Urban"
1203,4809,0,18,"Hindu","Male","Rural"
1204,32491,11,18,"Hindu","Male","Rural"
1205,56089,3,25,"Hindu","Male","Rural"
1206,793624,7,30,"Hindu","Male","Urban"
1207,51057,5,38,"Hindu","Female","Rural"
1208,1272,0,27,"Hindu","Female","Rural"
1209,6505,13,33,"Hindu","Female","Rural"
1210,14551,0,26,"Hindu","Male","Rural"
1211,16765,14,18,"Hindu","Male","Rural"
1212,18270,3,18,"Hindu","Male","Urban"
1213,133290,12,36,"Hindu","Male","Urban"
1214,1441,5,39,"Hindu","Male","Rural"
1215,86117,15,32,"Hindu","Male","Rural"
1216,774206,10,32,"Sikh","Male","Rural"
1217,70172,0,21,"Hindu","Male","Rural"
1218,10684,7,24,"Hindu","Female","Urban"
1219,46194,0,29,"Hindu","Male","Urban"
1220,10436,14,33,"Hindu","Female","Rural"
1221,42293,15,32,"Hindu","Male","Urban"
1222,33171,15,31,"Hindu","Male","Rural"
1223,7886,2,31,"Hindu","Male","Rural"
1224,6034,0,54,"Hindu","Male","Rural"
1225,12359,7,36,"Hindu","Female","Urban"
1226,2868,2,44,"Hindu","Female","Rural"
1227,168196,13,56,"Christian","Female","Urban"
1228,13112,15,28,"Hindu","Male","Urban"
1229,6610,1,22,"Muslim","Male","Rural"
1230,807152,12,30,"Muslim","Male","Urban"
1231,70880,5,26,"Muslim","Male","Rural"
1232,27820,3,44,"Hindu","Male","Rural"
1233,26224,1,40,"Hindu","Female","Rural"
1234,95940,9,27,"Hindu","Male","Rural"
1235,941,0,47,"Hindu","Female","Rural"
1236,5475,0,29,"Hindu","Female","Rural"
1237,146043,10,33,"Hindu","Male","Urban"
1238,12759,9,61,"Hindu","Female","Rural"
1239,134010,9,61,"Muslim","Male","Rural"
1240,2913,0,19,"Hindu","Female","Rural"
1241,95128,8,39,"Christian","Female","Urban"
1242,36067,15,48,"Hindu","Male","Urban"
1243,4942,8,35,"Hindu","Male","Rural"
1244,5436,3,20,"Hindu","Female","Rural"
1245,8959,2,34,"Hindu","Male","Rural"
1246,207746,12,40,"Hindu","Male","Urban"
1247,8914,7,35,"Hindu","Female","Urban"
1248,3890,8,40,"Hindu","Female","Urban"
1249,24467,15,58,"Hindu","Male","Urban"
1250,13442,4,36,"Hindu","Female","Rural"
1251,76675,15,47,"Hindu","Male","Urban"
1252,513338,12,32,"Muslim","Male","Urban"
1253,50108,4,56,"Hindu","Male","Urban"
1254,27917,5,30,"Sikh","Male","Urban"
1255,23038,0,25,"Hindu","Male","Rural"
1256,136640,8,19,"Hindu","Male","Urban"
1257,89909,5,46,"Hindu","Male","Rural"
1258,37041,10,32,"Muslim","Male","Urban"
1259,32151,0,59,"Hindu","Male","Rural"
1260,5499,5,41,"Hindu","Male","Rural"
1261,47107,7,32,"Hindu","Female","Rural"
1262,157514,10,46,"Sikh","Male","Rural"
1263,4034,0,50,"Hindu","Female","Rural"
1264,97604,8,44,"Hindu","Male","Urban"
1265,216067,3,50,"Hindu","Male","Rural"
1266,46537,8,46,"Hindu","Male","Rural"
1267,124306,15,31,"Hindu","Male","Urban"
1268,8528,4,39,"Hindu","Female","Rural"
1269,12542,11,26,"Hindu","Female","Rural"
1270,71902,5,24,"Hindu","Male","Rural"
1271,4919,0,46,"Hindu","Female","Rural"
1272,82931,13,61,"Hindu","Male","Rural"
1273,716,5,21,"Hindu","Female","Rural"
1274,6504,2,25,"Hindu","Male","Rural"
1275,35129,13,55,"Hindu","Female","Urban"
1276,82355,7,28,"Hindu","Male","Urban"
1277,12901,2,36,"Hindu","Male","Rural"
1278,43701,5,34,"Hindu","Male","Rural"
1279,42089,9,51,"Hindu","Female","Urban"
1280,20082,1,36,"Christian","Female","Rural"
1281,98955,13,55,"Muslim","Male","Rural"
1282,38457,1,50,"Muslim","Male","Rural"
1283,303943,15,32,"Hindu","Male","Urban"
1284,21197,8,35,"Hindu","Male","Urban"
1285,18796,15,28,"Hindu","Male","Rural"
1286,68188,11,57,"Hindu","Male","Rural"
1287,13699,13,32,"Hindu","Male","Rural"
1288,224960,4,31,"Hindu","Male","Urban"
1289,94618,13,41,"Hindu","Female","Urban"
1290,13180,15,32,"Muslim","Female","Urban"
1291,53638,10,65,"Hindu","Male","Urban"
1292,838,6,41,"Hindu","Female","Rural"
1293,101429,0,51,"Christian","Male","Rural"
1294,69918,10,48,"Hindu","Female","Rural"
1295,17233,11,20,"Hindu","Male","Rural"
1296,69457,10,22,"Muslim","Male","Urban"
1297,215389,15,49,"Hindu","Female","Urban"
1298,18765,5,49,"Hindu","Male","Rural"
1299,32086,0,45,"Hindu","Male","Rural"
1300,15797,0,46,"Muslim","Male","Rural"
1301,13117,3,38,"Hindu","Male","Rural"
1302,8675,0,43,"Hindu","Female","Rural"
1303,294092,15,65,"Christian","Male","Rural"
1304,27365,0,22,"Hindu","Male","Rural"
1305,627031,15,37,"Christian","Male","Urban"
1306,15444,12,65,"Hindu","Female","Rural"
1307,51589,11,44,"Hindu","Female","Urban"
1308,5412,5,27,"Hindu","Female","Rural"
1309,1572,0,37,"Hindu","Female","Rural"
1310,13526,13,39,"Hindu","Male","Rural"
1311,19243,2,32,"Hindu","Female","Urban"
1312,22220,4,51,"Hindu","Female","Rural"
1313,106599,4,56,"Hindu","Male","Urban"
1314,67021,4,30,"Muslim","Male","Urban"
1315,41400,9,50,"Hindu","Male","Urban"
1316,12253,0,26,"Hindu","Male","Urban"
1317,60987,7,23,"Hindu","Male","Rural"
1318,25635,0,23,"Tribal","Male","Rural"
1319,52945,3,35,"Hindu","Male","Rural"
1320,87243,4,38,"Hindu","Male","Rural"
1321,186619,15,35,"Hindu","Male","Urban"
1322,4049,3,40,"Hindu","Female","Rural"
1323,168436,15,41,"Christian","Male","Rural"
1324,111327,3,18,"Hindu","Male","Urban"
1325,47745,2,43,"Muslim","Male","Rural"
1326,17720,0,22,"Hindu","Male","Rural"
1327,10046,0,49,"Muslim","Female","Rural"
1328,17662,6,48,"Hindu","Male","Rural"
1329,3429,0,37,"Hindu","Male","Rural"
1330,8325,9,37,"Hindu","Male","Rural"
1331,52884,15,45,"Hindu","Male","Rural"
1332,12413,0,35,"Hindu","Male","Rural"
1333,25371,1,40,"Muslim","Female","Rural"
1334,53947,11,41,"Hindu","Male","Rural"
1335,4941,0,56,"Hindu","Male","Rural"
1336,19646,2,62,"Hindu","Male","Urban"
1337,8100,6,21,"Hindu","Male","Rural"
1338,3579,0,33,"Hindu","Male","Rural"
1339,235805,4,51,"Hindu","Male","Rural"
1340,12907,4,41,"Hindu","Female","Rural"
1341,22761,4,41,"Hindu","Male","Rural"
1342,113333,6,33,"Hindu","Male","Urban"
1343,10203,0,29,"Hindu","Female","Rural"
1344,6338,0,25,"Hindu","Female","Rural"
1345,44005,0,42,"Hindu","Female","Rural"
1346,29557,11,39,"Hindu","Male","Rural"
1347,29127,1,38,"Hindu","Female","Urban"
1348,10470,3,32,"Hindu","Female","Rural"
1349,26712,7,30,"Muslim","Female","Rural"
1350,27588,15,25,"Hindu","Male","Rural"
1351,29960,0,53,"Hindu","Male","Rural"
1352,36050,2,46,"Hindu","Female","Rural"
1353,6753,4,39,"Hindu","Male","Rural"
1354,71894,4,46,"Muslim","Male","Urban"
1355,40797,12,38,"Hindu","Male","Rural"
1356,22263,15,50,"Muslim","Female","Urban"
1357,55145,2,44,"Hindu","Male","Rural"
1358,21361,0,29,"Hindu","Male","Rural"
1359,31012,0,42,"Hindu","Female","Urban"
1360,66261,15,51,"Hindu","Male","Urban"
1361,5579,1,18,"Hindu","Male","Rural"
1362,58510,2,50,"Christian","Male","Rural"
1363,35757,0,27,"Muslim","Female","Rural"
1364,25554,0,21,"Hindu","Male","Rural"
1365,1373,0,37,"Hindu","Female","Rural"
1366,5007,3,29,"Hindu","Male","Rural"
1367,62536,10,45,"Hindu","Female","Rural"
1368,17102,6,41,"Hindu","Male","Rural"
1369,21208,8,34,"Hindu","Female","Urban"
1370,60947,2,47,"Hindu","Male","Rural"
1371,14278,0,59,"Hindu","Male","Rural"
1372,62663,11,42,"Christian","Male","Urban"
1373,14756,2,59,"Hindu","Female","Rural"
1374,17135,11,28,"Hindu","Male","Urban"
1375,50992,9,50,"Hindu","Female","Rural"
1376,13052,14,18,"Hindu","Female","Rural"
1377,16478,14,40,"Hindu","Female","Rural"
1378,30054,0,50,"Muslim","Male","Rural"
1379,21034,14,27,"Hindu","Male","Rural"
1380,14466,0,40,"Hindu","Female","Rural"
1381,10554,0,28,"Hindu","Female","Rural"
1382,80724,3,37,"Muslim","Male","Rural"
1383,17557,11,18,"Hindu","Male","Rural"
1384,32520,15,31,"Muslim","Male","Urban"
1385,6049,2,25,"Muslim","Female","Rural"
1386,24353,6,30,"Hindu","Male","Rural"
1387,28130,15,42,"Hindu","Male","Rural"
1388,6147,0,59,"Hindu","Female","Rural"
1389,32272,0,32,"Hindu","Male","Rural"
1390,8275,0,18,"Hindu","Male","Rural"
1391,62759,0,42,"Hindu","Male","Urban"
1392,16039,12,25,"Hindu","Male","Urban"
1393,79022,5,37,"Christian","Male","Rural"
1394,170804,15,18,"Hindu","Male","Urban"
1395,15926,15,51,"Hindu","Male","Rural"
1396,191061,1,27,"Hindu","Male","Urban"
1397,9036,13,25,"Buddhist","Female","Rural"
1398,82790,3,24,"Hindu","Male","Urban"
1399,23230,3,31,"Hindu","Male","Rural"
1400,114538,0,43,"Muslim","Male","Urban"
1401,104467,3,22,"Hindu","Male","Urban"
1402,8543,4,35,"Hindu","Female","Rural"
1403,61156,11,20,"Muslim","Female","Urban"
1404,499150,15,48,"Hindu","Male","Rural"
1405,11209,0,33,"Muslim","Female","Rural"
1406,118041,10,44,"Hindu","Male","Urban"
1407,5514,3,21,"Hindu","Female","Rural"
1408,10651,0,21,"Hindu","Female","Rural"
1409,3891,0,47,"Tribal","Female","Rural"
1410,202082,8,33,"Hindu","Male","Urban"
1411,12516,1,30,"Hindu","Male","Rural"
1412,43346,5,58,"Hindu","Male","Rural"
1413,13705,8,30,"Hindu","Male","Urban"
1414,23454,0,30,"Hindu","Female","Rural"
1415,20300,5,31,"Hindu","Male","Rural"
1416,89335,14,48,"Hindu","Male","Urban"
1417,2632,0,39,"Hindu","Female","Rural"
1418,174608,15,54,"Hindu","Male","Rural"
1419,243597,7,57,"Buddhist","Male","Urban"
1420,82034,0,30,"Hindu","Male","Urban"
1421,39099,15,23,"Muslim","Male","Urban"
1422,6062,15,25,"Sikh","Female","Rural"
1423,63071,13,43,"Sikh","Male","Rural"
1424,41904,1,42,"Hindu","Male","Rural"
1425,18783,7,35,"Hindu","Female","Rural"
1426,28075,3,38,"Hindu","Male","Rural"
1427,5170,0,47,"Hindu","Male","Rural"
1428,12215,3,42,"Hindu","Male","Rural"
1429,1124,11,41,"Hindu","Female","Rural"
1430,60210,4,59,"Hindu","Male","Rural"
1431,11224,0,36,"Hindu","Female","Rural"
1432,13848,4,38,"Hindu","Male","Rural"
1433,28534,2,43,"Hindu","Male","Rural"
1434,852,4,48,"Hindu","Male","Rural"
1435,1096,0,37,"Hindu","Female","Rural"
1436,42795,4,44,"Hindu","Male","Rural"
1437,6673,0,18,"Hindu","Male","Rural"
1438,225523,5,49,"Hindu","Male","Urban"
1439,462529,2,31,"Sikh","Male","Urban"
1440,16746,6,61,"Hindu","Male","Rural"
1441,5346,0,30,"Hindu","Male","Rural"
1442,9240,6,32,"Hindu","Male","Rural"
1443,16392,6,28,"Hindu","Female","Urban"
1444,5993,0,35,"Hindu","Female","Rural"
1445,28127,6,56,"Hindu","Female","Rural"
1446,110076,9,51,"Hindu","Male","Urban"
1447,80955,8,45,"Hindu","Male","Rural"
1448,260733,6,51,"Hindu","Male","Rural"
1449,15647,11,44,"Hindu","Male","Urban"
1450,52815,0,56,"Hindu","Male","Urban"
1451,16269,4,42,"Hindu","Male","Rural"
1452,22407,11,46,"Hindu","Male","Rural"
1453,6397,0,43,"Hindu","Male","Urban"
1454,41263,0,42,"Hindu","Male","Urban"
1455,68931,15,58,"Hindu","Male","Rural"
1456,49245,8,40,"Hindu","Male","Rural"
1457,18210,5,41,"Hindu","Female","Rural"
1458,13185,11,43,"Sikh","Male","Urban"
1459,26389,2,53,"Hindu","Female","Rural"
1460,225552,7,47,"Hindu","Female","Urban"
1461,16497,2,23,"Hindu","Male","Rural"
1462,45629,0,34,"Hindu","Male","Urban"
1463,284785,15,31,"Hindu","Male","Urban"
1464,48141,8,38,"Hindu","Male","Urban"
1465,18396,9,65,"Hindu","Male","Urban"
1466,28717,14,47,"Hindu","Male","Rural"
1467,4099,0,29,"Hindu","Female","Urban"
1468,94534,3,35,"Hindu","Male","Urban"
1469,56748,6,32,"Muslim","Male","Rural"
1470,145165,1,31,"Hindu","Male","Urban"
1471,16134,2,55,"Hindu","Male","Rural"
1472,27508,11,35,"Hindu","Male","Rural"
1473,53018,14,58,"Hindu","Male","Rural"
1474,49124,0,49,"Hindu","Male","Urban"
1475,8710,7,54,"Hindu","Male","Rural"
1476,27165,7,42,"Muslim","Male","Rural"
1477,35345,11,55,"Hindu","Male","Rural"
1478,84717,15,41,"Muslim","Male","Urban"
1479,147073,6,36,"Hindu","Male","Urban"
1480,41742,0,19,"Hindu","Male","Urban"
1481,40669,13,45,"Hindu","Male","Urban"
1482,36567,9,51,"Hindu","Male","Rural"
1483,26931,8,24,"Hindu","Male","Urban"
1484,74540,4,44,"Christian","Male","Rural"
1485,17241,3,29,"Hindu","Male","Rural"
1486,41169,3,48,"Hindu","Male","Rural"
1487,34738,15,34,"Hindu","Male","Urban"
1488,20664,5,56,"Hindu","Male","Rural"
1489,44836,15,39,"Hindu","Female","Rural"
1490,7301,5,35,"Muslim","Male","Urban"
1491,69763,0,38,"Hindu","Male","Urban"
1492,25438,4,18,"Muslim","Male","Rural"
1493,96703,15,18,"Hindu","Male","Rural"
1494,93206,1,53,"Hindu","Male","Rural"
1495,42781,4,40,"Muslim","Male","Urban"
1496,10158,3,48,"Christian","Male","Rural"
1497,14099,9,47,"Hindu","Male","Urban"
1498,147589,4,45,"Hindu","Male","Urban"
1499,1668,0,30,"Hindu","Female","Rural"
1500,16694,11,47,"Hindu","Male","Rural"
1501,13996,0,45,"Hindu","Male","Rural"
1502,80865,1,51,"Hindu","Male","Rural"
1503,2953,5,32,"Hindu","Male","Rural"
1504,18209,7,24,"Hindu","Female","Rural"
1505,80197,0,52,"Hindu","Male","Urban"
1506,16061,15,46,"Hindu","Male","Rural"
1507,11875,4,43,"Hindu","Female","Rural"
1508,19607,6,47,"Hindu","Male","Rural"
1509,35473,3,43,"Hindu","Male","Urban"
1510,2316,0,63,"Christian","Female","Rural"
1511,9779,0,27,"Muslim","Female","Rural"
1512,6275,7,58,"Muslim","Female","Rural"
1513,195707,14,34,"Hindu","Male","Rural"
1514,5266,0,18,"Hindu","Female","Rural"
1515,23803,4,43,"Hindu","Male","Rural"
1516,94865,12,43,"Muslim","Male","Urban"
1517,10152,0,52,"Hindu","Male","Rural"
1518,2504,10,31,"Muslim","Male","Rural"
1519,31095,10,43,"Hindu","Male","Urban"
1520,10381,13,32,"Hindu","Female","Urban"
1521,104683,7,45,"Hindu","Male","Urban"
1522,770456,8,55,"Hindu","Male","Urban"
1523,262857,12,47,"Hindu","Female","Urban"
1524,2956,15,28,"Hindu","Female","Rural"
1525,234709,0,45,"Jain","Male","Urban"
1526,48987,0,25,"Hindu","Male","Rural"
1527,33295,7,29,"Tribal","Male","Urban"
1528,7219,0,30,"Hindu","Male","Rural"
1529,39681,7,18,"Hindu","Male","Urban"
1530,15166,3,59,"Hindu","Male","Rural"
1531,23426,0,41,"Hindu","Female","Rural"
1532,72482,6,46,"Tribal","Male","Urban"
1533,1215,3,52,"Hindu","Female","Urban"
1534,31542,5,38,"Muslim","Male","Rural"
1535,6372,1,56,"Hindu","Male","Rural"
1536,778231,3,42,"Hindu","Male","Urban"
1537,34290,5,29,"Muslim","Male","Rural"
1538,27451,4,34,"Hindu","Male","Urban"
1539,147111,10,28,"Muslim","Male","Rural"
1540,26533,3,32,"Muslim","Male","Rural"
1541,20950,8,32,"Hindu","Female","Rural"
1542,97408,2,46,"Hindu","Female","Urban"
1543,775791,15,58,"Hindu","Male","Rural"
1544,190433,11,23,"Hindu","Male","Urban"
1545,26773,8,49,"Hindu","Male","Urban"
1546,13801,9,18,"Hindu","Female","Rural"
1547,6517,5,53,"Hindu","Female","Rural"
1548,5368,10,25,"Hindu","Male","Rural"
1549,2276,10,33,"Hindu","Male","Rural"
1550,17698,7,38,"Hindu","Female","Rural"
1551,7914,5,32,"Hindu","Male","Rural"
1552,130209,14,21,"Buddhist","Male","Rural"
1553,5205,0,45,"Hindu","Male","Rural"
1554,17178,7,31,"Hindu","Male","Rural"
1555,15077,0,18,"Sikh","Male","Rural"
1556,54462,4,43,"Hindu","Male","Rural"
1557,31928,1,22,"Hindu","Female","Urban"
1558,7811,3,48,"Hindu","Male","Rural"
1559,41465,5,43,"Hindu","Male","Rural"
1560,19233,7,42,"Hindu","Female","Rural"
1561,114213,9,49,"Hindu","Male","Rural"
1562,20786,0,24,"Hindu","Male","Urban"
1563,34803,0,22,"Muslim","Male","Rural"
1564,81893,11,45,"Sikh","Male","Urban"
1565,9958,8,36,"Hindu","Male","Rural"
1566,214260,12,36,"Hindu","Male","Urban"
1567,79238,3,30,"Hindu","Male","Rural"
1568,17623,3,56,"Hindu","Male","Rural"
1569,63029,13,34,"Hindu","Male","Rural"
1570,2966,7,28,"Hindu","Female","Rural"
1571,85080,9,29,"Hindu","Male","Rural"
1572,9836,0,44,"Hindu","Female","Rural"
1573,49762,4,56,"Hindu","Male","Rural"
1574,6945,0,47,"Hindu","Female","Rural"
1575,95538,0,47,"Hindu","Female","Rural"
1576,28993,6,40,"Hindu","Male","Rural"
1577,105695,8,43,"Hindu","Male","Urban"
1578,31978,5,29,"Hindu","Male","Rural"
1579,45252,6,38,"Hindu","Male","Rural"
1580,70139,15,41,"Hindu","Male","Rural"
1581,98369,6,65,"Hindu","Male","Urban"
1582,7260,5,35,"Hindu","Female","Rural"
1583,24984,5,45,"Hindu","Male","Urban"
1584,12368,0,50,"Hindu","Male","Urban"
1585,14767,12,18,"Hindu","Male","Urban"
1586,24433,9,37,"Hindu","Male","Rural"
1587,146978,3,29,"Hindu","Male","Urban"
1588,6134,6,18,"Hindu","Male","Rural"
1589,140192,14,51,"Hindu","Male","Urban"
1590,4804,2,54,"Hindu","Female","Rural"
1591,67356,10,36,"Muslim","Female","Rural"
1592,315475,8,55,"Hindu","Male","Urban"
1593,61924,9,29,"Hindu","Male","Rural"
1594,1607,6,35,"Hindu","Female","Rural"
1595,9623,4,39,"Hindu","Male","Rural"
1596,360822,5,59,"Hindu","Male","Rural"
1597,18384,1,40,"Hindu","Male","Rural"
1598,24877,4,22,"Tribal","Male","Urban"
1599,4377,0,29,"Hindu","Female","Rural"
1600,21202,0,23,"Hindu","Male","Rural"
1601,45171,7,30,"Hindu","Male","Rural"
1602,41488,6,56,"Hindu","Male","Urban"
1603,181253,7,20,"Hindu","Female","Urban"
1604,15346,6,24,"Hindu","Male","Rural"
1605,16725,0,28,"Hindu","Male","Rural"
1606,57437,0,49,"Hindu","Male","Urban"
1607,138045,12,28,"Hindu","Male","Rural"
1608,71668,5,53,"Hindu","Male","Urban"
1609,29191,3,49,"Hindu","Male","Rural"
1610,135035,4,41,"Hindu","Male","Urban"
1611,8063,0,32,"Hindu","Male","Rural"
1612,33470,15,27,"Hindu","Female","Rural"
1613,27243,12,46,"Hindu","Male","Rural"
1614,6985,5,52,"Hindu","Male","Rural"
1615,11091,0,34,"Hindu","Male","Rural"
1616,87906,8,40,"Hindu","Male","Rural"
1617,35701,0,60,"Hindu","Male","Urban"
1618,31666,0,28,"Hindu","Male","Rural"
1619,6924,7,35,"Hindu","Female","Rural"
1620,20298,14,31,"Sikh","Male","Rural"
1621,66569,5,37,"Hindu","Male","Rural"
1622,141673,5,25,"Hindu","Male","Urban"
1623,7582,0,27,"Hindu","Male","Rural"
1624,115675,14,63,"Hindu","Male","Rural"
1625,104437,15,63,"Hindu","Male","Urban"
1626,198985,13,36,"Muslim","Male","Urban"
1627,13516,0,34,"Hindu","Male","Rural"
1628,50079,11,48,"Hindu","Male","Rural"
1629,80159,5,43,"Hindu","Male","Rural"
1630,70881,0,48,"Hindu","Male","Rural"
1631,8890,0,43,"Hindu","Male","Rural"
1632,3499,0,28,"Hindu","Male","Rural"
1633,176646,0,22,"Hindu","Male","Rural"
1634,136858,14,18,"Hindu","Male","Urban"
1635,16721,0,44,"Buddhist","Male","Rural"
1636,22366,0,28,"Hindu","Male","Rural"
1637,41717,0,18,"Hindu","Male","Rural"
1638,2069,2,21,"Hindu","Male","Rural"
1639,23175,12,39,"Hindu","Female","Rural"
1640,8687,9,31,"Hindu","Female","Rural"
1641,3996,2,27,"Hindu","Female","Rural"
1642,4172,2,34,"Hindu","Male","Rural"
1643,37151,15,53,"Hindu","Female","Urban"
1644,6819,6,39,"Hindu","Female","Rural"
1645,31165,13,39,"Hindu","Male","Rural"
1646,5106,0,28,"Muslim","Male","Rural"
1647,17938,0,18,"Hindu","Male","Rural"
1648,34591,5,41,"Hindu","Male","Rural"
1649,16010,10,26,"Hindu","Male","Urban"
1650,13841,8,43,"Muslim","Female","Urban"
1651,82436,10,43,"Hindu","Male","Rural"
1652,6879,10,56,"Hindu","Female","Rural"
1653,18278,7,43,"Hindu","Male","Urban"
1654,18168,3,31,"Muslim","Male","Rural"
1655,9177,0,31,"Hindu","Male","Urban"
1656,110540,2,27,"Hindu","Male","Rural"
1657,160528,0,53,"Muslim","Male","Rural"
1658,11061,0,41,"Hindu","Male","Rural"
1659,25242,10,44,"Hindu","Female","Rural"
1660,6017,5,47,"Muslim","Female","Rural"
1661,18687,14,43,"Hindu","Female","Rural"
1662,5771,0,40,"Hindu","Female","Rural"
1663,50720,12,25,"Hindu","Female","Urban"
1664,1862,5,23,"Hindu","Female","Rural"
1665,27649,11,37,"Sikh","Female","Rural"
1666,49967,9,31,"Hindu","Male","Urban"
1667,25089,9,45,"Hindu","Female","Rural"
1668,10508,0,53,"Hindu","Male","Rural"
1669,87244,15,34,"Hindu","Male","Rural"
1670,108418,9,38,"Hindu","Male","Urban"
1671,51385,6,36,"Hindu","Male","Rural"
1672,25158,0,32,"Hindu","Male","Rural"
1673,20935,5,25,"Muslim","Male","Rural"
1674,92899,2,64,"Hindu","Male","Rural"
1675,5405,0,18,"Hindu","Male","Rural"
1676,122253,9,34,"Hindu","Male","Urban"
1677,28586,9,51,"Hindu","Male","Rural"
1678,26898,0,32,"Hindu","Male","Rural"
1679,10776,10,23,"Hindu","Male","Rural"
1680,12859,0,27,"Hindu","Female","Rural"
1681,76993,5,42,"Hindu","Male","Rural"
1682,36550,0,33,"Hindu","Male","Rural"
1683,11844,8,18,"Muslim","Male","Rural"
1684,30967,10,34,"Christian","Male","Rural"
1685,123585,12,35,"Buddhist","Male","Urban"
1686,9561,5,18,"Hindu","Male","Rural"
1687,5153,0,42,"Hindu","Male","Urban"
1688,1695,7,35,"Hindu","Female","Rural"
1689,5131,3,34,"Hindu","Female","Rural"
1690,106156,11,39,"Hindu","Male","Rural"
1691,17262,8,28,"Hindu","Female","Rural"
1692,6293,2,39,"Hindu","Female","Rural"
1693,37664,11,48,"Hindu","Male","Rural"
1694,342,0,57,"Muslim","Female","Rural"
1695,27774,10,44,"Hindu","Male","Rural"
1696,465,0,34,"Hindu","Female","Rural"
1697,9523,9,44,"Hindu","Male","Rural"
1698,105999,2,37,"Hindu","Male","Urban"
1699,28991,6,37,"Hindu","Male","Rural"
1700,15957,4,41,"Hindu","Male","Rural"
1701,62510,3,52,"Muslim","Male","Rural"
1702,50055,9,40,"Hindu","Female","Rural"
1703,11661,7,50,"Buddhist","Male","Rural"
1704,18055,2,50,"Hindu","Female","Rural"
1705,66705,12,32,"Hindu","Male","Urban"
1706,106009,15,38,"Hindu","Male","Rural"
1707,93690,0,65,"Hindu","Male","Rural"
1708,55480,2,49,"Hindu","Male","Urban"
1709,7262,2,37,"Hindu","Male","Rural"
1710,8863,6,42,"Hindu","Male","Rural"
1711,9920,5,28,"Hindu","Male","Rural"
1712,9057,10,44,"Hindu","Female","Rural"
1713,12960,0,35,"Hindu","Male","Rural"
1714,44240,9,46,"Hindu","Male","Rural"
1715,86493,5,43,"Hindu","Male","Urban"
1716,8694,9,36,"Hindu","Female","Rural"
1717,5392,0,25,"Hindu","Female","Urban"
1718,26935,1,41,"Hindu","Female","Rural"
1719,7438,10,32,"Hindu","Male","Rural"
1720,21605,15,24,"Hindu","Male","Rural"
1721,114676,7,42,"Hindu","Male","Urban"
1722,13917,6,31,"Hindu","Male","Rural"
1723,7097,0,54,"Hindu","Female","Rural"
1724,230528,15,28,"Hindu","Female","Urban"
1725,499780,1,34,"Muslim","Male","Urban"
1726,72414,6,37,"Hindu","Male","Rural"
1727,25395,6,44,"Hindu","Female","Urban"
1728,19616,0,34,"Muslim","Male","Rural"
1729,15126,14,58,"Sikh","Female","Rural"
1730,13963,3,24,"Hindu","Female","Urban"
1731,90212,6,50,"Hindu","Male","Urban"
1732,49073,2,49,"Hindu","Female","Rural"
1733,5345,6,36,"Hindu","Female","Rural"
1734,44879,0,35,"Muslim","Male","Rural"
1735,15937,0,44,"Hindu","Male","Urban"
1736,157454,4,42,"Hindu","Male","Rural"
1737,109066,8,31,"Hindu","Male","Rural"
1738,102020,14,37,"Hindu","Male","Rural"
1739,13177,9,28,"Hindu","Male","Rural"
1740,1210,13,28,"Hindu","Female","Rural"
1741,2108,8,54,"Hindu","Female","Rural"
1742,11045,0,34,"Hindu","Female","Rural"
1743,13813,4,28,"Hindu","Male","Rural"
1744,15346,0,48,"Hindu","Male","Rural"
1745,25932,0,34,"Muslim","Female","Rural"
1746,106991,15,35,"Christian","Male","Urban"
1747,88149,4,41,"Hindu","Male","Urban"
1748,3000,0,53,"Hindu","Male","Rural"
1749,45126,0,55,"Hindu","Male","Rural"
1750,32221,5,26,"Hindu","Male","Urban"
1751,38686,13,23,"Hindu","Male","Urban"
1752,11910,13,39,"Hindu","Female","Urban"
1753,6974,1,36,"Hindu","Male","Urban"
1754,24421,5,59,"Hindu","Male","Urban"
1755,16497,12,22,"Hindu","Male","Rural"
1756,11194,0,28,"Hindu","Male","Rural"
1757,6385,4,26,"Hindu","Male","Rural"
1758,6466,7,35,"Hindu","Male","Rural"
1759,6645,0,46,"Hindu","Male","Rural"
1760,203436,10,42,"Hindu","Male","Rural"
1761,15089,4,60,"Hindu","Female","Rural"
1762,8758,8,38,"Hindu","Male","Rural"
1763,9652,10,19,"Hindu","Male","Urban"
1764,27123,7,34,"Hindu","Male","Rural"
1765,27548,6,49,"Muslim","Male","Rural"
1766,16640,0,50,"Hindu","Male","Rural"
1767,32290,0,65,"Tribal","Male","Rural"
1768,153234,9,53,"Muslim","Male","Urban"
1769,53259,5,43,"Hindu","Male","Rural"
1770,33808,0,32,"Hindu","Male","Urban"
1771,2506,0,25,"Hindu","Female","Urban"
1772,10037,0,34,"Hindu","Female","Rural"
1773,269167,6,48,"Christian","Male","Rural"
1774,8237,0,31,"Hindu","Female","Rural"
1775,16073,5,37,"Hindu","Male","Rural"
1776,630724,13,49,"Christian","Female","Rural"
1777,14776,9,23,"Hindu","Male","Rural"
1778,95528,2,34,"Hindu","Male","Rural"
1779,27641,13,41,"Hindu","Male","Urban"
1780,32921,4,39,"Hindu","Male","Rural"
1781,3358,0,18,"Hindu","Female","Rural"
1782,5964,2,44,"Hindu","Male","Rural"
1783,44966,5,26,"Hindu","Male","Rural"
1784,43603,0,20,"Hindu","Male","Urban"
1785,38334,15,27,"Hindu","Male","Rural"
1786,116386,1,21,"Sikh","Male","Urban"
1787,146352,11,45,"Hindu","Male","Rural"
1788,6601,15,41,"Hindu","Female","Rural"
1789,27594,3,37,"Hindu","Male","Rural"
1790,3910,0,47,"Hindu","Female","Rural"
1791,18260,0,36,"Hindu","Male","Rural"
1792,5470,0,36,"Hindu","Female","Rural"
1793,15320,6,27,"Hindu","Female","Rural"
1794,10119,13,45,"Hindu","Male","Rural"
1795,60577,5,37,"Hindu","Male","Rural"
1796,36358,14,34,"Muslim","Female","Rural"
1797,935,6,41,"Hindu","Male","Rural"
1798,23530,13,45,"Hindu","Male","Rural"
1799,114805,10,23,"Hindu","Male","Rural"
1800,63952,9,41,"Hindu","Male","Rural"
1801,64859,15,21,"Hindu","Female","Rural"
1802,13677,3,65,"Hindu","Male","Rural"
1803,12380,7,36,"Hindu","Female","Rural"
1804,17813,7,39,"Hindu","Male","Rural"
1805,35339,9,35,"Hindu","Male","Rural"
1806,29681,0,35,"Hindu","Female","Rural"
1807,26805,2,18,"Muslim","Male","Urban"
1808,10923,8,26,"Hindu","Male","Rural"
1809,26219,2,53,"Hindu","Male","Rural"
1810,53948,11,39,"Christian","Male","Rural"
1811,10000,0,23,"Christian","Male","Rural"
1812,110727,15,36,"Hindu","Male","Urban"
1813,114817,4,54,"Hindu","Male","Urban"
1814,6407,6,46,"Hindu","Male","Rural"
1815,71938,7,48,"Hindu","Female","Rural"
1816,35739,0,41,"Hindu","Male","Rural"
1817,2177,0,44,"Hindu","Male","Rural"
1818,48911,6,39,"Hindu","Male","Rural"
1819,4716,0,38,"Hindu","Male","Rural"
1820,16504,0,37,"Hindu","Male","Rural"
1821,23254,6,54,"Muslim","Female","Rural"
1822,20433,12,36,"Hindu","Male","Rural"
1823,8039,6,24,"Hindu","Male","Urban"
1824,24075,8,38,"Hindu","Male","Rural"
1825,2301,0,22,"Muslim","Female","Rural"
1826,8936,0,39,"Hindu","Male","Rural"
1827,37433,4,41,"Hindu","Male","Rural"
1828,17175,6,18,"Muslim","Female","Rural"
1829,23563,4,47,"Hindu","Female","Rural"
1830,8573,3,26,"Hindu","Female","Rural"
1831,29701,6,34,"Hindu","Male","Rural"
1832,62784,0,32,"Hindu","Male","Rural"
1833,7472,3,35,"Hindu","Male","Rural"
1834,63842,15,31,"Hindu","Female","Urban"
1835,183217,13,53,"Hindu","Male","Rural"
1836,12801,1,18,"Hindu","Female","Rural"
1837,9218,8,35,"Hindu","Male","Rural"
1838,17084,12,32,"Hindu","Male","Rural"
1839,68877,7,38,"Hindu","Male","Urban"
1840,54041,2,18,"Hindu","Male","Urban"
1841,27555,0,30,"Hindu","Male","Rural"
1842,90828,12,25,"Hindu","Male","Urban"
1843,4224,0,33,"Hindu","Male","Rural"
1844,14234,9,43,"Hindu","Male","Rural"
1845,22797,15,38,"Hindu","Male","Rural"
1846,40594,15,19,"Hindu","Male","Rural"
1847,285825,15,50,"Hindu","Male","Urban"
1848,376839,9,60,"Hindu","Male","Urban"
1849,12241,15,23,"Hindu","Female","Urban"
1850,80338,14,40,"Hindu","Male","Rural"
1851,587686,9,42,"Hindu","Male","Urban"
1852,90742,1,21,"Hindu","Male","Rural"
1853,19965,3,41,"Hindu","Male","Rural"
1854,42533,0,34,"Hindu","Female","Rural"
1855,61865,14,18,"Christian","Male","Urban"
1856,67824,6,47,"Hindu","Male","Rural"
1857,64589,0,39,"Muslim","Male","Rural"
1858,86672,0,37,"Hindu","Female","Urban"
1859,77935,10,30,"Hindu","Male","Rural"
1860,35374,8,53,"Muslim","Male","Rural"
1861,7580,3,45,"Hindu","Male","Rural"
1862,7395,9,49,"Hindu","Female","Rural"
1863,4305,0,32,"Hindu","Male","Rural"
1864,29789,4,18,"Buddhist","Female","Rural"
1865,35162,0,18,"Muslim","Female","Rural"
1866,3454,1,40,"Muslim","Female","Rural"
1867,27900,12,23,"Hindu","Male","Rural"
1868,14722,5,50,"Hindu","Female","Rural"
1869,26309,9,35,"Hindu","Male","Urban"
1870,8919,2,20,"Hindu","Male","Rural"
1871,4020,9,38,"Hindu","Male","Rural"
1872,4526,11,33,"Hindu","Male","Rural"
1873,54737,1,60,"Muslim","Male","Urban"
1874,46037,5,52,"Hindu","Male","Rural"
1875,152149,12,42,"Muslim","Male","Rural"
1876,20837,10,21,"Hindu","Female","Rural"
1877,108440,3,41,"Hindu","Male","Urban"
1878,34977,5,45,"Hindu","Male","Rural"
1879,17537,10,34,"Buddhist","Male","Rural"
1880,102846,1,32,"Muslim","Male","Rural"
1881,8185,7,33,"Hindu","Male","Rural"
1882,3569,2,22,"Hindu","Male","Rural"
1883,20591,5,62,"Hindu","Female","Rural"
1884,34919,0,50,"Muslim","Male","Rural"
1885,76088,15,50,"Hindu","Male","Urban"
1886,432307,12,33,"Sikh","Male","Rural"
1887,356695,2,46,"Hindu","Male","Urban"
1888,44943,3,33,"Hindu","Male","Rural"
1889,106127,7,40,"Muslim","Male","Rural"
1890,5974,6,42,"Hindu","Female","Rural"
1891,141973,11,27,"Hindu","Male","Urban"
1892,167122,5,38,"Hindu","Male","Urban"
1893,18510,14,48,"Hindu","Male","Urban"
1894,5661,0,47,"Hindu","Male","Rural"
1895,28410,0,20,"Muslim","Male","Urban"
1896,33266,0,45,"Hindu","Female","Rural"
1897,16644,4,18,"Hindu","Female","Rural"
1898,66709,14,34,"Hindu","Male","Urban"
1899,30134,12,47,"Hindu","Female","Rural"
1900,20261,6,51,"Muslim","Male","Rural"
1901,25212,0,21,"Hindu","Male","Rural"
1902,71734,0,40,"Hindu","Male","Urban"
1903,16232,8,32,"Hindu","Male","Rural"
1904,56357,10,19,"Hindu","Male","Rural"
1905,1948,0,18,"Hindu","Female","Rural"
1906,19799,1,37,"Muslim","Female","Rural"
1907,23775,2,31,"Hindu","Female","Rural"
1908,25320,1,35,"Hindu","Female","Rural"
1909,112710,14,54,"Hindu","Male","Rural"
1910,3520,0,32,"Hindu","Male","Rural"
1911,10375,4,19,"Hindu","Male","Rural"
1912,3738,0,40,"Hindu","Female","Rural"
1913,6603,6,33,"Hindu","Male","Rural"
1914,10083,7,37,"Hindu","Male","Rural"
1915,6474,6,18,"Hindu","Male","Rural"
1916,61670,13,50,"Hindu","Male","Urban"
1917,188738,10,33,"Hindu","Male","Rural"
1918,162726,7,41,"Hindu","Male","Urban"
1919,13882,0,31,"Hindu","Female","Rural"
1920,348755,15,36,"Muslim","Male","Urban"
1921,51780,15,63,"Muslim","Male","Rural"
1922,317254,15,57,"Muslim","Male","Urban"
1923,260196,15,42,"Hindu","Male","Rural"
1924,23305,4,20,"Hindu","Female","Rural"
1925,20106,15,41,"Buddhist","Female","Urban"
1926,19826,0,59,"Hindu","Male","Urban"
1927,14701,0,49,"Hindu","Male","Urban"
1928,40534,5,29,"Hindu","Male","Rural"
1929,13638,0,48,"Muslim","Male","Rural"
1930,342000,12,27,"Hindu","Male","Rural"
1931,3820,13,31,"Hindu","Male","Rural"
1932,175920,0,42,"Hindu","Male","Rural"
1933,317518,12,19,"Hindu","Female","Urban"
1934,30039,4,18,"Hindu","Male","Urban"
1935,10919,0,65,"Hindu","Male","Rural"
1936,13602,4,44,"Hindu","Male","Rural"
1937,4059,0,42,"Hindu","Male","Rural"
1938,21339,15,49,"Hindu","Male","Rural"
1939,20263,7,36,"Hindu","Male","Urban"
1940,119355,8,40,"Buddhist","Male","Rural"
1941,38301,6,46,"Hindu","Male","Rural"
1942,20172,9,34,"Hindu","Male","Urban"
1943,9942,15,21,"Hindu","Male","Urban"
1944,31593,0,19,"Hindu","Male","Rural"
1945,60068,4,35,"Hindu","Male","Urban"
1946,24334,7,44,"Hindu","Male","Rural"
1947,2905,8,34,"Sikh","Male","Rural"
1948,5235,2,35,"Hindu","Female","Rural"
1949,25287,0,45,"Hindu","Male","Rural"
1950,91706,7,35,"Hindu","Male","Rural"
1951,6570,0,47,"Hindu","Female","Rural"
1952,66730,15,39,"Hindu","Male","Rural"
1953,68821,3,35,"Hindu","Male","Urban"
1954,40453,15,38,"Hindu","Male","Urban"
1955,31899,3,28,"Hindu","Male","Rural"
1956,8549,5,25,"Hindu","Female","Urban"
1957,14430,8,23,"Hindu","Male","Rural"
1958,47479,5,39,"Hindu","Male","Urban"
1959,2322,5,27,"Muslim","Male","Rural"
1960,5746,0,33,"Hindu","Male","Rural"
1961,7895,4,48,"Hindu","Male","Rural"
1962,49064,0,35,"Hindu","Male","Rural"
1963,24283,2,56,"Hindu","Male","Rural"
1964,37549,0,27,"Sikh","Male","Rural"
1965,18333,1,50,"Hindu","Male","Rural"
1966,38761,10,29,"Hindu","Male","Urban"
1967,80917,0,54,"Hindu","Male","Rural"
1968,95196,0,41,"Hindu","Male","Rural"
1969,72174,1,39,"Hindu","Male","Urban"
1970,10479,15,44,"Hindu","Female","Rural"
1971,3810,0,44,"Hindu","Female","Rural"
1972,50368,9,18,"Sikh","Male","Rural"
1973,82172,6,30,"Muslim","Female","Rural"
1974,50007,12,28,"Hindu","Male","Rural"
1975,16468,0,51,"Hindu","Female","Urban"
1976,26772,0,40,"Hindu","Male","Urban"
1977,73504,6,18,"Hindu","Male","Urban"
1978,24887,0,47,"Hindu","Male","Rural"
1979,17173,0,39,"Hindu","Female","Rural"
1980,14674,4,34,"Christian","Female","Rural"
1981,4319,0,49,"Muslim","Female","Rural"
1982,16973,0,35,"Sikh","Female","Rural"
1983,8647,0,57,"Hindu","Male","Rural"
1984,5265,0,28,"Hindu","Male","Rural"
1985,94600,15,47,"Hindu","Male","Rural"
1986,153819,9,46,"Muslim","Male","Rural"
1987,7457,4,33,"Hindu","Female","Urban"
1988,28587,0,50,"Hindu","Male","Rural"
1989,30610,9,53,"Hindu","Female","Urban"
1990,14571,0,39,"Muslim","Female","Rural"
1991,8898,0,35,"Hindu","Male","Rural"
1992,128381,10,31,"Hindu","Female","Urban"
1993,22996,13,50,"Hindu","Female","Rural"
1994,64463,10,23,"Hindu","Female","Rural"
1995,9349,0,37,"Hindu","Male","Rural"
1996,9971,5,19,"Hindu","Male","Rural"
1997,57171,6,39,"Hindu","Male","Urban"
1998,4415,0,39,"Hindu","Male","Rural"
1999,12010,0,37,"Hindu","Female","Urban"
2000,67467,2,47,"Hindu","Male","Rural"
2001,158101,9,44,"Hindu","Male","Urban"
2002,33683,0,41,"Hindu","Male","Rural"
2003,14573,0,46,"Hindu","Male","Urban"
2004,9174,0,34,"Hindu","Male","Rural"
2005,59430,5,58,"Hindu","Male","Rural"
2006,22291,15,42,"Muslim","Male","Urban"
2007,14871,0,46,"Hindu","Male","Rural"
2008,39705,15,28,"Hindu","Male","Rural"
2009,21323,9,39,"Hindu","Male","Rural"
2010,1255902,10,42,"Hindu","Male","Urban"
2011,26075,4,28,"Muslim","Female","Rural"
2012,13567,15,42,"Hindu","Male","Rural"
2013,9605,6,24,"Christian","Male","Rural"
2014,111033,0,18,"Hindu","Male","Rural"
2015,14761,12,57,"Hindu","Male","Rural"
2016,66266,5,41,"Hindu","Male","Urban"
2017,1615,1,44,"Hindu","Female","Rural"
2018,7179,11,30,"Hindu","Male","Rural"
2019,9853,3,28,"Hindu","Female","Urban"
2020,61625,0,18,"Tribal","Male","Urban"
2021,49704,6,26,"Hindu","Male","Rural"
2022,147710,7,46,"Hindu","Male","Rural"
2023,8794,8,47,"Hindu","Female","Rural"
2024,13899,9,18,"Hindu","Male","Rural"
2025,144956,12,29,"Hindu","Male","Urban"
2026,16911,8,35,"Hindu","Male","Rural"
2027,7820,7,39,"Hindu","Male","Rural"
2028,112601,0,58,"Hindu","Male","Rural"
2029,9932,0,23,"Hindu","Female","Rural"
2030,20391,7,35,"Hindu","Male","Rural"
2031,24827,4,32,"Muslim","Female","Rural"
2032,58162,8,41,"Hindu","Male","Urban"
2033,11026,13,41,"Hindu","Female","Rural"
2034,23023,0,21,"Hindu","Female","Rural"
2035,15323,3,18,"Hindu","Male","Rural"
2036,56592,4,42,"Hindu","Male","Rural"
2037,23148,0,49,"Hindu","Male","Rural"
2038,6579,0,26,"Hindu","Male","Rural"
2039,11073,7,40,"Hindu","Female","Rural"
2040,90324,1,30,"Christian","Male","Rural"
2041,60517,5,23,"Hindu","Male","Urban"
2042,154926,10,41,"Hindu","Male","Rural"
2043,3882,9,20,"Hindu","Female","Urban"
2044,19768,3,56,"Hindu","Male","Rural"
2045,42602,15,63,"Hindu","Male","Urban"
2046,12930,0,38,"Hindu","Male","Rural"
2047,557256,15,22,"Christian","Male","Urban"
2048,38452,0,55,"Hindu","Female","Urban"
2049,4154,9,42,"Hindu","Female","Rural"
2050,3232,0,47,"Hindu","Female","Rural"
2051,94062,15,52,"Hindu","Female","Rural"
2052,43691,7,45,"Hindu","Male","Rural"
2053,11468,4,50,"Hindu","Male","Rural"
2054,10648,6,32,"Hindu","Male","Rural"
2055,41653,4,47,"Hindu","Male","Rural"
2056,26802,0,55,"Muslim","Female","Rural"
2057,7609,2,52,"Hindu","Female","Rural"
2058,44679,0,53,"Muslim","Male","Rural"
2059,6531,7,37,"Hindu","Female","Rural"
2060,45750,4,48,"Hindu","Male","Rural"
2061,6783,7,39,"Hindu","Female","Rural"
2062,90610,9,40,"Hindu","Male","Urban"
2063,15718,3,40,"Hindu","Male","Rural"
2064,9797,7,18,"Hindu","Female","Rural"
2065,19136,5,39,"Hindu","Male","Rural"
2066,183665,15,59,"Hindu","Male","Urban"
2067,279046,6,31,"Hindu","Male","Urban"
2068,12074,7,29,"Hindu","Male","Urban"
2069,9349,1,18,"Hindu","Female","Rural"
2070,5129,2,33,"Hindu","Male","Rural"
2071,65443,7,32,"Hindu","Male","Rural"
2072,17289,1,51,"Muslim","Female","Rural"
2073,6050,0,18,"Hindu","Male","Rural"
2074,16547,0,18,"Hindu","Male","Rural"
2075,53901,5,36,"Hindu","Male","Urban"
2076,18301,4,43,"Hindu","Male","Rural"
2077,7427,3,18,"Hindu","Female","Rural"
2078,68905,6,65,"Christian","Male","Rural"
2079,43466,15,54,"Hindu","Male","Rural"
2080,10372,5,32,"Hindu","Female","Rural"
2081,14489,4,38,"Hindu","Male","Rural"
2082,15786,5,18,"Hindu","Male","Rural"
2083,2697,1,26,"Hindu","Female","Rural"
2084,4724,0,30,"Hindu","Male","Rural"
2085,24569,15,30,"Hindu","Female","Rural"
2086,18040,5,55,"Hindu","Male","Rural"
2087,93038,4,49,"Hindu","Male","Rural"
2088,81293,15,50,"Hindu","Male","Rural"
2089,135200,10,18,"Hindu","Male","Rural"
2090,53752,10,33,"Hindu","Male","Urban"
2091,23874,13,29,"Hindu","Male","Rural"
2092,39563,3,40,"Hindu","Male","Rural"
2093,120401,0,34,"Hindu","Male","Rural"
2094,20867,2,25,"Hindu","Female","Rural"
2095,86505,15,33,"Hindu","Male","Rural"
2096,47627,11,32,"Hindu","Female","Urban"
2097,59096,12,18,"Hindu","Male","Urban"
2098,9585,7,31,"Hindu","Male","Rural"
2099,9249,10,26,"Hindu","Male","Rural"
2100,116180,15,37,"Hindu","Male","Urban"
2101,294956,15,27,"Hindu","Male","Urban"
2102,2172,0,52,"Hindu","Female","Rural"
2103,20911,0,36,"Hindu","Male","Rural"
2104,12373,0,18,"Hindu","Male","Rural"
2105,13808,4,29,"Sikh","Female","Rural"
2106,93013,1,49,"Hindu","Female","Urban"
2107,8053,0,37,"Hindu","Female","Rural"
2108,1759,0,34,"Hindu","Female","Rural"
2109,17401,8,62,"Hindu","Male","Rural"
2110,11480,0,31,"Hindu","Male","Rural"
2111,10553,11,50,"Hindu","Male","Rural"
2112,29171,9,32,"Hindu","Female","Rural"
2113,5109,0,47,"Hindu","Male","Rural"
2114,316415,15,37,"Muslim","Male","Urban"
2115,33816,4,37,"Christian","Male","Rural"
2116,22351,1,31,"Sikh","Female","Rural"
2117,21444,3,33,"Hindu","Male","Urban"
2118,13052,1,19,"Hindu","Male","Rural"
2119,19967,5,38,"Muslim","Male","Rural"
2120,11890,0,27,"Hindu","Female","Rural"
2121,53006,9,37,"Hindu","Male","Rural"
2122,41801,6,51,"Hindu","Male","Rural"
2123,11662,7,31,"Hindu","Male","Rural"
2124,33830,0,35,"Hindu","Male","Rural"
2125,21307,11,24,"Hindu","Male","Rural"
2126,2697,7,38,"Hindu","Male","Rural"
2127,39680,8,49,"Hindu","Male","Rural"
2128,11091,0,33,"Hindu","Male","Rural"
2129,12716,11,45,"Hindu","Female","Rural"
2130,321298,3,47,"Muslim","Male","Urban"
2131,20717,3,41,"Tribal","Female","Rural"
2132,32938,11,49,"Hindu","Male","Urban"
2133,47285,0,59,"Hindu","Male","Urban"
2134,5559,9,52,"Hindu","Male","Rural"
2135,67295,11,32,"Hindu","Male","Urban"
2136,36006,11,47,"Hindu","Male","Rural"
2137,14146,8,38,"Hindu","Female","Rural"
2138,36100,0,45,"Hindu","Male","Rural"
2139,71174,4,47,"Hindu","Male","Rural"
2140,12274,15,23,"Hindu","Female","Rural"
2141,21865,9,43,"Hindu","Female","Rural"
2142,22347,0,33,"Hindu","Male","Rural"
2143,54136,13,63,"Muslim","Female","Rural"
2144,84975,5,51,"Hindu","Male","Rural"
2145,45111,0,22,"Hindu","Male","Urban"
2146,57754,8,63,"Hindu","Female","Urban"
2147,34353,12,31,"Hindu","Male","Rural"
2148,54353,12,25,"Hindu","Male","Urban"
2149,14807,4,43,"Hindu","Male","Rural"
2150,8190,2,35,"Hindu","Male","Rural"
2151,59541,0,21,"Hindu","Male","Rural"
2152,42351,0,18,"Christian","Male","Rural"
2153,14288,0,38,"Hindu","Male","Urban"
2154,85639,12,59,"Hindu","Male","Rural"
2155,10112,6,37,"Hindu","Female","Rural"
2156,129700,1,34,"Hindu","Male","Urban"
2157,12465,4,38,"Hindu","Male","Rural"
2158,28650,5,38,"Hindu","Male","Rural"
2159,119260,6,54,"Hindu","Male","Rural"
2160,9666,0,50,"Hindu","Male","Rural"
2161,1807,0,39,"Muslim","Female","Rural"
2162,76247,12,40,"Hindu","Male","Urban"
2163,4705,8,33,"Christian","Male","Rural"
2164,21833,0,25,"Tribal","Male","Rural"
2165,29088,3,40,"Hindu","Male","Rural"
2166,243365,10,39,"Christian","Male","Urban"
2167,72704,0,20,"Hindu","Male","Urban"
2168,8059,4,22,"Hindu","Female","Rural"
2169,9837,0,50,"Hindu","Male","Rural"
2170,77088,15,42,"Hindu","Male","Urban"
2171,21567,12,51,"Hindu","Male","Rural"
2172,5065,11,36,"Muslim","Female","Rural"
2173,12853,5,47,"Hindu","Male","Rural"
2174,9159,0,20,"Sikh","Male","Rural"
2175,25486,6,36,"Hindu","Male","Urban"
2176,12531,0,19,"Hindu","Male","Rural"
2177,618815,15,56,"Hindu","Male","Rural"
2178,11198,7,34,"Hindu","Female","Rural"
2179,14415,3,37,"Hindu","Male","Urban"
2180,349,0,41,"Hindu","Female","Rural"
2181,21407,5,42,"Muslim","Male","Rural"
2182,35649,3,35,"Hindu","Female","Urban"
2183,6720,0,44,"Hindu","Female","Rural"
2184,37693,15,37,"Hindu","Male","Rural"
2185,11945,13,37,"Hindu","Male","Rural"
2186,20725,0,29,"Hindu","Male","Rural"
2187,72022,1,31,"Buddhist","Male","Urban"
2188,97911,0,26,"Hindu","Male","Rural"
2189,105047,15,49,"Hindu","Male","Urban"
2190,2922,1,31,"Hindu","Male","Rural"
2191,19745,15,53,"Hindu","Female","Rural"
2192,143702,5,29,"Hindu","Male","Rural"
2193,9108,1,49,"Hindu","Male","Rural"
2194,28684,3,26,"Hindu","Male","Rural"
2195,19805,9,38,"Hindu","Male","Rural"
2196,2863,0,39,"Hindu","Female","Rural"
2197,16444,0,64,"Hindu","Male","Rural"
2198,96483,2,49,"Hindu","Male","Urban"
2199,171406,7,18,"Hindu","Male","Urban"
2200,9891,0,33,"Hindu","Male","Rural"
2201,72488,10,43,"Hindu","Male","Rural"
2202,74487,8,33,"Hindu","Male","Urban"
2203,19896,8,32,"Hindu","Female","Urban"
2204,42834,10,49,"Muslim","Male","Urban"
2205,1566,0,30,"Hindu","Female","Rural"
2206,20111,6,28,"Hindu","Male","Rural"
2207,34281,12,39,"Hindu","Female","Urban"
2208,27266,5,30,"Hindu","Male","Rural"
2209,19802,2,21,"Hindu","Male","Urban"
2210,53062,15,44,"Hindu","Female","Urban"
2211,14877,2,51,"Hindu","Male","Urban"
2212,6667,5,54,"Hindu","Male","Rural"
2213,96712,10,40,"Hindu","Female","Urban"
2214,44407,12,39,"Hindu","Male","Urban"
2215,85799,0,55,"Muslim","Male","Rural"
2216,4737,1,51,"Hindu","Female","Rural"
2217,185211,15,30,"Hindu","Male","Urban"
2218,24093,10,46,"Hindu","Male","Rural"
2219,99404,12,58,"Hindu","Female","Urban"
2220,20092,4,54,"Hindu","Male","Rural"
2221,22543,0,36,"Hindu","Female","Rural"
2222,57877,3,38,"Hindu","Male","Urban"
2223,10957,0,18,"Hindu","Male","Rural"
2224,22767,9,20,"Hindu","Female","Rural"
2225,25731,14,38,"Hindu","Male","Rural"
2226,9335,0,25,"Hindu","Male","Rural"
2227,892,0,28,"Hindu","Female","Rural"
2228,131929,10,45,"Hindu","Male","Urban"
2229,10973,7,32,"Hindu","Male","Urban"
2230,303493,12,18,"Hindu","Male","Rural"
2231,21967,5,39,"Hindu","Male","Rural"
2232,62650,6,34,"Hindu","Male","Rural"
2233,39446,15,18,"Hindu","Male","Rural"
2234,12035,0,40,"Hindu","Male","Rural"
2235,6781,6,38,"Hindu","Female","Rural"
2236,202738,0,20,"Hindu","Female","Urban"
2237,73115,10,31,"Hindu","Male","Urban"
2238,25111,0,27,"Hindu","Female","Urban"
2239,19294,8,41,"Hindu","Female","Rural"
2240,59119,14,48,"Hindu","Male","Urban"
2241,145787,9,62,"Hindu","Male","Rural"
2242,55777,2,20,"Hindu","Male","Rural"
2243,16003,0,32,"Hindu","Male","Rural"
2244,897,0,61,"Muslim","Female","Rural"
2245,66516,12,48,"Hindu","Male","Rural"
2246,29505,15,30,"Muslim","Female","Urban"
2247,55549,0,18,"Hindu","Male","Rural"
2248,29995,13,43,"Hindu","Male","Rural"
2249,34538,0,65,"Hindu","Male","Rural"
2250,2272,1,29,"Hindu","Male","Rural"
2251,40092,14,52,"Muslim","Male","Rural"
2252,72672,7,49,"Hindu","Male","Rural"
2253,6926,3,60,"Christian","Female","Rural"
2254,29159,6,34,"Hindu","Male","Rural"
2255,70974,3,39,"Hindu","Male","Rural"
2256,64398,0,45,"Hindu","Male","Rural"
2257,2812,0,49,"Muslim","Female","Rural"
2258,34301,8,21,"Buddhist","Female","Rural"
2259,38873,0,30,"Hindu","Female","Rural"
2260,11762,2,49,"Hindu","Female","Rural"
2261,3616,6,60,"Hindu","Female","Rural"
2262,17674,9,53,"Hindu","Male","Rural"
2263,4329,5,30,"Hindu","Male","Rural"
2264,61788,8,55,"Hindu","Male","Urban"
2265,31336,15,32,"Hindu","Male","Rural"
2266,126954,0,32,"Hindu","Male","Rural"
2267,124877,12,31,"Hindu","Male","Urban"
2268,108324,7,46,"Muslim","Male","Urban"
2269,3696,0,32,"Hindu","Male","Rural"
2270,116449,5,41,"Hindu","Male","Urban"
2271,42744,0,40,"Hindu","Male","Rural"
2272,10931,0,36,"Hindu","Male","Rural"
2273,27640,5,38,"Hindu","Male","Rural"
2274,19053,2,46,"Hindu","Male","Urban"
2275,19033,14,52,"Hindu","Male","Urban"
2276,37907,5,65,"Hindu","Male","Rural"
2277,18236,4,41,"Christian","Male","Rural"
2278,53662,15,37,"Hindu","Male","Urban"
2279,1217,7,35,"Hindu","Female","Rural"
2280,8899,0,35,"Hindu","Female","Rural"
2281,43046,15,39,"Hindu","Female","Urban"
2282,7930,0,25,"Hindu","Male","Rural"
2283,98845,12,61,"Hindu","Male","Rural"
2284,15968,8,49,"Hindu","Male","Rural"
2285,24024,3,47,"Hindu","Male","Rural"
2286,15466,4,39,"Hindu","Female","Rural"
2287,20261,5,54,"Hindu","Female","Rural"
2288,64439,15,57,"Hindu","Female","Rural"
2289,6425,0,62,"Muslim","Male","Rural"
2290,3784,0,33,"Hindu","Male","Rural"
2291,149469,14,40,"Hindu","Female","Rural"
2292,50159,2,40,"Hindu","Male","Urban"
2293,23359,5,31,"Hindu","Male","Rural"
2294,238257,10,35,"Muslim","Male","Rural"
2295,13436,6,65,"Hindu","Male","Rural"
2296,12072,7,47,"Hindu","Male","Rural"
2297,812695,15,30,"Hindu","Male","Urban"
2298,5616,0,47,"Hindu","Male","Rural"
2299,158369,15,20,"Hindu","Male","Urban"
2300,4049,2,46,"Hindu","Male","Urban"
2301,2844,0,39,"Hindu","Male","Rural"
2302,121405,9,18,"Christian","Male","Rural"
2303,232941,4,33,"Hindu","Male","Urban"
2304,10241,10,18,"Hindu","Male","Rural"
2305,10504,0,38,"Hindu","Male","Rural"
2306,48698,0,39,"Hindu","Male","Rural"
2307,51024,5,62,"Hindu","Male","Rural"
2308,5203,0,45,"Hindu","Female","Rural"
2309,62053,14,36,"Hindu","Male","Rural"
2310,4873,0,28,"Hindu","Male","Rural"
2311,49661,0,41,"Hindu","Male","Rural"
2312,82309,0,58,"Hindu","Male","Rural"
2313,155759,6,61,"Hindu","Male","Urban"
2314,20532,9,48,"Hindu","Male","Rural"
2315,6822,0,52,"Hindu","Male","Rural"
2316,160732,15,58,"Hindu","Male","Rural"
2317,12550,3,50,"Hindu","Male","Rural"
2318,26492,2,21,"Hindu","Male","Rural"
2319,35785,6,41,"Hindu","Male","Urban"
2320,19501,15,39,"Hindu","Female","Rural"
2321,39526,13,39,"Hindu","Male","Rural"
2322,32008,1,21,"Hindu","Male","Rural"
2323,33782,15,31,"Hindu","Male","Rural"
2324,2399,0,19,"Hindu","Male","Rural"
2325,12216,0,46,"Hindu","Male","Rural"
2326,141979,14,37,"Muslim","Male","Rural"
2327,13833,10,42,"Hindu","Male","Rural"
2328,16496,0,24,"Hindu","Male","Rural"
2329,100979,6,26,"Hindu","Female","Urban"
2330,84440,5,36,"Muslim","Male","Urban"
2331,7097,5,39,"Hindu","Female","Rural"
2332,23799,11,47,"Hindu","Male","Rural"
2333,70115,13,23,"Sikh","Male","Urban"
2334,133708,11,47,"Sikh","Male","Urban"
2335,62131,0,38,"Muslim","Male","Urban"
2336,187930,0,35,"Hindu","Male","Rural"
2337,23876,6,35,"Muslim","Male","Rural"
2338,10717,14,45,"Hindu","Male","Rural"
2339,421372,12,45,"Hindu","Male","Urban"
2340,4951,0,29,"Hindu","Female","Rural"
2341,96295,14,35,"Hindu","Male","Urban"
2342,20098,5,25,"Hindu","Male","Urban"
2343,7011,5,33,"Hindu","Female","Rural"
2344,91278,15,18,"Hindu","Female","Urban"
2345,10986,0,32,"Hindu","Male","Rural"
2346,119852,8,38,"Hindu","Female","Urban"
2347,30773,3,32,"Hindu","Male","Rural"
2348,10273,5,38,"Hindu","Male","Rural"
2349,1638,0,60,"Hindu","Male","Rural"
2350,83699,8,25,"Hindu","Male","Rural"
2351,168521,15,50,"Hindu","Male","Urban"
2352,50622,4,36,"Hindu","Male","Rural"
2353,59654,15,35,"Hindu","Male","Urban"
2354,108263,7,18,"Hindu","Male","Rural"
2355,35478,1,27,"Hindu","Female","Rural"
2356,143227,10,46,"Hindu","Female","Rural"
2357,23488,0,43,"Hindu","Male","Rural"
2358,39553,9,18,"Hindu","Male","Rural"
2359,168466,0,45,"Hindu","Male","Rural"
2360,9328,3,53,"Hindu","Female","Rural"
2361,11465,8,18,"Hindu","Female","Urban"
2362,11271,0,60,"Muslim","Male","Rural"
2363,144401,3,28,"Hindu","Male","Urban"
2364,23489,0,33,"Hindu","Male","Urban"
2365,757265,15,34,"Buddhist","Male","Rural"
2366,28052,6,50,"Muslim","Male","Rural"
2367,20433,5,54,"Hindu","Male","Rural"
2368,24778,5,45,"Hindu","Male","Rural"
2369,38092,12,44,"Hindu","Female","Urban"
2370,2173,1,45,"Hindu","Male","Rural"
2371,11874,13,30,"Hindu","Female","Rural"
2372,146769,7,39,"Hindu","Male","Rural"
2373,15778,0,37,"Hindu","Male","Rural"
2374,15251,1,32,"Hindu","Female","Rural"
2375,40504,13,43,"Hindu","Female","Rural"
2376,89715,7,24,"Buddhist","Male","Rural"
2377,4663,2,26,"Hindu","Female","Rural"
2378,105720,12,28,"Hindu","Male","Urban"
2379,125952,0,44,"Hindu","Male","Rural"
2380,15143,10,33,"Hindu","Male","Urban"
2381,35557,14,25,"Hindu","Male","Rural"
2382,39070,11,41,"Muslim","Female","Urban"
2383,41913,8,33,"Hindu","Male","Rural"
2384,35413,0,32,"Hindu","Female","Rural"
2385,12635,7,55,"Hindu","Male","Rural"
2386,26699,0,46,"Muslim","Male","Rural"
2387,91336,15,46,"Hindu","Male","Rural"
2388,37771,12,50,"Hindu","Male","Urban"
2389,24202,5,38,"Hindu","Female","Urban"
2390,13543,3,38,"Hindu","Male","Urban"
2391,11803,0,34,"Hindu","Male","Rural"
2392,303596,14,30,"Hindu","Male","Rural"
2393,1934,4,33,"Hindu","Female","Rural"
2394,20565,0,40,"Hindu","Male","Rural"
2395,54210,6,50,"Hindu","Male","Rural"
2396,3142,6,59,"Hindu","Male","Rural"
2397,208095,7,41,"Hindu","Male","Urban"
2398,12283,2,40,"Hindu","Male","Rural"
2399,14939,0,39,"Hindu","Female","Rural"
2400,16207,0,55,"Muslim","Female","Urban"
2401,16973,5,42,"Hindu","Male","Urban"
2402,13259,0,53,"Muslim","Male","Rural"
2403,13033,12,28,"Hindu","Male","Rural"
2404,50496,0,33,"Hindu","Male","Urban"
2405,139464,14,56,"Hindu","Male","Rural"
2406,19564,0,62,"Hindu","Female","Urban"
2407,9586,0,37,"Hindu","Male","Rural"
2408,20366,13,26,"Hindu","Female","Rural"
2409,41035,15,50,"Hindu","Male","Rural"
2410,102002,3,22,"Hindu","Male","Urban"
2411,29494,7,43,"Hindu","Male","Rural"
2412,133177,3,54,"Hindu","Female","Rural"
2413,83714,0,50,"Hindu","Female","Rural"
2414,53949,6,42,"Hindu","Male","Rural"
2415,12348,4,31,"Hindu","Male","Rural"
2416,61189,4,38,"Hindu","Male","Rural"
2417,39962,9,61,"Hindu","Male","Urban"
2418,4469,0,37,"Hindu","Male","Rural"
2419,2177,0,51,"Hindu","Male","Rural"
2420,128033,0,47,"Hindu","Male","Rural"
2421,15668,13,38,"Hindu","Female","Rural"
2422,185387,15,46,"Christian","Male","Rural"
2423,117890,12,38,"Muslim","Male","Rural"
2424,33488,10,31,"Hindu","Male","Rural"
2425,16578,1,32,"Hindu","Male","Rural"
2426,21122,11,37,"Muslim","Female","Rural"
2427,26786,11,36,"Sikh","Male","Rural"
2428,7916,4,36,"Hindu","Female","Rural"
2429,15239,2,47,"Hindu","Male","Rural"
2430,196602,8,46,"Hindu","Male","Rural"
2431,11774,0,18,"Hindu","Female","Rural"
2432,14633,0,38,"Hindu","Female","Rural"
2433,55259,15,34,"Hindu","Male","Urban"
2434,31972,0,57,"Hindu","Male","Rural"
2435,53805,4,27,"Muslim","Male","Urban"
2436,4917,1,26,"Hindu","Male","Rural"
2437,201803,12,49,"Hindu","Male","Urban"
2438,30096,5,18,"Hindu","Female","Rural"
2439,26979,13,38,"Hindu","Male","Rural"
2440,5183,13,31,"Hindu","Female","Rural"
2441,13531,8,57,"Hindu","Male","Rural"
2442,6578,0,48,"Hindu","Female","Rural"
2443,11186,6,24,"Muslim","Female","Rural"
2444,4281,4,48,"Hindu","Male","Rural"
2445,97048,11,32,"Muslim","Female","Rural"
2446,19622,0,42,"Hindu","Male","Rural"
2447,5038,3,40,"Hindu","Female","Rural"
2448,7643,0,24,"Hindu","Male","Rural"
2449,12059,0,48,"Christian","Male","Rural"
2450,46643,15,31,"Hindu","Male","Rural"
2451,28743,9,38,"Hindu","Male","Rural"
2452,18279,0,44,"Hindu","Female","Urban"
2453,335535,15,32,"Hindu","Male","Urban"
2454,83927,8,44,"Hindu","Male","Rural"
2455,8449,0,54,"Muslim","Male","Rural"
2456,121836,0,33,"Hindu","Male","Rural"
2457,13272,15,25,"Hindu","Female","Urban"
2458,14516,11,34,"Hindu","Male","Urban"
2459,118876,15,18,"Hindu","Male","Urban"
2460,24902,13,40,"Hindu","Female","Rural"
2461,19273,4,27,"Hindu","Male","Rural"
2462,86139,14,31,"Hindu","Female","Urban"
2463,20453,0,59,"Hindu","Male","Rural"
2464,44574,0,36,"Hindu","Male","Rural"
2465,64864,2,60,"Christian","Male","Rural"
2466,68188,5,40,"Hindu","Male","Urban"
2467,67641,9,54,"Christian","Male","Rural"
2468,19402,12,34,"Hindu","Female","Rural"
2469,387,1,41,"Hindu","Female","Rural"
2470,32049,0,43,"Muslim","Male","Urban"
2471,67005,2,47,"Hindu","Male","Rural"
2472,8588,0,45,"Hindu","Female","Rural"
2473,29378,0,29,"Hindu","Male","Rural"
2474,163845,7,37,"Hindu","Male","Rural"
2475,83164,1,40,"Hindu","Male","Rural"
2476,57544,0,49,"Hindu","Female","Urban"
2477,47105,9,27,"Hindu","Male","Urban"
2478,155850,8,49,"Muslim","Female","Rural"
2479,61211,15,37,"Hindu","Female","Urban"
2480,34048,11,48,"Muslim","Female","Rural"
2481,23509,0,39,"Hindu","Female","Rural"
2482,2307,2,31,"Hindu","Male","Rural"
2483,86657,5,23,"Hindu","Male","Rural"
2484,42556,8,38,"Hindu","Male","Urban"
2485,80520,7,47,"Hindu","Male","Urban"
2486,5410,4,39,"Hindu","Female","Urban"
2487,11017,0,28,"Muslim","Female","Rural"
2488,52048,12,60,"Hindu","Male","Urban"
2489,159412,14,43,"Hindu","Male","Urban"
2490,80809,6,57,"Muslim","Female","Urban"
2491,4410,6,27,"Hindu","Female","Urban"
2492,92423,7,33,"Sikh","Male","Urban"
2493,115685,5,49,"Sikh","Male","Rural"
2494,9592,0,44,"Hindu","Male","Rural"
2495,8810,2,41,"Hindu","Female","Rural"
2496,1796,4,61,"Hindu","Female","Rural"
2497,9126,6,39,"Hindu","Female","Rural"
2498,648678,12,62,"Hindu","Male","Urban"
2499,4817,3,46,"Hindu","Female","Rural"
2500,37697,4,35,"Hindu","Male","Urban"
2501,29351,12,18,"Hindu","Male","Rural"
2502,17944,10,53,"Sikh","Male","Rural"
2503,220115,5,34,"Sikh","Male","Urban"
2504,56407,2,27,"Hindu","Male","Urban"
2505,3709,7,60,"Hindu","Female","Rural"
2506,80878,0,48,"Hindu","Male","Urban"
2507,57116,5,18,"Hindu","Male","Urban"
2508,18682,10,47,"Hindu","Female","Rural"
2509,88875,12,35,"Hindu","Male","Urban"
2510,20918,6,55,"Hindu","Male","Rural"
2511,51617,10,30,"Hindu","Male","Urban"
2512,41029,0,18,"Hindu","Male","Rural"
2513,43665,0,34,"Hindu","Male","Rural"
2514,5006,6,55,"Hindu","Male","Rural"
2515,27779,11,33,"Hindu","Male","Rural"
2516,5061,0,28,"Hindu","Female","Rural"
2517,3166,0,40,"Hindu","Male","Rural"
2518,8261,0,54,"Hindu","Female","Rural"
2519,50412,2,42,"Muslim","Male","Urban"
2520,19805,13,27,"Hindu","Male","Urban"
2521,755101,6,61,"Christian","Female","Urban"
2522,14849,14,41,"Tribal","Male","Rural"
2523,24265,2,36,"Hindu","Female","Urban"
2524,129719,0,39,"Hindu","Male","Urban"
2525,16829,7,37,"Hindu","Female","Rural"
2526,20018,8,20,"Hindu","Male","Rural"
2527,42805,4,18,"Hindu","Male","Rural"
2528,107329,10,48,"Hindu","Male","Urban"
2529,53443,15,51,"Hindu","Male","Urban"
2530,4243,1,35,"Hindu","Female","Rural"
2531,51726,13,23,"Hindu","Male","Urban"
2532,2445,0,31,"Hindu","Female","Rural"
2533,124767,15,45,"Hindu","Male","Urban"
2534,9397,0,31,"Hindu","Male","Rural"
2535,56490,3,28,"Hindu","Male","Urban"
2536,9180,0,18,"Tribal","Female","Rural"
2537,101391,15,26,"Muslim","Male","Rural"
2538,277925,15,20,"Hindu","Female","Urban"
2539,45287,11,52,"Hindu","Female","Urban"
2540,25494,2,45,"Hindu","Male","Rural"
2541,14541,0,34,"Muslim","Male","Rural"
2542,90819,15,46,"Hindu","Male","Rural"
2543,60636,7,57,"Hindu","Male","Urban"
2544,6464,0,40,"Muslim","Male","Rural"
2545,24297,0,27,"Muslim","Male","Rural"
2546,15064,8,55,"Hindu","Male","Rural"
2547,18049,1,26,"Hindu","Male","Rural"
2548,206717,5,28,"Hindu","Male","Urban"
2549,9898,3,45,"Hindu","Female","Rural"
2550,84445,11,50,"Hindu","Female","Rural"
2551,39828,0,39,"Hindu","Male","Urban"
2552,42621,15,44,"Muslim","Male","Rural"
2553,23173,0,21,"Hindu","Male","Rural"
2554,13074,11,65,"Hindu","Male","Rural"
2555,53215,9,24,"Hindu","Male","Urban"
2556,36435,9,40,"Hindu","Female","Rural"
2557,19401,4,59,"Hindu","Male","Rural"
2558,8735,7,18,"Hindu","Female","Rural"
2559,8117,0,51,"Buddhist","Male","Rural"
2560,15596,6,38,"Hindu","Male","Rural"
2561,10451,3,22,"Hindu","Female","Rural"
2562,28082,6,28,"Hindu","Male","Rural"
2563,17346,0,32,"Hindu","Male","Rural"
2564,7856,5,18,"Hindu","Female","Rural"
2565,23574,15,65,"Hindu","Female","Rural"
2566,15524,0,28,"Muslim","Female","Rural"
2567,26502,2,56,"Hindu","Male","Rural"
2568,60049,8,41,"Muslim","Male","Rural"
2569,61132,1,39,"Muslim","Male","Rural"
2570,170398,5,26,"Hindu","Female","Urban"
2571,68593,11,19,"Hindu","Male","Rural"
2572,101552,4,39,"Hindu","Male","Rural"
2573,37185,0,33,"Hindu","Male","Rural"
2574,6285,0,23,"Hindu","Female","Rural"
2575,20028,9,65,"Hindu","Male","Rural"
2576,11854,11,61,"Hindu","Male","Rural"
2577,104397,0,47,"Hindu","Male","Rural"
2578,88632,13,34,"Hindu","Male","Urban"
2579,16630,0,36,"Hindu","Male","Rural"
2580,15644,12,32,"Hindu","Female","Rural"
2581,11703,2,46,"Hindu","Female","Urban"
2582,12130,4,28,"Hindu","Female","Urban"
2583,41770,7,31,"Hindu","Male","Rural"
2584,12262,13,53,"Hindu","Female","Rural"
2585,53257,6,24,"Hindu","Male","Rural"
2586,22672,0,50,"Hindu","Male","Rural"
2587,7919,2,32,"Hindu","Male","Urban"
2588,27183,9,55,"Hindu","Male","Rural"
2589,18427,5,41,"Hindu","Male","Urban"
2590,25825,6,21,"Hindu","Male","Urban"
2591,75344,4,52,"Hindu","Male","Rural"
2592,22617,0,34,"Hindu","Male","Rural"
2593,1927,0,36,"Hindu","Female","Rural"
2594,4429,7,33,"Hindu","Female","Rural"
2595,2294,0,34,"Hindu","Male","Rural"
2596,25238,13,49,"Muslim","Male","Urban"
2597,2680,0,36,"Sikh","Male","Rural"
2598,47133,12,27,"Muslim","Female","Rural"
2599,7657,8,51,"Hindu","Female","Rural"
2600,84880,13,47,"Hindu","Male","Urban"
2601,54535,12,36,"Hindu","Female","Rural"
2602,131131,14,27,"Sikh","Male","Rural"
2603,11314,3,18,"Hindu","Male","Rural"
2604,1729,6,24,"Hindu","Male","Rural"
2605,184735,3,43,"Hindu","Male","Rural"
2606,63927,14,64,"Hindu","Male","Rural"
2607,10116,3,59,"Hindu","Male","Rural"
2608,7686,5,24,"Hindu","Female","Rural"
2609,6096,0,47,"Hindu","Female","Rural"
2610,4550,0,64,"Hindu","Female","Urban"
2611,7170,0,39,"Muslim","Male","Rural"
2612,17568,0,35,"Muslim","Male","Rural"
2613,13593,3,41,"Hindu","Male","Rural"
2614,103294,13,27,"Hindu","Male","Urban"
2615,54173,11,55,"Christian","Male","Rural"
2616,8562,0,45,"Hindu","Male","Rural"
2617,15887,8,51,"Hindu","Male","Rural"
2618,47669,5,39,"Hindu","Female","Rural"
2619,6161,3,39,"Hindu","Female","Rural"
2620,2732,7,21,"Hindu","Male","Rural"
2621,16739,6,41,"Hindu","Male","Rural"
2622,27698,0,45,"Hindu","Male","Rural"
2623,22044,4,36,"Hindu","Male","Urban"
2624,19024,7,32,"Hindu","Male","Urban"
2625,3400,3,51,"Muslim","Male","Rural"
2626,33090,9,18,"Hindu","Male","Rural"
2627,9699,5,23,"Hindu","Male","Urban"
2628,18871,7,29,"Hindu","Male","Rural"
2629,2835,2,33,"Hindu","Female","Rural"
2630,1372,4,25,"Hindu","Female","Rural"
2631,571358,15,34,"Hindu","Male","Urban"
2632,3783,1,65,"Hindu","Female","Rural"
2633,6136,5,38,"Hindu","Male","Rural"
2634,44960,12,37,"Hindu","Male","Rural"
2635,27540,0,36,"Hindu","Male","Urban"
2636,1981,0,28,"Hindu","Male","Rural"
2637,14481,6,26,"Hindu","Male","Urban"
2638,289052,0,54,"Muslim","Male","Urban"
2639,34212,0,40,"Hindu","Male","Rural"
2640,13800,3,32,"Hindu","Male","Rural"
2641,2981,0,36,"Hindu","Male","Rural"
2642,107433,0,39,"Hindu","Male","Rural"
2643,2868,7,38,"Hindu","Male","Rural"
2644,82661,0,42,"Hindu","Male","Urban"
2645,10430,0,45,"Hindu","Male","Rural"
2646,226861,15,31,"Hindu","Male","Urban"
2647,12375,8,43,"Hindu","Female","Rural"
2648,8990,0,36,"Hindu","Female","Rural"
2649,30741,2,38,"Hindu","Female","Urban"
2650,11781,0,27,"Hindu","Male","Rural"
2651,25348,3,25,"Hindu","Male","Rural"
2652,11288,1,43,"Hindu","Female","Rural"
2653,6376,2,33,"Hindu","Male","Rural"
2654,97482,13,34,"Hindu","Male","Rural"
2655,77049,15,30,"Hindu","Male","Rural"
2656,17198,2,47,"Hindu","Female","Rural"
2657,9033,15,60,"Hindu","Male","Rural"
2658,34101,15,33,"Muslim","Male","Urban"
2659,31338,0,39,"Hindu","Male","Urban"
2660,32595,0,65,"Hindu","Female","Rural"
2661,33691,0,47,"Muslim","Male","Rural"
2662,71880,1,32,"Hindu","Male","Urban"
2663,246999,9,36,"Sikh","Male","Rural"
2664,150253,10,57,"Hindu","Female","Urban"
2665,54610,6,23,"Hindu","Male","Rural"
2666,142618,6,49,"Hindu","Female","Rural"
2667,16379,0,37,"Muslim","Male","Rural"
2668,5414,0,52,"Hindu","Male","Urban"
2669,125641,9,43,"Hindu","Female","Rural"
2670,7531,3,53,"Hindu","Male","Rural"
2671,31097,0,39,"Hindu","Female","Rural"
2672,6626,9,33,"Hindu","Female","Rural"
2673,1046,0,43,"Hindu","Female","Rural"
2674,69615,11,49,"Muslim","Male","Urban"
2675,14203,0,35,"Hindu","Male","Rural"
2676,43045,0,39,"Muslim","Male","Rural"
2677,19329,5,44,"Hindu","Male","Rural"
2678,1271583,8,18,"Muslim","Male","Urban"
2679,8505,0,46,"Hindu","Female","Rural"
2680,14758,2,55,"Hindu","Male","Rural"
2681,31315,0,18,"Hindu","Female","Rural"
2682,4248,0,50,"Hindu","Female","Rural"
2683,36608,5,55,"Hindu","Male","Rural"
2684,21976,4,30,"Hindu","Male","Rural"
2685,28113,0,32,"Hindu","Male","Urban"
2686,9140,3,46,"Hindu","Female","Rural"
2687,67005,6,38,"Hindu","Male","Rural"
2688,2586,2,47,"Hindu","Male","Rural"
2689,20946,0,48,"Hindu","Female","Rural"
2690,87585,0,31,"Hindu","Male","Rural"
2691,73105,0,41,"Muslim","Male","Rural"
2692,57405,5,44,"Hindu","Male","Rural"
2693,15437,1,28,"Hindu","Male","Urban"
2694,30252,0,45,"Hindu","Male","Rural"
2695,2430,1,37,"Hindu","Male","Rural"
2696,979,4,45,"Hindu","Female","Rural"
2697,41484,4,50,"Hindu","Male","Rural"
2698,13892,0,54,"Hindu","Male","Urban"
2699,22714,10,43,"Hindu","Male","Rural"
2700,69939,9,47,"Hindu","Male","Urban"
2701,15356,2,54,"Muslim","Male","Rural"
2702,22645,7,29,"Muslim","Male","Rural"
2703,651350,15,43,"Hindu","Male","Urban"
2704,62891,6,25,"Muslim","Male","Rural"
2705,14865,12,65,"Hindu","Female","Urban"
2706,432997,15,45,"Christian","Male","Urban"
2707,100487,6,56,"Muslim","Male","Rural"
2708,3435,2,25,"Hindu","Male","Rural"
2709,216522,11,37,"Hindu","Male","Urban"
2710,17362,9,36,"Hindu","Female","Rural"
2711,87927,0,56,"Hindu","Male","Urban"
2712,20866,15,38,"Hindu","Female","Rural"
2713,112657,3,34,"Hindu","Male","Rural"
2714,34178,5,37,"Hindu","Male","Urban"
2715,22825,15,52,"Hindu","Male","Rural"
2716,3729,0,44,"Hindu","Female","Rural"
2717,258800,12,27,"Hindu","Male","Urban"
2718,27647,2,29,"Hindu","Male","Rural"
2719,94532,13,48,"Hindu","Male","Urban"
2720,25875,14,26,"Hindu","Female","Rural"
2721,3244,2,24,"Hindu","Male","Rural"
2722,34219,0,43,"Hindu","Female","Rural"
2723,8604,4,45,"Hindu","Male","Rural"
2724,32235,7,35,"Muslim","Male","Rural"
2725,3047,2,40,"Hindu","Male","Rural"
2726,26881,0,19,"Hindu","Male","Urban"
2727,202833,9,22,"Hindu","Male","Urban"
2728,16191,5,29,"Hindu","Male","Rural"
2729,16328,0,52,"Buddhist","Male","Rural"
2730,54369,7,32,"Hindu","Male","Rural"
2731,3106,3,40,"Hindu","Female","Rural"
2732,110786,7,44,"Hindu","Male","Urban"
2733,16842,12,45,"Hindu","Female","Rural"
2734,3165,8,42,"Hindu","Female","Rural"
2735,46074,14,49,"Sikh","Male","Rural"
2736,16054,8,44,"Hindu","Female","Rural"
2737,35164,1,41,"Hindu","Male","Rural"
2738,753,6,18,"Hindu","Female","Rural"
2739,29950,9,43,"Christian","Female","Rural"
2740,79080,10,56,"Hindu","Male","Urban"
2741,35976,0,25,"Hindu","Male","Rural"
2742,82573,2,34,"Hindu","Male","Urban"
2743,3059,6,51,"Hindu","Female","Rural"
2744,131314,0,42,"Hindu","Male","Urban"
2745,73458,2,26,"Hindu","Male","Urban"
2746,88447,6,45,"Muslim","Male","Urban"
2747,91165,15,37,"Hindu","Female","Urban"
2748,149399,15,31,"Hindu","Male","Urban"
2749,40343,1,49,"Hindu","Male","Rural"
2750,21264,2,35,"Hindu","Male","Rural"
2751,67598,6,44,"Hindu","Male","Urban"
2752,9178,2,18,"Tribal","Male","Rural"
2753,50053,8,41,"Hindu","Female","Rural"
2754,22345,1,53,"Hindu","Female","Rural"
2755,22694,11,28,"Hindu","Male","Rural"
2756,11277,5,28,"Hindu","Male","Rural"
2757,296750,8,37,"Christian","Male","Urban"
2758,119870,15,61,"Hindu","Male","Urban"
2759,2362,0,32,"Hindu","Male","Rural"
2760,6829,14,51,"Hindu","Female","Rural"
2761,69336,7,35,"Hindu","Male","Urban"
2762,86959,8,54,"Hindu","Female","Urban"
2763,82565,0,58,"Hindu","Male","Rural"
2764,11752,15,48,"Hindu","Male","Rural"
2765,11535,4,33,"Hindu","Male","Rural"
2766,10540,4,65,"Hindu","Male","Rural"
2767,45397,4,27,"Hindu","Female","Urban"
2768,39010,6,21,"Hindu","Male","Urban"
2769,32469,14,18,"Christian","Male","Rural"
2770,103028,0,47,"Hindu","Male","Urban"
2771,3613,3,61,"Hindu","Female","Rural"
2772,16321,1,42,"Hindu","Male","Rural"
2773,66316,3,35,"Hindu","Male","Urban"
2774,75651,6,23,"Hindu","Male","Rural"
2775,26965,14,39,"Hindu","Male","Urban"
2776,40752,11,29,"Hindu","Male","Rural"
2777,2608,7,25,"Hindu","Female","Rural"
2778,19030,8,19,"Hindu","Female","Urban"
2779,59149,8,48,"Muslim","Male","Urban"
2780,133774,12,19,"Hindu","Male","Rural"
2781,33181,3,49,"Hindu","Male","Rural"
2782,49735,15,18,"Muslim","Female","Urban"
2783,68936,11,28,"Hindu","Male","Rural"
2784,34024,15,64,"Hindu","Female","Rural"
2785,59691,3,48,"Hindu","Male","Urban"
2786,31868,10,49,"Hindu","Male","Rural"
2787,7608,3,48,"Hindu","Male","Rural"
2788,26789,9,30,"Muslim","Male","Rural"
2789,4311,1,28,"Muslim","Female","Rural"
2790,9288,0,18,"Hindu","Male","Rural"
2791,18411,10,43,"Hindu","Male","Urban"
2792,208984,13,22,"Hindu","Male","Urban"
2793,119381,8,33,"Hindu","Male","Urban"
2794,3955,0,61,"Hindu","Male","Rural"
2795,41727,9,39,"Hindu","Male","Urban"
2796,20375,2,44,"Hindu","Female","Rural"
2797,7341,10,18,"Hindu","Female","Rural"
2798,9598,8,29,"Hindu","Male","Rural"
2799,113842,0,35,"Hindu","Male","Rural"
2800,186136,5,48,"Hindu","Male","Urban"
2801,51265,14,42,"Hindu","Male","Rural"
2802,165374,12,52,"Hindu","Male","Urban"
2803,56680,10,28,"Muslim","Female","Urban"
2804,20163,7,65,"Hindu","Male","Rural"
2805,35864,15,37,"Hindu","Male","Urban"
2806,79203,6,36,"Hindu","Male","Rural"
2807,32844,3,32,"Hindu","Male","Rural"
2808,91247,15,50,"Sikh","Female","Rural"
2809,68791,0,61,"Muslim","Male","Rural"
2810,22273,0,47,"Hindu","Male","Rural"
2811,11819,11,18,"Hindu","Male","Rural"
2812,30903,0,25,"Hindu","Male","Urban"
2813,9187,0,42,"Hindu","Male","Rural"
2814,49197,15,37,"Hindu","Female","Rural"
2815,6082,10,19,"Hindu","Male","Rural"
2816,18036,7,38,"Hindu","Male","Rural"
2817,19269,5,18,"Hindu","Female","Rural"
2818,287172,11,34,"Hindu","Male","Rural"
2819,321567,5,59,"Hindu","Male","Rural"
2820,21141,2,36,"Muslim","Male","Rural"
2821,20892,0,36,"Hindu","Male","Rural"
2822,18821,11,30,"Hindu","Female","Rural"
2823,13708,7,58,"Hindu","Female","Rural"
2824,5221,5,39,"Hindu","Male","Rural"
2825,109897,0,50,"Hindu","Male","Urban"
2826,13150,0,45,"Hindu","Male","Urban"
2827,13057,6,47,"Hindu","Male","Rural"
2828,28865,7,42,"Hindu","Male","Rural"
2829,42459,5,43,"Muslim","Female","Rural"
2830,28043,13,32,"Hindu","Female","Rural"
2831,12123,0,18,"Hindu","Male","Urban"
2832,20333,0,31,"Hindu","Male","Rural"
2833,199941,14,25,"Hindu","Male","Urban"
2834,38336,3,63,"Hindu","Male","Rural"
2835,1517,4,47,"Hindu","Female","Rural"
2836,32195,12,51,"Hindu","Male","Urban"
2837,7898,0,43,"Hindu","Female","Rural"
2838,91792,2,52,"Hindu","Male","Urban"
2839,43453,0,26,"Hindu","Male","Urban"
2840,6468,1,39,"Hindu","Male","Rural"
2841,11231,5,36,"Hindu","Male","Rural"
2842,25932,14,34,"Hindu","Female","Rural"
2843,15947,13,49,"Hindu","Female","Rural"
2844,79591,12,44,"Muslim","Male","Rural"
2845,164954,15,46,"Muslim","Male","Rural"
2846,87354,7,45,"Hindu","Male","Rural"
2847,38934,2,50,"Hindu","Male","Rural"
2848,17401,0,35,"Hindu","Male","Rural"
2849,110325,0,51,"Hindu","Male","Rural"
2850,45213,7,51,"Hindu","Male","Urban"
2851,9409,3,21,"Hindu","Male","Rural"
2852,10925,0,55,"Hindu","Male","Rural"
2853,21517,5,33,"Hindu","Female","Rural"
2854,29285,10,18,"Hindu","Female","Urban"
2855,16905,0,35,"Hindu","Female","Rural"
2856,21335,2,23,"Hindu","Male","Rural"
2857,20407,0,45,"Hindu","Male","Rural"
2858,100961,3,39,"Hindu","Female","Urban"
2859,54546,14,33,"Muslim","Female","Urban"
2860,12997,8,41,"Hindu","Female","Rural"
2861,4121,0,30,"Hindu","Male","Rural"
2862,19299,9,44,"Hindu","Female","Urban"
2863,39351,3,54,"Hindu","Male","Urban"
2864,28577,5,50,"Muslim","Female","Rural"
2865,22699,3,59,"Hindu","Female","Rural"
2866,81652,0,47,"Muslim","Male","Rural"
2867,21519,4,37,"Hindu","Male","Urban"
2868,36421,11,23,"Hindu","Female","Rural"
2869,19237,0,31,"Hindu","Male","Rural"
2870,108457,12,40,"Hindu","Male","Urban"
2871,19953,3,34,"Hindu","Male","Rural"
2872,23147,0,34,"Hindu","Male","Rural"
2873,58648,6,47,"Hindu","Male","Rural"
2874,7515,2,46,"Hindu","Female","Rural"
2875,239862,15,18,"Christian","Male","Rural"
2876,119796,4,65,"Muslim","Male","Rural"
2877,46568,10,31,"Christian","Male","Urban"
2878,2055,9,32,"Hindu","Female","Rural"
2879,45432,4,44,"Sikh","Male","Rural"
2880,18744,0,38,"Hindu","Male","Rural"
2881,11639,0,46,"Hindu","Male","Rural"
2882,11774,3,46,"Hindu","Female","Rural"
2883,3645,6,32,"Hindu","Male","Rural"
2884,14559,7,41,"Hindu","Female","Urban"
2885,69688,12,43,"Muslim","Male","Rural"
2886,31695,15,46,"Hindu","Male","Urban"
2887,64208,0,32,"Christian","Male","Rural"
2888,34111,2,33,"Hindu","Male","Urban"
2889,138440,13,47,"Hindu","Male","Urban"
2890,16990,0,29,"Hindu","Female","Rural"
2891,6867,6,46,"Hindu","Male","Rural"
2892,173787,14,43,"Hindu","Male","Urban"
2893,3037,5,49,"Hindu","Female","Rural"
2894,2656,13,37,"Hindu","Female","Rural"
2895,15160,4,21,"Hindu","Female","Rural"
2896,3182,0,49,"Hindu","Female","Rural"
2897,3182,0,49,"Hindu","Female","Rural"
2898,112163,13,44,"Muslim","Male","Urban"
2899,2494,2,41,"Hindu","Female","Rural"
2900,52262,6,61,"Muslim","Male","Rural"
2901,29313,8,38,"Muslim","Female","Rural"
2902,9579,3,32,"Muslim","Male","Rural"
2903,26346,15,26,"Hindu","Male","Rural"
2904,38101,5,51,"Hindu","Male","Urban"
2905,44499,7,65,"Hindu","Male","Urban"
2906,26571,13,55,"Christian","Female","Urban"
2907,64818,1,33,"Hindu","Male","Rural"
2908,272551,15,29,"Hindu","Female","Urban"
2909,159672,4,23,"Hindu","Male","Urban"
2910,30873,5,49,"Hindu","Male","Urban"
2911,26315,0,37,"Hindu","Female","Rural"
2912,2888918,13,34,"Hindu","Male","Urban"
2913,16926,5,48,"Hindu","Female","Rural"
2914,130284,0,58,"Hindu","Male","Urban"
2915,241620,13,40,"Sikh","Male","Rural"
2916,86022,7,28,"Hindu","Male","Urban"
2917,36030,7,37,"Hindu","Male","Rural"
2918,12023,9,33,"Hindu","Male","Rural"
2919,5297,5,35,"Hindu","Female","Rural"
2920,4398,7,31,"Hindu","Male","Rural"
2921,7516,8,19,"Hindu","Male","Rural"
2922,2023,2,42,"Hindu","Female","Rural"
2923,22791,9,57,"Hindu","Male","Rural"
2924,37428,0,50,"Hindu","Male","Rural"
2925,193666,9,35,"Hindu","Male","Rural"
2926,45195,6,49,"Hindu","Male","Urban"
2927,49092,1,26,"Hindu","Female","Urban"
2928,38816,10,34,"Hindu","Male","Urban"
2929,57747,0,57,"Hindu","Male","Urban"
2930,176238,0,40,"Sikh","Male","Urban"
2931,4585,5,20,"Hindu","Female","Rural"
2932,52626,1,29,"Hindu","Male","Rural"
2933,295928,15,25,"Muslim","Male","Urban"
2934,11634,0,33,"Hindu","Male","Rural"
2935,30893,4,47,"Hindu","Male","Rural"
2936,16111,6,26,"Hindu","Male","Rural"
2937,7733,6,32,"Hindu","Male","Rural"
2938,651801,11,18,"Hindu","Male","Urban"
2939,32839,1,31,"Muslim","Male","Rural"
2940,8912,0,35,"Hindu","Male","Rural"
2941,5939,6,40,"Muslim","Male","Rural"
2942,40693,0,52,"Hindu","Female","Rural"
2943,8348,15,65,"Hindu","Female","Rural"
2944,1158,2,36,"Hindu","Female","Rural"
2945,62674,9,59,"Muslim","Male","Rural"
2946,4709,1,18,"Hindu","Female","Rural"
2947,2322,0,32,"Hindu","Male","Rural"
2948,9550,8,50,"Hindu","Male","Urban"
2949,1617,0,29,"Hindu","Female","Rural"
2950,13919,3,23,"Hindu","Male","Rural"
2951,28005,12,51,"Hindu","Male","Rural"
2952,9452,8,35,"Hindu","Female","Rural"
2953,63082,8,35,"Hindu","Male","Urban"
2954,12678,8,49,"Hindu","Male","Rural"
2955,19927,0,24,"Hindu","Male","Rural"
2956,9603,4,21,"Hindu","Male","Rural"
2957,32471,8,36,"Hindu","Male","Rural"
2958,7600,0,26,"Muslim","Female","Rural"
2959,9835,0,31,"Hindu","Male","Rural"
2960,295825,10,32,"Hindu","Male","Rural"
2961,78516,15,24,"Muslim","Male","Urban"
2962,102391,11,21,"Hindu","Male","Urban"
2963,48426,4,50,"Hindu","Male","Urban"
2964,86343,12,55,"Hindu","Male","Urban"
2965,35415,12,32,"Hindu","Male","Urban"
2966,123055,0,52,"Hindu","Male","Rural"
2967,50261,7,49,"Hindu","Male","Rural"
2968,100773,15,46,"Muslim","Male","Urban"
2969,73229,4,48,"Muslim","Male","Rural"
2970,231134,4,37,"Hindu","Male","Urban"
2971,24999,0,30,"Hindu","Male","Urban"
2972,10314,8,51,"Hindu","Male","Rural"
2973,6580,0,56,"Hindu","Female","Rural"
2974,42429,0,42,"Hindu","Male","Rural"
2975,5483,2,26,"Muslim","Male","Rural"
2976,34255,5,18,"Christian","Female","Rural"
2977,41637,12,38,"Christian","Male","Rural"
2978,82687,10,33,"Muslim","Female","Rural"
2979,18611,2,47,"Hindu","Male","Rural"
2980,39202,8,38,"Sikh","Male","Rural"
2981,13960,2,41,"Hindu","Female","Rural"
2982,104493,13,47,"Hindu","Male","Urban"
2983,164412,12,62,"Hindu","Male","Rural"
2984,84538,4,56,"Hindu","Male","Urban"
2985,32898,3,28,"Hindu","Female","Rural"
2986,9067,2,50,"Hindu","Male","Rural"
2987,894,0,33,"Hindu","Male","Rural"
2988,4744,5,39,"Hindu","Male","Rural"
2989,46163,1,18,"Hindu","Male","Rural"
2990,2969,0,41,"Hindu","Female","Rural"
2991,9961,0,29,"Hindu","Male","Rural"
2992,29749,0,18,"Hindu","Male","Urban"
2993,11888,2,49,"Hindu","Male","Rural"
2994,16739,4,23,"Hindu","Male","Rural"
2995,13089,5,43,"Hindu","Female","Rural"
2996,16269,13,52,"Hindu","Female","Urban"
2997,2811,0,42,"Hindu","Female","Rural"
2998,7406,0,40,"Hindu","Male","Rural"
2999,57167,12,52,"Hindu","Male","Urban"
3000,15886,1,50,"Hindu","Female","Rural"
3001,31918,15,34,"Hindu","Female","Rural"
3002,5156,8,36,"Sikh","Female","Rural"
3003,12024,4,30,"Hindu","Male","Rural"
3004,38188,3,44,"Hindu","Male","Rural"
3005,44137,11,38,"Hindu","Male","Rural"
3006,41940,5,46,"Hindu","Male","Rural"
3007,10947,3,22,"Hindu","Male","Urban"
3008,7804,7,35,"Hindu","Male","Rural"
3009,18538,8,24,"Hindu","Male","Rural"
3010,13471,4,43,"Hindu","Female","Rural"
3011,51903,0,35,"Hindu","Male","Rural"
3012,93308,7,50,"Hindu","Male","Urban"
3013,58636,0,36,"Hindu","Female","Rural"
3014,93593,9,49,"Hindu","Male","Urban"
3015,8702,8,52,"Hindu","Male","Urban"
3016,63089,0,22,"Muslim","Male","Rural"
3017,18840,6,56,"Christian","Male","Rural"
3018,24724,6,35,"Hindu","Female","Urban"
3019,15968,9,29,"Hindu","Male","Rural"
3020,324256,0,43,"Hindu","Male","Rural"
3021,113341,2,39,"Hindu","Female","Rural"
3022,179712,5,41,"Sikh","Female","Urban"
3023,2856,0,33,"Hindu","Female","Rural"
3024,8661,2,35,"Hindu","Male","Rural"
3025,486565,2,41,"Tribal","Male","Urban"
3026,2579,2,43,"Muslim","Male","Rural"
3027,57335,9,35,"Hindu","Female","Urban"
3028,13732,4,20,"Hindu","Male","Rural"
3029,16489,15,40,"Hindu","Female","Rural"
3030,23134,6,38,"Hindu","Male","Rural"
3031,1230,1,38,"Hindu","Male","Rural"
3032,18649,2,52,"Hindu","Male","Rural"
3033,80347,3,37,"Hindu","Male","Rural"
3034,45949,11,42,"Hindu","Male","Rural"
3035,8025,1,35,"Tribal","Female","Rural"
3036,21707,0,41,"Hindu","Female","Rural"
3037,37536,15,18,"Muslim","Female","Rural"
3038,93879,7,56,"Hindu","Male","Rural"
3039,4642,0,34,"Muslim","Female","Rural"
3040,353451,1,25,"Christian","Male","Urban"
3041,30965,1,56,"Muslim","Male","Rural"
3042,43722,0,27,"Hindu","Male","Rural"
3043,6878,12,30,"Hindu","Male","Rural"
3044,438992,13,47,"Muslim","Male","Urban"
3045,9544,8,31,"Hindu","Male","Urban"
3046,15653,3,50,"Hindu","Male","Urban"
3047,57447,3,65,"Hindu","Female","Urban"
3048,27893,5,26,"Hindu","Male","Rural"
3049,19284,15,36,"Hindu","Female","Rural"
3050,47800,0,46,"Hindu","Male","Rural"
3051,3269,2,45,"Hindu","Female","Rural"
3052,23423,8,23,"Muslim","Male","Urban"
3053,38481,12,30,"Hindu","Male","Urban"
3054,38515,4,36,"Hindu","Male","Rural"
3055,2825,2,43,"Hindu","Female","Rural"
3056,16586,4,54,"Sikh","Male","Urban"
3057,24966,2,34,"Muslim","Female","Rural"
3058,39625,7,33,"Hindu","Female","Rural"
3059,81396,15,43,"Hindu","Male","Urban"
3060,12422,3,39,"Hindu","Male","Rural"
3061,55882,6,56,"Hindu","Male","Urban"
3062,23550,5,33,"Hindu","Male","Rural"
3063,46928,8,35,"Hindu","Male","Rural"
3064,12211,0,35,"Hindu","Male","Rural"
3065,7426,9,43,"Hindu","Male","Rural"
3066,36305,9,45,"Hindu","Male","Urban"
3067,15549,3,52,"Hindu","Female","Rural"
3068,10303,0,24,"Muslim","Male","Rural"
3069,13576,1,48,"Hindu","Male","Rural"
3070,39408,5,35,"Hindu","Male","Urban"
3071,53790,11,28,"Hindu","Male","Urban"
3072,32655,7,25,"Hindu","Male","Rural"
3073,16216,5,50,"Hindu","Male","Rural"
3074,3500,1,32,"Hindu","Male","Rural"
3075,15182,0,27,"Muslim","Male","Rural"
3076,19216,11,30,"Hindu","Male","Urban"
3077,2894,0,37,"Hindu","Male","Urban"
3078,4042,8,48,"Hindu","Male","Rural"
3079,345821,12,54,"Hindu","Male","Urban"
3080,67103,15,47,"Hindu","Female","Urban"
3081,8053,0,30,"Hindu","Male","Rural"
3082,382364,15,35,"Hindu","Male","Urban"
3083,3653,11,30,"Hindu","Male","Urban"
3084,53838,10,23,"Hindu","Male","Rural"
3085,40832,13,48,"Hindu","Male","Urban"
3086,76775,0,52,"Hindu","Male","Rural"
3087,711856,15,37,"Hindu","Male","Urban"
3088,2214,6,56,"Hindu","Male","Rural"
3089,26128,7,46,"Hindu","Female","Rural"
3090,28053,0,30,"Hindu","Male","Rural"
3091,24861,11,27,"Hindu","Male","Rural"
3092,5802,0,54,"Hindu","Male","Rural"
3093,12977,4,35,"Hindu","Male","Rural"
3094,194416,13,54,"Hindu","Male","Urban"
3095,145916,6,49,"Muslim","Female","Urban"
3096,23162,8,40,"Hindu","Male","Rural"
3097,9152,3,28,"Hindu","Male","Rural"
3098,46240,2,48,"Hindu","Male","Rural"
3099,70460,0,35,"Hindu","Female","Urban"
3100,11826,12,43,"Hindu","Female","Rural"
3101,21728,13,18,"Hindu","Male","Rural"
3102,11307,1,28,"Hindu","Female","Rural"
3103,3605,1,26,"Hindu","Male","Rural"
3104,1442,10,48,"Hindu","Male","Rural"
3105,53763,3,38,"Hindu","Female","Rural"
3106,6431,11,22,"Muslim","Female","Rural"
3107,35996,10,35,"Hindu","Male","Rural"
3108,48611,4,46,"Hindu","Male","Urban"
3109,553654,6,35,"Christian","Male","Urban"
3110,47725,0,41,"Muslim","Male","Urban"
3111,12367,0,34,"Muslim","Female","Rural"
3112,8593,6,27,"Hindu","Female","Rural"
3113,22388,3,30,"Muslim","Male","Rural"
3114,19785,12,53,"Hindu","Male","Rural"
3115,88335,0,45,"Hindu","Male","Urban"
3116,8135,4,35,"Hindu","Male","Rural"
3117,14234,0,33,"Hindu","Male","Rural"
3118,12997,0,37,"Hindu","Male","Rural"
3119,9278,4,48,"Hindu","Female","Rural"
3120,148015,6,54,"Hindu","Female","Urban"
3121,7830,0,54,"Hindu","Male","Rural"
3122,11069,0,45,"Hindu","Male","Rural"
3123,6646,11,65,"Hindu","Female","Rural"
3124,12916,0,40,"Hindu","Male","Rural"
3125,348712,15,33,"Tribal","Male","Rural"
3126,68170,7,30,"Sikh","Male","Urban"
3127,9035,3,46,"Hindu","Male","Rural"
3128,38715,9,22,"Muslim","Male","Urban"
3129,96547,6,53,"Hindu","Male","Rural"
3130,32699,4,29,"Sikh","Male","Urban"
3131,6005,0,43,"Hindu","Male","Rural"
3132,3803,4,31,"Hindu","Female","Rural"
3133,2754,0,33,"Hindu","Female","Rural"
3134,5887,3,18,"Hindu","Male","Rural"
3135,86283,6,50,"Hindu","Female","Rural"
3136,12566,0,38,"Hindu","Female","Rural"
3137,4056,3,29,"Hindu","Male","Rural"
3138,19340,9,31,"Hindu","Female","Rural"
3139,99779,6,51,"Hindu","Male","Urban"
3140,36963,6,45,"Muslim","Male","Rural"
3141,4372,6,18,"Hindu","Female","Rural"
3142,80817,0,42,"Hindu","Female","Urban"
3143,8836,6,38,"Hindu","Male","Rural"
3144,8358,1,42,"Hindu","Male","Rural"
3145,14081,10,37,"Hindu","Male","Rural"
3146,7228,0,35,"Hindu","Male","Rural"
3147,75630,10,35,"Hindu","Male","Rural"
3148,6295,2,44,"Hindu","Female","Rural"
3149,42585,11,32,"Muslim","Male","Rural"
3150,7362,6,24,"Hindu","Male","Rural"
3151,2084,0,65,"Hindu","Female","Rural"
3152,35834,9,41,"Hindu","Male","Urban"
3153,11489,0,29,"Hindu","Male","Rural"
3154,72481,12,40,"Christian","Female","Rural"
3155,3143,0,18,"Hindu","Male","Rural"
3156,34085,15,27,"Hindu","Male","Urban"
3157,14633,11,39,"Hindu","Male","Rural"
3158,101981,6,61,"Hindu","Male","Urban"
3159,16023,0,48,"Hindu","Male","Urban"
3160,2310,6,18,"Hindu","Female","Rural"
3161,11243,12,38,"Hindu","Male","Rural"
3162,18444,0,56,"Hindu","Male","Rural"
3163,116531,15,35,"Hindu","Male","Urban"
3164,5114,0,23,"Hindu","Male","Rural"
3165,63498,0,59,"Hindu","Male","Rural"
3166,33063,12,39,"Hindu","Male","Urban"
3167,3973,7,24,"Hindu","Male","Rural"
3168,11247,9,26,"Hindu","Male","Rural"
3169,410249,13,24,"Hindu","Female","Urban"
3170,10015,9,33,"Hindu","Female","Urban"
3171,17569,3,36,"Christian","Male","Rural"
3172,21667,12,52,"Hindu","Female","Rural"
3173,12155,9,45,"Hindu","Male","Rural"
3174,4799,0,18,"Hindu","Male","Rural"
3175,14162,7,36,"Hindu","Male","Urban"
3176,47975,0,54,"Hindu","Male","Rural"
3177,8547,0,42,"Hindu","Male","Rural"
3178,13129,0,30,"Hindu","Male","Rural"
3179,221284,0,38,"Hindu","Male","Rural"
3180,88356,6,49,"Hindu","Male","Urban"
3181,181313,8,37,"Christian","Male","Urban"
3182,15709,3,36,"Hindu","Female","Rural"
3183,16056,4,23,"Hindu","Male","Rural"
3184,11922,9,27,"Hindu","Male","Urban"
3185,27346,3,40,"Hindu","Male","Rural"
3186,65688,13,52,"Hindu","Male","Rural"
3187,14590,3,42,"Muslim","Male","Rural"
3188,16630,15,33,"Hindu","Male","Rural"
3189,15205,1,37,"Hindu","Male","Rural"
3190,35311,0,29,"Hindu","Female","Rural"
3191,105657,0,53,"Sikh","Male","Rural"
3192,22413,8,19,"Muslim","Male","Rural"
3193,51705,6,31,"Hindu","Male","Rural"
3194,7229,2,43,"Hindu","Male","Rural"
3195,23216,15,37,"Hindu","Female","Rural"
3196,41638,12,29,"Hindu","Male","Rural"
3197,36970,7,57,"Muslim","Female","Rural"
3198,8620,15,31,"Hindu","Female","Rural"
3199,149947,10,37,"Sikh","Male","Urban"
3200,263,0,18,"Hindu","Female","Rural"
3201,13798,2,53,"Muslim","Male","Rural"
3202,15781,9,42,"Hindu","Female","Rural"
3203,2013,0,18,"Hindu","Female","Rural"
3204,2714,0,29,"Hindu","Male","Rural"
3205,2504,4,39,"Hindu","Male","Rural"
3206,3194,2,36,"Hindu","Female","Rural"
3207,86650,12,46,"Hindu","Male","Rural"
3208,8793,8,43,"Hindu","Male","Rural"
3209,77177,13,48,"Hindu","Male","Urban"
3210,6919,0,29,"Hindu","Male","Rural"
3211,18904,0,31,"Hindu","Male","Urban"
3212,36430,0,38,"Hindu","Male","Rural"
3213,22339,14,40,"Hindu","Female","Rural"
3214,4908,5,38,"Hindu","Male","Rural"
3215,213713,10,33,"Hindu","Male","Urban"
3216,8815,14,38,"Muslim","Male","Rural"
3217,12256,15,43,"Christian","Female","Rural"
3218,128493,11,44,"Hindu","Male","Rural"
3219,4814,11,46,"Hindu","Male","Rural"
3220,37798,0,18,"Hindu","Female","Urban"
3221,17227,8,42,"Hindu","Male","Rural"
3222,4370,1,43,"Muslim","Male","Rural"
3223,14221,5,42,"Hindu","Female","Rural"
3224,85681,14,18,"Hindu","Male","Urban"
3225,59562,10,39,"Hindu","Male","Rural"
3226,12688,0,42,"Christian","Male","Rural"
3227,7883,0,22,"Hindu","Male","Rural"
3228,48355,10,47,"Hindu","Male","Rural"
3229,16009,15,47,"Hindu","Male","Urban"
3230,79154,13,54,"Hindu","Male","Rural"
3231,7198,0,39,"Muslim","Male","Rural"
3232,39689,11,27,"Muslim","Female","Rural"
3233,436,2,25,"Hindu","Female","Rural"
3234,15918,4,23,"Hindu","Male","Rural"
3235,28332,5,42,"Hindu","Male","Urban"
3236,19382,7,54,"Hindu","Male","Rural"
3237,13859,6,50,"Muslim","Female","Rural"
3238,32925,13,62,"Hindu","Male","Urban"
3239,17107,2,47,"Hindu","Male","Rural"
3240,6212,0,54,"Muslim","Male","Rural"
3241,8823,0,32,"Hindu","Male","Rural"
3242,941229,11,48,"Hindu","Male","Urban"
3243,38008,9,27,"Hindu","Male","Rural"
3244,5700,0,25,"Hindu","Female","Rural"
3245,5049,4,46,"Hindu","Male","Urban"
3246,107130,6,37,"Muslim","Male","Urban"
3247,3070,0,30,"Hindu","Male","Rural"
3248,13007,3,36,"Hindu","Male","Rural"
3249,68947,8,33,"Hindu","Male","Rural"
3250,12569,9,18,"Hindu","Female","Rural"
3251,36272,6,32,"Hindu","Male","Urban"
3252,73015,13,55,"Hindu","Male","Urban"
3253,24906,10,40,"Muslim","Female","Urban"
3254,41005,15,31,"Hindu","Male","Rural"
3255,19978,10,36,"Hindu","Male","Rural"
3256,26017,3,51,"Hindu","Male","Urban"
3257,61987,1,59,"Hindu","Male","Rural"
3258,57812,7,34,"Hindu","Male","Rural"
3259,14870,0,47,"Hindu","Male","Rural"
3260,5369,9,45,"Hindu","Female","Rural"
3261,34940,11,26,"Hindu","Male","Urban"
3262,51728,0,34,"Muslim","Male","Urban"
3263,47677,1,21,"Hindu","Male","Urban"
3264,66327,9,33,"Christian","Male","Rural"
3265,15023,9,27,"Hindu","Female","Rural"
3266,23004,6,50,"Hindu","Male","Rural"
3267,46598,8,39,"Sikh","Male","Rural"
3268,12909,8,52,"Hindu","Male","Rural"
3269,50359,0,65,"Hindu","Male","Rural"
3270,25809,0,43,"Hindu","Male","Rural"
3271,34662,10,53,"Hindu","Male","Urban"
3272,12327,9,44,"Muslim","Male","Rural"
3273,12464,0,46,"Hindu","Male","Rural"
3274,22391,0,42,"Hindu","Female","Rural"
3275,22588,0,42,"Hindu","Male","Rural"
3276,17265,4,49,"Hindu","Male","Rural"
3277,43977,0,30,"Hindu","Male","Rural"
3278,609661,14,25,"Hindu","Male","Urban"
3279,38937,8,44,"Hindu","Male","Urban"
3280,331699,0,39,"Hindu","Male","Rural"
3281,65596,2,21,"Buddhist","Male","Rural"
3282,47865,7,58,"Hindu","Female","Urban"
3283,50028,11,18,"Hindu","Male","Rural"
3284,4465,0,38,"Hindu","Female","Rural"
3285,59094,1,18,"Hindu","Male","Rural"
3286,7392,0,44,"Hindu","Female","Rural"
3287,5194,5,18,"Hindu","Female","Urban"
3288,11208,0,28,"Hindu","Male","Urban"
3289,14619,13,30,"Hindu","Male","Rural"
3290,20374,1,36,"Muslim","Male","Urban"
3291,96149,1,48,"Hindu","Male","Rural"
3292,4864,3,53,"Hindu","Female","Rural"
3293,23887,5,28,"Hindu","Male","Rural"
3294,2973,0,33,"Hindu","Female","Rural"
3295,2959,0,36,"Buddhist","Male","Urban"
3296,128571,5,45,"Hindu","Male","Urban"
3297,12585,4,43,"Hindu","Female","Rural"
3298,13103,7,54,"Hindu","Female","Rural"
3299,2348,0,57,"Hindu","Female","Rural"
3300,24460,8,18,"Hindu","Male","Urban"
3301,8958,0,32,"Hindu","Male","Rural"
3302,28934,8,46,"Sikh","Male","Urban"
3303,20405,5,34,"Hindu","Male","Rural"
3304,14204,0,36,"Hindu","Male","Rural"
3305,13824,5,56,"Hindu","Female","Rural"
3306,34450,8,22,"Buddhist","Male","Rural"
3307,21459,0,22,"Muslim","Male","Rural"
3308,1850,6,29,"Hindu","Female","Rural"
3309,36286,4,39,"Hindu","Male","Rural"
3310,22108,14,38,"Hindu","Male","Rural"
3311,35345,5,36,"Hindu","Male","Rural"
3312,18921,9,31,"Muslim","Male","Rural"
3313,2222,0,40,"Hindu","Female","Rural"
3314,90846,2,37,"Muslim","Male","Rural"
3315,27672,10,25,"Hindu","Male","Rural"
3316,24959,0,53,"Hindu","Female","Rural"
3317,29913,0,36,"Hindu","Male","Rural"
3318,13479,3,48,"Hindu","Female","Rural"
3319,220116,6,35,"Hindu","Male","Urban"
3320,51756,0,39,"Hindu","Male","Rural"
3321,65071,0,43,"Hindu","Female","Urban"
3322,129455,8,39,"Sikh","Male","Rural"
3323,72747,7,29,"Muslim","Male","Rural"
3324,25413,10,43,"Christian","Female","Rural"
3325,71094,13,28,"Hindu","Male","Rural"
3326,9112,5,31,"Hindu","Female","Rural"
3327,35009,5,29,"Hindu","Female","Rural"
3328,274361,15,28,"Hindu","Male","Urban"
3329,28796,6,18,"Hindu","Male","Rural"
3330,6774,0,46,"Hindu","Male","Rural"
3331,14733,0,31,"Hindu","Male","Rural"
3332,61250,3,24,"Hindu","Male","Urban"
3333,29289,6,42,"Hindu","Male","Rural"
3334,141219,13,35,"Hindu","Male","Rural"
3335,18186,6,41,"Hindu","Male","Rural"
3336,230594,6,41,"Hindu","Male","Rural"
3337,63636,1,33,"Hindu","Female","Rural"
3338,8543,0,30,"Hindu","Male","Rural"
3339,167700,3,63,"Hindu","Male","Urban"
3340,75412,10,32,"Hindu","Male","Rural"
3341,3315,0,26,"Hindu","Male","Rural"
3342,93638,15,44,"Muslim","Female","Urban"
3343,8083,3,18,"Hindu","Male","Rural"
3344,22250,12,37,"Hindu","Female","Urban"
3345,7640,7,51,"Hindu","Male","Rural"
3346,48934,4,51,"Hindu","Male","Rural"
3347,4469,7,37,"Hindu","Male","Rural"
3348,26734,6,42,"Hindu","Male","Rural"
3349,29021,1,45,"Hindu","Female","Rural"
3350,22648,0,35,"Hindu","Female","Rural"
3351,91184,9,42,"Hindu","Male","Rural"
3352,79082,5,48,"Christian","Female","Rural"
3353,8423,1,43,"Hindu","Male","Rural"
3354,36321,9,45,"Muslim","Male","Rural"
3355,140030,0,53,"Hindu","Male","Rural"
3356,13664,1,35,"Muslim","Male","Rural"
3357,68464,15,30,"Hindu","Male","Rural"
3358,10307,6,29,"Hindu","Male","Rural"
3359,5041,15,26,"Hindu","Male","Rural"
3360,21782,0,39,"Hindu","Male","Rural"
3361,32033,0,34,"Hindu","Male","Rural"
3362,37612,1,21,"Hindu","Male","Rural"
3363,2271,2,44,"Hindu","Female","Rural"
3364,5365,4,50,"Hindu","Female","Rural"
3365,21926,8,57,"Muslim","Female","Rural"
3366,5207,3,18,"Hindu","Male","Urban"
3367,13109,11,65,"Hindu","Female","Rural"
3368,24779,8,26,"Hindu","Male","Rural"
3369,28896,14,53,"Hindu","Male","Rural"
3370,28144,2,32,"Hindu","Male","Rural"
3371,44174,1,39,"Hindu","Male","Rural"
3372,184820,15,33,"Hindu","Male","Urban"
3373,22296,0,28,"Hindu","Male","Rural"
3374,19199,8,43,"Hindu","Male","Urban"
3375,20898,0,39,"Hindu","Male","Urban"
3376,13588,15,35,"Muslim","Female","Urban"
3377,13878,2,63,"Hindu","Male","Rural"
3378,37374,6,28,"Hindu","Male","Rural"
3379,7005,5,24,"Hindu","Female","Rural"
3380,43860,0,46,"Hindu","Male","Urban"
3381,36672,1,44,"Tribal","Female","Urban"
3382,7169,2,49,"Hindu","Female","Urban"
3383,11073,0,35,"Hindu","Female","Rural"
3384,27630,11,34,"Hindu","Female","Rural"
3385,164986,9,34,"Hindu","Female","Rural"
3386,4826,0,46,"Hindu","Male","Rural"
3387,24360,0,41,"Muslim","Male","Rural"
3388,12944,0,36,"Hindu","Male","Rural"
3389,10533,9,36,"Hindu","Female","Urban"
3390,6205,8,37,"Hindu","Female","Rural"
3391,6892,5,46,"Hindu","Female","Rural"
3392,16896,0,39,"Hindu","Male","Rural"
3393,258046,11,65,"Muslim","Male","Urban"
3394,128101,9,37,"Christian","Male","Rural"
3395,17813,6,47,"Hindu","Male","Rural"
3396,85869,4,49,"Muslim","Male","Rural"
3397,665680,10,35,"Hindu","Male","Urban"
3398,40237,11,57,"Hindu","Male","Rural"
3399,16355,0,25,"Hindu","Female","Urban"
3400,60503,12,31,"Hindu","Male","Urban"
3401,18404,4,35,"Hindu","Male","Rural"
3402,46788,4,46,"Hindu","Male","Rural"
3403,35234,4,41,"Muslim","Male","Rural"
3404,154920,2,25,"Hindu","Male","Urban"
3405,8143,7,31,"Hindu","Male","Rural"
3406,32655,13,42,"Hindu","Male","Rural"
3407,176726,14,18,"Hindu","Male","Rural"
3408,75334,13,25,"Hindu","Male","Urban"
3409,23458,2,41,"Hindu","Female","Rural"
3410,2518,2,27,"Hindu","Female","Rural"
3411,30868,12,35,"Muslim","Male","Urban"
3412,6910,5,43,"Muslim","Male","Rural"
3413,2983,0,22,"Hindu","Male","Rural"
3414,14215,1,40,"Hindu","Male","Urban"
3415,30908,8,36,"Hindu","Female","Rural"
3416,24595,7,64,"Muslim","Male","Rural"
3417,44590,11,54,"Hindu","Male","Rural"
3418,39768,6,32,"Hindu","Female","Urban"
3419,16180,5,46,"Muslim","Male","Urban"
3420,12377,9,51,"Hindu","Male","Rural"
3421,19322,2,45,"Hindu","Female","Rural"
3422,22418,2,18,"Hindu","Female","Rural"
3423,3721,0,30,"Hindu","Female","Rural"
3424,9808,0,49,"Hindu","Female","Rural"
3425,19930,6,48,"Hindu","Male","Rural"
3426,5855,8,50,"Hindu","Female","Urban"
3427,178799,4,31,"Hindu","Male","Rural"
3428,40451,3,18,"Hindu","Male","Rural"
3429,38536,0,43,"Hindu","Male","Urban"
3430,9289,2,39,"Hindu","Male","Rural"
3431,8611,8,32,"Hindu","Female","Rural"
3432,29662,8,25,"Hindu","Male","Rural"
3433,16006,0,31,"Hindu","Male","Rural"
3434,8250,0,30,"Muslim","Female","Rural"
3435,26229,2,18,"Hindu","Female","Rural"
3436,15935,6,53,"Hindu","Female","Rural"
3437,33570,4,21,"Hindu","Male","Rural"
3438,100100,1,46,"Hindu","Female","Rural"
3439,15665,6,26,"Hindu","Male","Rural"
3440,162973,2,35,"Hindu","Male","Rural"
3441,15243,6,37,"Hindu","Female","Urban"
3442,11352,0,32,"Hindu","Male","Urban"
3443,10438,8,37,"Hindu","Male","Urban"
3444,6582,12,28,"Hindu","Female","Rural"
3445,27852,14,52,"Hindu","Female","Urban"
3446,17889,8,53,"Muslim","Male","Rural"
3447,8218,2,46,"Hindu","Female","Rural"
3448,87765,4,58,"Hindu","Male","Urban"
3449,222112,14,53,"Hindu","Male","Urban"
3450,5249,0,34,"Hindu","Male","Rural"
3451,16271,2,43,"Hindu","Male","Rural"
3452,30726,0,45,"Hindu","Male","Rural"
3453,16048,0,25,"Hindu","Female","Rural"
3454,91508,7,50,"Christian","Male","Urban"
3455,11227,4,37,"Hindu","Female","Rural"
3456,54794,12,44,"Christian","Male","Urban"
3457,10004,2,43,"Hindu","Female","Rural"
3458,20275,0,23,"Hindu","Male","Rural"
3459,15994,6,32,"Hindu","Male","Rural"
3460,126137,10,48,"Hindu","Male","Urban"
3461,9137,10,56,"Hindu","Female","Urban"
3462,5736,0,34,"Hindu","Male","Rural"
3463,4897,0,20,"Hindu","Male","Rural"
3464,15979,4,51,"Hindu","Male","Rural"
3465,9307,15,48,"Hindu","Female","Rural"
3466,14250,0,56,"Hindu","Male","Rural"
3467,19611,15,39,"Hindu","Male","Rural"
3468,10061,6,18,"Hindu","Male","Urban"
3469,20028,13,49,"Hindu","Female","Rural"
3470,7518,6,21,"Hindu","Male","Rural"
3471,69576,0,53,"Hindu","Male","Rural"
3472,56895,3,18,"Christian","Male","Rural"
3473,2383,3,30,"Hindu","Female","Rural"
3474,29359,6,35,"Hindu","Male","Rural"
3475,93518,15,33,"Hindu","Male","Rural"
3476,31119,1,39,"Hindu","Female","Rural"
3477,13422,2,35,"Hindu","Female","Rural"
3478,4019,0,39,"Hindu","Male","Rural"
3479,345838,1,30,"Sikh","Male","Urban"
3480,43137,9,30,"Hindu","Female","Urban"
3481,10233,10,22,"Christian","Male","Rural"
3482,24415,0,32,"Hindu","Male","Urban"
3483,4019,0,22,"Hindu","Female","Rural"
3484,86636,10,38,"Tribal","Female","Urban"
3485,9075,0,51,"Hindu","Male","Rural"
3486,1380,0,37,"Muslim","Female","Rural"
3487,4522,0,24,"Hindu","Male","Rural"
3488,24791,3,44,"Tribal","Male","Rural"
3489,10224,12,39,"Hindu","Male","Rural"
3490,6989,1,47,"Muslim","Male","Rural"
3491,39790,5,41,"Hindu","Male","Urban"
3492,8216,0,54,"Hindu","Female","Rural"
3493,3434,0,31,"Hindu","Male","Rural"
3494,18153,15,49,"Hindu","Female","Rural"
3495,93561,3,47,"Hindu","Male","Rural"
3496,29256,5,41,"Hindu","Male","Rural"
3497,78100,7,36,"Hindu","Male","Rural"
3498,111746,15,23,"Hindu","Female","Urban"
3499,21124,0,51,"Hindu","Male","Rural"
3500,27375,0,40,"Hindu","Female","Rural"
3501,86733,13,38,"Hindu","Male","Rural"
3502,26613,0,59,"Sikh","Male","Rural"
3503,55664,15,50,"Hindu","Male","Rural"
3504,5949,0,42,"Hindu","Female","Rural"
3505,26207,0,31,"Hindu","Male","Rural"
3506,26788,4,53,"Muslim","Male","Rural"
3507,244484,4,44,"Muslim","Male","Urban"
3508,15332,6,42,"Hindu","Male","Rural"
3509,618523,15,60,"Hindu","Male","Urban"
3510,34598,15,30,"Hindu","Female","Rural"
3511,19871,4,42,"Hindu","Female","Urban"
3512,17987,10,45,"Hindu","Male","Rural"
3513,52196,11,47,"Hindu","Female","Rural"
3514,30849,5,20,"Muslim","Male","Rural"
3515,18071,7,55,"Hindu","Male","Rural"
3516,19997,0,45,"Hindu","Male","Rural"
3517,33573,0,32,"Hindu","Male","Rural"
3518,43938,12,29,"Hindu","Male","Urban"
3519,24515,6,22,"Buddhist","Male","Rural"
3520,4852,0,32,"Hindu","Female","Rural"
3521,10782,0,31,"Hindu","Male","Urban"
3522,5809,6,33,"Hindu","Female","Rural"
3523,72904,0,54,"Hindu","Male","Rural"
3524,31999,2,27,"Hindu","Male","Rural"
3525,27478,8,33,"Hindu","Male","Rural"
3526,59823,8,20,"Hindu","Male","Rural"
3527,56265,0,34,"Hindu","Male","Urban"
3528,30263,7,48,"Hindu","Female","Rural"
3529,12603,0,35,"Muslim","Female","Rural"
3530,208062,2,42,"Hindu","Male","Urban"
3531,3125,0,18,"Hindu","Female","Urban"
3532,42143,4,53,"Hindu","Male","Rural"
3533,2195,0,55,"Hindu","Male","Rural"
3534,68925,13,61,"Hindu","Male","Urban"
3535,202214,9,45,"Hindu","Male","Urban"
3536,3592,6,29,"Hindu","Female","Rural"
3537,308243,7,50,"Hindu","Male","Urban"
3538,2566,7,47,"Hindu","Male","Rural"
3539,41192,4,37,"Hindu","Male","Urban"
3540,33580,7,47,"Muslim","Male","Urban"
3541,279680,9,43,"Muslim","Male","Rural"
3542,335494,0,53,"Hindu","Male","Urban"
3543,35997,1,55,"Hindu","Male","Rural"
3544,7766,9,31,"Sikh","Female","Rural"
3545,633690,8,33,"Muslim","Male","Urban"
3546,70569,5,37,"Hindu","Female","Rural"
3547,12790,10,36,"Hindu","Female","Rural"
3548,7747,0,48,"Hindu","Male","Rural"
3549,21327,6,41,"Hindu","Female","Rural"
3550,1816,0,18,"Hindu","Female","Rural"
3551,23087,12,33,"Hindu","Female","Urban"
3552,18963,12,65,"Hindu","Female","Rural"
3553,23877,9,39,"Hindu","Male","Rural"
3554,38111,0,46,"Muslim","Female","Rural"
3555,9155,9,29,"Hindu","Male","Urban"
3556,28670,10,29,"Muslim","Male","Rural"
3557,18365,3,18,"Hindu","Male","Rural"
3558,24338,12,41,"Hindu","Female","Rural"
3559,77454,10,61,"Hindu","Male","Urban"
3560,4116,0,40,"Hindu","Female","Rural"
3561,121094,6,46,"Muslim","Male","Rural"
3562,216084,0,34,"Hindu","Male","Rural"
3563,33898,8,27,"Hindu","Male","Rural"
3564,9523,5,57,"Hindu","Female","Rural"
3565,17019,7,25,"Hindu","Female","Rural"
3566,12236,15,48,"Sikh","Female","Rural"
3567,13854,1,20,"Hindu","Male","Rural"
3568,48104,0,34,"Hindu","Male","Urban"
3569,30888,12,35,"Hindu","Male","Rural"
3570,20197,9,32,"Hindu","Male","Rural"
3571,32948,13,37,"Hindu","Male","Urban"
3572,75020,8,27,"Hindu","Female","Urban"
3573,135645,2,42,"Hindu","Male","Rural"
3574,300337,6,60,"Hindu","Male","Urban"
3575,17008,11,37,"Hindu","Female","Rural"
3576,171188,0,47,"Hindu","Male","Rural"
3577,6436,13,27,"Hindu","Female","Rural"
3578,36885,7,18,"Hindu","Male","Rural"
3579,229333,11,48,"Hindu","Male","Rural"
3580,3270,3,31,"Hindu","Male","Rural"
3581,37570,9,63,"Hindu","Male","Urban"
3582,13202,6,48,"Buddhist","Female","Urban"
3583,5834,0,38,"Hindu","Female","Rural"
3584,13640,3,26,"Hindu","Female","Rural"
3585,42568,0,54,"Muslim","Male","Urban"
3586,20120,2,45,"Muslim","Male","Rural"
3587,57799,1,37,"Hindu","Male","Rural"
3588,10286,4,35,"Hindu","Male","Rural"
3589,116255,10,41,"Hindu","Male","Urban"
3590,22808,2,40,"Hindu","Female","Rural"
3591,41823,3,40,"Hindu","Male","Rural"
3592,176673,14,52,"Hindu","Male","Rural"
3593,8798,8,18,"Hindu","Female","Rural"
3594,171528,5,39,"Muslim","Female","Urban"
3595,10455,0,28,"Hindu","Male","Rural"
3596,50419,15,42,"Hindu","Male","Rural"
3597,14056,0,51,"Hindu","Male","Rural"
3598,34093,15,55,"Sikh","Male","Rural"
3599,349876,6,47,"Hindu","Male","Rural"
3600,75514,0,63,"Hindu","Male","Rural"
3601,2944,0,25,"Hindu","Male","Urban"
3602,33651,15,32,"Christian","Female","Urban"
3603,38253,15,34,"Hindu","Male","Rural"
3604,28177,5,32,"Hindu","Male","Rural"
3605,514914,4,44,"Sikh","Male","Rural"
3606,3298,3,29,"Muslim","Male","Rural"
3607,2019,0,43,"Hindu","Female","Rural"
3608,27014,10,18,"Hindu","Male","Rural"
3609,11622,2,19,"Hindu","Male","Rural"
3610,22019,0,30,"Muslim","Female","Urban"
3611,15146,0,35,"Hindu","Male","Rural"
3612,130221,4,50,"Hindu","Male","Urban"
3613,4895,0,42,"Hindu","Male","Rural"
3614,7786,0,59,"Hindu","Female","Rural"
3615,222512,7,45,"Hindu","Male","Rural"
3616,132953,2,63,"Sikh","Male","Urban"
3617,71043,12,18,"Hindu","Female","Rural"
3618,7086,0,25,"Hindu","Female","Rural"
3619,39922,5,41,"Hindu","Female","Rural"
3620,85012,8,35,"Muslim","Male","Rural"
3621,83723,5,49,"Muslim","Male","Rural"
3622,91948,3,22,"Hindu","Male","Rural"
3623,24418,9,44,"Hindu","Female","Urban"
3624,78836,7,33,"Hindu","Male","Urban"
3625,22401,0,30,"Hindu","Male","Rural"
3626,14122,6,49,"Muslim","Male","Rural"
3627,11936,0,32,"Muslim","Female","Rural"
3628,62460,7,50,"Hindu","Male","Rural"
3629,13131,4,49,"Muslim","Male","Rural"
3630,11461,0,43,"Hindu","Male","Rural"
3631,13861,0,60,"Hindu","Male","Rural"
3632,325630,0,49,"Hindu","Male","Rural"
3633,29846,15,31,"Hindu","Female","Urban"
3634,111512,11,36,"Hindu","Male","Rural"
3635,2735,2,51,"Muslim","Female","Rural"
3636,26418,0,18,"Hindu","Male","Rural"
3637,12328,7,40,"Hindu","Female","Rural"
3638,126673,8,42,"Hindu","Female","Rural"
3639,35431,0,49,"Muslim","Male","Urban"
3640,87962,14,42,"Christian","Male","Rural"
3641,16368,10,18,"Hindu","Male","Urban"
3642,25703,8,35,"Hindu","Male","Rural"
3643,1110513,7,38,"Hindu","Male","Urban"
3644,123160,11,38,"Hindu","Male","Rural"
3645,34364,5,59,"Hindu","Male","Rural"
3646,4455,0,35,"Hindu","Male","Rural"
3647,120539,9,40,"Hindu","Male","Rural"
3648,67904,0,44,"Sikh","Male","Rural"
3649,12766,2,45,"Muslim","Male","Rural"
3650,46579,8,31,"Hindu","Male","Rural"
3651,14061,6,35,"Hindu","Male","Rural"
3652,8898,8,19,"Muslim","Female","Urban"
3653,233805,14,28,"Muslim","Male","Urban"
3654,11981,0,62,"Hindu","Female","Rural"
3655,11061,6,22,"Hindu","Female","Urban"
3656,4336,0,63,"Hindu","Male","Rural"
3657,44125,6,63,"Christian","Male","Rural"
3658,47724,1,36,"Hindu","Male","Rural"
3659,5758,8,59,"Hindu","Female","Rural"
3660,76911,7,51,"Hindu","Male","Rural"
3661,6576,0,44,"Muslim","Male","Urban"
3662,28317,10,41,"Hindu","Male","Rural"
3663,150030,0,51,"Hindu","Male","Urban"
3664,12359,0,36,"Hindu","Male","Rural"
3665,10164,6,31,"Muslim","Male","Rural"
3666,6557,0,59,"Hindu","Female","Rural"
3667,139631,11,63,"Muslim","Male","Urban"
3668,2951,0,36,"Hindu","Male","Rural"
3669,5232,5,51,"Hindu","Female","Rural"
3670,19392,8,24,"Hindu","Male","Urban"
3671,19003,15,52,"Jain","Male","Rural"
3672,28411,0,44,"Hindu","Female","Rural"
3673,3120,3,18,"Hindu","Male","Rural"
3674,58108,7,61,"Hindu","Male","Urban"
3675,141204,13,33,"Hindu","Male","Urban"
3676,6105,0,28,"Hindu","Female","Rural"
3677,26043,11,35,"Christian","Male","Urban"
3678,51179,15,44,"Hindu","Male","Urban"
3679,26564,3,40,"Hindu","Male","Rural"
3680,7522,5,52,"Hindu","Male","Rural"
3681,18539,0,20,"Hindu","Female","Rural"
3682,9445,10,39,"Hindu","Female","Rural"
3683,63297,0,37,"Hindu","Male","Rural"
3684,25858,0,41,"Muslim","Male","Rural"
3685,2301,0,29,"Hindu","Male","Rural"
3686,29884,5,36,"Hindu","Male","Urban"
3687,29009,5,35,"Hindu","Male","Urban"
3688,171168,10,47,"Muslim","Male","Rural"
3689,95343,15,53,"Hindu","Male","Rural"
3690,178685,6,29,"Hindu","Female","Rural"
3691,5591,0,37,"Hindu","Male","Rural"
3692,196481,7,41,"Sikh","Male","Urban"
3693,24961,2,21,"Hindu","Male","Rural"
3694,10628,6,19,"Hindu","Female","Rural"
3695,18719,13,41,"Hindu","Male","Urban"
3696,1394,0,31,"Hindu","Female","Rural"
3697,12191,9,39,"Hindu","Male","Rural"
3698,72187,11,53,"Muslim","Male","Rural"
3699,61073,0,45,"Hindu","Male","Urban"
3700,36582,8,47,"Hindu","Male","Rural"
3701,12674,0,33,"Hindu","Female","Rural"
3702,9408,2,42,"Hindu","Male","Rural"
3703,8251,3,48,"Hindu","Male","Rural"
3704,137767,15,62,"Hindu","Female","Urban"
3705,9641,0,42,"Hindu","Female","Urban"
3706,47569,0,50,"Hindu","Male","Urban"
3707,3999,9,40,"Hindu","Male","Rural"
3708,73782,9,42,"Hindu","Male","Rural"
3709,1485,6,45,"Hindu","Male","Rural"
3710,31801,0,48,"Hindu","Male","Rural"
3711,13886,0,18,"Muslim","Male","Rural"
3712,108636,14,35,"Hindu","Male","Rural"
3713,58461,15,37,"Hindu","Male","Rural"
3714,5337,0,27,"Hindu","Female","Rural"
3715,11152,9,25,"Hindu","Male","Urban"
3716,18110,3,40,"Hindu","Female","Rural"
3717,10745,0,34,"Hindu","Male","Urban"
3718,20261,3,32,"Hindu","Male","Rural"
3719,540012,10,50,"Hindu","Female","Urban"
3720,29366,15,21,"Hindu","Male","Rural"
3721,16144,0,35,"Hindu","Male","Rural"
3722,40462,10,30,"Buddhist","Male","Urban"
3723,4325,6,39,"Hindu","Female","Rural"
3724,16538,1,19,"Hindu","Female","Rural"
3725,6803,5,26,"Muslim","Female","Rural"
3726,76372,15,27,"Hindu","Female","Rural"
3727,3277,6,57,"Hindu","Male","Rural"
3728,244684,14,61,"Hindu","Male","Rural"
3729,24852,12,33,"Sikh","Male","Rural"
3730,9614,3,36,"Hindu","Male","Rural"
3731,49933,12,61,"Hindu","Male","Rural"
3732,21494,12,30,"Muslim","Male","Rural"
3733,11753,0,54,"Hindu","Female","Rural"
3734,102300,3,59,"Hindu","Male","Rural"
3735,7483,0,18,"Muslim","Male","Rural"
3736,68754,15,41,"Hindu","Male","Urban"
3737,135274,7,55,"Hindu","Female","Urban"
3738,33521,10,20,"Hindu","Male","Rural"
3739,6091,7,29,"Hindu","Male","Rural"
3740,32723,2,34,"Hindu","Male","Urban"
3741,10308,2,18,"Muslim","Male","Rural"
3742,14348,10,53,"Hindu","Female","Rural"
3743,14870,0,39,"Hindu","Female","Urban"
3744,16685,15,32,"Muslim","Male","Rural"
3745,139559,8,27,"Hindu","Male","Rural"
3746,99476,6,48,"Hindu","Male","Rural"
3747,20117,0,36,"Hindu","Male","Rural"
3748,18362,4,29,"Hindu","Male","Urban"
3749,55661,7,41,"Hindu","Female","Urban"
3750,332264,9,61,"Hindu","Male","Urban"
3751,20850,0,26,"Hindu","Male","Rural"
3752,6166,8,43,"Hindu","Male","Urban"
3753,5823,7,56,"Hindu","Female","Rural"
3754,27317,4,65,"Hindu","Male","Urban"
3755,35944,11,51,"Christian","Male","Rural"
3756,13813,3,35,"Hindu","Male","Rural"
3757,46093,0,44,"Hindu","Male","Urban"
3758,6737,1,26,"Muslim","Female","Rural"
3759,179631,7,37,"Hindu","Male","Urban"
3760,16103,14,56,"Christian","Male","Rural"
3761,6292,0,35,"Hindu","Male","Rural"
3762,6488,7,43,"Hindu","Male","Rural"
3763,103715,15,26,"Hindu","Male","Urban"
3764,3038,15,43,"Sikh","Female","Rural"
3765,2521,0,26,"Hindu","Male","Rural"
3766,5527,15,40,"Hindu","Male","Rural"
3767,5465,5,49,"Hindu","Female","Rural"
3768,7034,7,33,"Hindu","Female","Rural"
3769,3168,0,20,"Hindu","Female","Rural"
3770,41134,1,50,"Hindu","Male","Rural"
3771,47870,6,34,"Hindu","Female","Rural"
3772,10814,5,34,"Hindu","Female","Urban"
3773,10370,15,26,"Hindu","Female","Rural"
3774,30459,15,37,"Muslim","Male","Rural"
3775,4289,1,23,"Hindu","Female","Rural"
3776,44421,4,49,"Hindu","Male","Rural"
3777,856022,15,46,"Christian","Male","Rural"
3778,159716,0,29,"Hindu","Male","Rural"
3779,7618,13,51,"Muslim","Male","Rural"
3780,60366,0,42,"Hindu","Male","Rural"
3781,127931,14,44,"Muslim","Male","Urban"
3782,89544,8,46,"Hindu","Male","Rural"
3783,3859,2,49,"Muslim","Male","Rural"
3784,122684,15,21,"Sikh","Male","Rural"
3785,3255,0,38,"Hindu","Male","Rural"
3786,33886,1,54,"Hindu","Male","Rural"
3787,11824,3,34,"Hindu","Female","Rural"
3788,24783,0,24,"Hindu","Male","Rural"
3789,84848,15,42,"Muslim","Male","Rural"
3790,5954,0,18,"Hindu","Female","Rural"
3791,135518,5,39,"Hindu","Male","Rural"
3792,149485,4,63,"Sikh","Male","Rural"
3793,13018,0,34,"Hindu","Female","Rural"
3794,137964,2,55,"Hindu","Male","Urban"
3795,88794,10,28,"Hindu","Male","Rural"
3796,103175,11,36,"Hindu","Female","Urban"
3797,97331,5,31,"Hindu","Male","Rural"
3798,25501,9,55,"Christian","Female","Rural"
3799,123706,2,18,"Hindu","Male","Urban"
3800,12827,0,34,"Hindu","Male","Rural"
3801,32595,12,50,"Hindu","Male","Rural"
3802,33213,0,43,"Hindu","Male","Rural"
3803,7915,6,42,"Hindu","Male","Rural"
3804,11956,0,54,"Christian","Female","Urban"
3805,32269,6,47,"Hindu","Male","Rural"
3806,20501,9,36,"Hindu","Male","Rural"
3807,13915,11,50,"Hindu","Female","Urban"
3808,45598,9,35,"Hindu","Male","Urban"
3809,116023,8,57,"Muslim","Male","Rural"
3810,42399,5,20,"Hindu","Male","Urban"
3811,9424,2,65,"Hindu","Male","Rural"
3812,32441,7,41,"Hindu","Female","Rural"
3813,28831,0,37,"Hindu","Male","Rural"
3814,5464,0,41,"Hindu","Male","Rural"
3815,75381,4,59,"Hindu","Male","Urban"
3816,45975,14,20,"Hindu","Male","Urban"
3817,47202,12,36,"Hindu","Male","Urban"
3818,10642,0,33,"Muslim","Female","Rural"
3819,1286,7,37,"Hindu","Male","Rural"
3820,22603,0,41,"Hindu","Female","Rural"
3821,60454,7,36,"Hindu","Female","Urban"
3822,1696,7,42,"Christian","Female","Urban"
3823,5207,2,29,"Muslim","Female","Rural"
3824,136569,8,24,"Hindu","Male","Urban"
3825,8912,0,46,"Hindu","Male","Rural"
3826,6683,0,56,"Hindu","Female","Rural"
3827,131067,13,48,"Muslim","Male","Urban"
3828,50745,9,65,"Hindu","Male","Urban"
3829,307074,15,35,"Sikh","Male","Urban"
3830,99544,4,25,"Hindu","Male","Rural"
3831,2582,10,48,"Hindu","Male","Rural"
3832,25676,1,36,"Hindu","Male","Urban"
3833,22267,9,36,"Hindu","Male","Rural"
3834,6714,1,50,"Muslim","Male","Rural"
3835,22289,4,18,"Hindu","Male","Urban"
3836,15293,0,45,"Hindu","Male","Rural"
3837,2056,3,49,"Hindu","Female","Rural"
3838,2385,0,33,"Hindu","Male","Rural"
3839,2563,4,22,"Hindu","Female","Urban"
3840,57647,7,24,"Sikh","Male","Urban"
3841,145018,15,44,"Hindu","Male","Rural"
3842,81135,8,50,"Hindu","Male","Urban"
3843,12245,8,19,"Muslim","Male","Rural"
3844,15854,4,45,"Hindu","Male","Rural"
3845,68396,0,39,"Hindu","Male","Rural"
3846,13424,5,47,"Hindu","Male","Rural"
3847,38413,0,36,"Muslim","Male","Rural"
3848,67550,8,27,"Hindu","Male","Rural"
3849,9355,0,20,"Hindu","Male","Rural"
3850,136711,10,36,"Hindu","Male","Urban"
3851,31549,7,52,"Hindu","Male","Rural"
3852,50218,3,65,"Hindu","Male","Rural"
3853,35927,0,20,"Muslim","Male","Urban"
3854,10646,1,22,"Hindu","Male","Rural"
3855,18600,3,31,"Hindu","Female","Rural"
3856,104475,10,36,"Hindu","Male","Urban"
3857,3509,0,33,"Hindu","Female","Rural"
3858,17629,10,26,"Christian","Female","Urban"
3859,29999,1,47,"Hindu","Male","Rural"
3860,74815,8,45,"Hindu","Male","Rural"
3861,48231,15,38,"Christian","Male","Rural"
3862,22454,10,31,"Hindu","Female","Urban"
3863,125068,0,39,"Muslim","Male","Rural"
3864,30459,3,33,"Hindu","Male","Rural"
3865,137900,0,33,"Hindu","Male","Urban"
3866,4751,11,24,"Hindu","Female","Urban"
3867,22105,7,45,"Hindu","Male","Rural"
3868,20196,1,45,"Hindu","Female","Rural"
3869,41606,7,28,"Hindu","Male","Rural"
3870,5234,2,29,"Hindu","Female","Urban"
3871,26054,11,48,"Hindu","Male","Rural"
3872,43771,13,56,"Hindu","Female","Rural"
3873,42608,9,37,"Hindu","Male","Rural"
3874,168426,15,50,"Hindu","Male","Urban"
3875,248327,14,53,"Hindu","Male","Urban"
3876,24876,0,41,"Hindu","Female","Rural"
3877,38377,0,63,"Hindu","Female","Rural"
3878,7627,4,32,"Muslim","Male","Rural"
3879,11818,3,52,"Hindu","Male","Rural"
3880,41196,15,42,"Hindu","Male","Rural"
3881,4050,0,25,"Hindu","Male","Rural"
3882,24582,9,38,"Hindu","Male","Rural"
3883,90385,0,33,"Hindu","Male","Urban"
3884,29570,12,33,"Hindu","Female","Rural"
3885,112781,11,38,"Hindu","Male","Rural"
3886,35273,0,40,"Hindu","Male","Rural"
3887,3593,2,56,"Hindu","Female","Rural"
3888,50617,15,40,"Hindu","Male","Urban"
3889,70843,0,20,"Hindu","Male","Rural"
3890,46231,14,40,"Hindu","Male","Rural"
3891,46735,14,37,"Hindu","Male","Urban"
3892,25211,0,43,"Hindu","Male","Rural"
3893,4162,0,21,"Hindu","Female","Rural"
3894,138322,7,40,"Hindu","Female","Urban"
3895,21032,11,46,"Hindu","Male","Urban"
3896,266553,13,39,"Hindu","Male","Rural"
3897,17258,8,41,"Hindu","Male","Rural"
3898,1193,6,52,"Hindu","Male","Rural"
3899,305745,10,37,"Hindu","Male","Urban"
3900,83490,14,29,"Muslim","Male","Urban"
3901,22246,2,38,"Hindu","Male","Rural"
3902,23220,7,44,"Hindu","Male","Rural"
3903,98876,15,29,"Hindu","Male","Urban"
3904,19370,0,25,"Hindu","Male","Rural"
3905,4001,6,18,"Hindu","Male","Rural"
3906,15491,10,34,"Muslim","Female","Rural"
3907,5560,7,50,"Hindu","Female","Rural"
3908,13986,8,47,"Hindu","Female","Urban"
3909,66556,11,46,"Hindu","Male","Rural"
3910,19508,0,24,"Hindu","Male","Rural"
3911,6733,0,39,"Hindu","Male","Rural"
3912,29412,9,27,"Hindu","Male","Urban"
3913,166172,0,30,"Hindu","Male","Rural"
3914,11704,6,53,"Hindu","Female","Rural"
3915,5123,3,36,"Hindu","Male","Rural"
3916,27048,0,50,"Hindu","Male","Rural"
3917,6045,0,39,"Hindu","Male","Rural"
3918,3153,3,39,"Hindu","Female","Rural"
3919,37368,1,56,"Muslim","Female","Urban"
3920,7223,1,42,"Hindu","Male","Rural"
3921,3911,7,44,"Hindu","Female","Rural"
3922,6398,2,40,"Christian","Male","Rural"
3923,11509,8,18,"Muslim","Female","Rural"
3924,17790,1,29,"Hindu","Female","Rural"
3925,67431,8,47,"Hindu","Female","Rural"
3926,102746,9,35,"Hindu","Male","Rural"
3927,88327,6,49,"Hindu","Male","Urban"
3928,34854,2,56,"Hindu","Male","Rural"
3929,7730,0,29,"Hindu","Male","Rural"
3930,113333,15,34,"Hindu","Male","Urban"
3931,11164,1,32,"Hindu","Female","Rural"
3932,6099,0,26,"Buddhist","Female","Rural"
3933,169355,15,46,"Hindu","Male","Rural"
3934,38467,14,31,"Hindu","Male","Rural"
3935,17239,12,42,"Hindu","Male","Rural"
3936,13968,14,25,"Hindu","Male","Rural"
3937,147249,14,45,"Hindu","Male","Rural"
3938,14510,14,18,"Hindu","Male","Rural"
3939,34933,3,37,"Hindu","Male","Rural"
3940,2472,6,33,"Hindu","Female","Rural"
3941,436140,11,36,"Hindu","Male","Rural"
3942,2831,2,38,"Hindu","Female","Rural"
3943,1651,8,43,"Hindu","Female","Rural"
3944,11370,5,36,"Hindu","Female","Rural"
3945,97193,8,52,"Hindu","Male","Rural"
3946,88476,10,48,"Hindu","Male","Urban"
3947,16741,9,34,"Hindu","Male","Rural"
3948,2866,0,20,"Hindu","Male","Rural"
3949,17750,11,18,"Hindu","Female","Rural"
3950,18003,0,23,"Hindu","Female","Rural"
3951,18936,8,51,"Hindu","Female","Urban"
3952,34115,8,61,"Hindu","Female","Rural"
3953,7303,8,34,"Muslim","Male","Rural"
3954,13675,0,44,"Muslim","Female","Rural"
3955,66733,3,33,"Hindu","Male","Urban"
3956,20961,8,49,"Hindu","Female","Urban"
3957,4200,3,18,"Muslim","Male","Rural"
3958,129744,15,18,"Hindu","Male","Urban"
3959,208651,9,30,"Hindu","Male","Urban"
3960,37782,4,35,"Hindu","Male","Rural"
3961,22108,10,46,"Muslim","Male","Rural"
3962,44090,10,33,"Hindu","Male","Rural"
3963,1797,5,26,"Hindu","Male","Rural"
3964,56514,9,42,"Hindu","Male","Urban"
3965,5164,0,38,"Hindu","Female","Rural"
3966,5301,7,26,"Hindu","Female","Rural"
3967,53217,0,59,"Hindu","Female","Urban"
3968,15633,0,18,"Hindu","Male","Rural"
3969,13511,0,48,"Hindu","Female","Rural"
3970,32579,8,27,"Hindu","Female","Rural"
3971,38237,15,53,"Hindu","Female","Urban"
3972,1776,1,23,"Hindu","Male","Rural"
3973,85772,6,59,"Hindu","Female","Urban"
3974,5055,9,23,"Hindu","Female","Rural"
3975,9567,0,29,"Hindu","Female","Rural"
3976,66363,0,57,"Hindu","Male","Rural"
3977,2495,0,22,"Hindu","Male","Rural"
3978,10361,0,45,"Christian","Male","Rural"
3979,4833,7,45,"Hindu","Female","Rural"
3980,24011,7,40,"Hindu","Male","Urban"
3981,129969,7,59,"Hindu","Male","Rural"
3982,165672,1,28,"Muslim","Male","Rural"
3983,10823,0,38,"Muslim","Male","Rural"
3984,41783,13,30,"Muslim","Female","Rural"
3985,65901,0,30,"Hindu","Male","Urban"
3986,7829,1,51,"Hindu","Female","Rural"
3987,18927,3,65,"Hindu","Male","Rural"
3988,620,0,29,"Hindu","Female","Urban"
3989,9367,0,20,"Hindu","Female","Rural"
3990,13273,3,46,"Hindu","Male","Rural"
3991,79467,15,34,"Hindu","Male","Rural"
3992,8904,0,37,"Hindu","Male","Rural"
3993,25120,12,27,"Hindu","Male","Rural"
3994,108890,7,34,"Hindu","Female","Rural"
3995,25443,12,41,"Muslim","Male","Rural"
3996,19933,15,27,"Hindu","Male","Urban"
3997,17881,3,34,"Hindu","Female","Urban"
3998,4429,2,35,"Buddhist","Male","Rural"
3999,63920,0,35,"Hindu","Male","Urban"
4000,251208,15,52,"Hindu","Male","Rural"
4001,74420,8,31,"Hindu","Male","Rural"
4002,29423,0,24,"Muslim","Male","Rural"
4003,6910,2,31,"Hindu","Male","Rural"
4004,27501,14,29,"Hindu","Male","Urban"
4005,9367,5,39,"Hindu","Female","Rural"
4006,62148,4,36,"Hindu","Male","Urban"
4007,16897,0,25,"Muslim","Male","Rural"
4008,7064,6,48,"Hindu","Female","Rural"
4009,6546,0,49,"Hindu","Male","Rural"
4010,14202,6,52,"Hindu","Female","Rural"
4011,3882,3,57,"Hindu","Female","Rural"
4012,6307,0,35,"Hindu","Male","Rural"
4013,75668,6,41,"Hindu","Male","Rural"
4014,17671,8,43,"Hindu","Male","Rural"
4015,11113,0,54,"Hindu","Male","Rural"
4016,15118,7,29,"Hindu","Male","Rural"
4017,11539,9,35,"Muslim","Female","Rural"
4018,95843,6,57,"Hindu","Male","Rural"
4019,19746,3,31,"Hindu","Male","Urban"
4020,292723,7,38,"Hindu","Male","Urban"
4021,77832,7,48,"Hindu","Male","Rural"
4022,8646,0,31,"Hindu","Male","Rural"
4023,109391,9,38,"Hindu","Male","Rural"
4024,13078,0,36,"Hindu","Male","Rural"
4025,29601,9,41,"Hindu","Male","Rural"
4026,144429,0,63,"Hindu","Male","Rural"
4027,101009,15,51,"Hindu","Male","Urban"
4028,21851,15,50,"Muslim","Female","Rural"
4029,33964,7,55,"Hindu","Male","Rural"
4030,2314,0,40,"Hindu","Female","Rural"
4031,17091,0,38,"Hindu","Male","Urban"
4032,5710,6,32,"Muslim","Male","Rural"
4033,203051,11,44,"Hindu","Female","Urban"
4034,15004,12,25,"Hindu","Male","Rural"
4035,26908,15,53,"Muslim","Male","Urban"
4036,143158,15,18,"Hindu","Male","Urban"
4037,33439,10,58,"Hindu","Male","Rural"
4038,26147,14,25,"Muslim","Male","Rural"
4039,12458,5,46,"Hindu","Male","Rural"
4040,11963,2,44,"Buddhist","Male","Rural"
4041,7762,9,35,"Hindu","Male","Rural"
4042,44573,0,26,"Muslim","Male","Rural"
4043,4536,0,38,"Hindu","Female","Rural"
4044,50043,6,50,"Hindu","Male","Rural"
4045,4931,0,27,"Hindu","Male","Rural"
4046,38290,4,43,"Hindu","Male","Urban"
4047,2069,2,30,"Hindu","Male","Rural"
4048,18704,0,44,"Hindu","Male","Rural"
4049,7715,10,26,"Hindu","Female","Rural"
4050,9648,0,35,"Hindu","Male","Rural"
4051,30607,14,46,"Hindu","Male","Rural"
4052,52271,0,44,"Muslim","Male","Urban"
4053,3369,2,25,"Hindu","Female","Rural"
4054,38242,5,36,"Hindu","Male","Urban"
4055,39697,5,18,"Muslim","Male","Urban"
4056,30726,10,45,"Hindu","Male","Rural"
4057,9889,3,52,"Hindu","Male","Rural"
4058,125594,11,34,"Hindu","Male","Urban"
4059,3974,7,48,"Muslim","Female","Rural"
4060,91409,5,26,"Hindu","Male","Urban"
4061,83711,2,37,"Hindu","Male","Urban"
4062,67779,0,21,"Hindu","Male","Urban"
4063,4570,0,19,"Hindu","Male","Rural"
4064,90389,0,23,"Hindu","Male","Rural"
4065,32237,14,28,"Hindu","Female","Urban"
4066,37598,15,51,"Hindu","Male","Rural"
4067,113452,9,36,"Hindu","Male","Rural"
4068,9944,0,37,"Hindu","Male","Rural"
4069,13856,3,42,"Hindu","Male","Rural"
4070,173370,5,56,"Hindu","Male","Urban"
4071,37014,10,38,"Hindu","Male","Urban"
4072,93872,7,40,"Hindu","Male","Rural"
4073,22906,8,46,"Hindu","Male","Rural"
4074,21010,6,39,"Hindu","Male","Rural"
4075,5530,2,27,"Hindu","Male","Rural"
4076,21961,9,30,"Muslim","Male","Rural"
4077,44754,0,27,"Hindu","Male","Urban"
4078,18230,5,58,"Hindu","Male","Rural"
4079,48042,3,24,"Muslim","Male","Rural"
4080,29958,6,49,"Hindu","Male","Rural"
4081,45105,1,39,"Muslim","Male","Rural"
4082,3775,7,51,"Hindu","Female","Rural"
4083,5078,7,47,"Hindu","Female","Rural"
4084,35631,13,58,"Hindu","Male","Urban"
4085,135099,15,40,"Hindu","Male","Rural"
4086,90523,9,32,"Muslim","Male","Urban"
4087,10366,7,30,"Hindu","Female","Rural"
4088,20408,8,37,"Hindu","Female","Rural"
4089,40701,5,23,"Hindu","Male","Rural"
4090,8154,0,52,"Hindu","Male","Rural"
4091,1535,0,21,"Buddhist","Female","Rural"
4092,165017,0,41,"Hindu","Male","Rural"
4093,59359,15,26,"Hindu","Male","Urban"
4094,25254,5,18,"Hindu","Male","Rural"
4095,42957,0,29,"Hindu","Female","Urban"
4096,3283,0,20,"Hindu","Male","Rural"
4097,24369,12,21,"Hindu","Male","Urban"
4098,104610,9,26,"Hindu","Male","Urban"
4099,40887,0,35,"Hindu","Male","Rural"
4100,6287,0,30,"Hindu","Male","Rural"
4101,1580,0,48,"Hindu","Female","Rural"
4102,31040,3,35,"Muslim","Female","Urban"
4103,30793,2,37,"Hindu","Male","Rural"
4104,32087,0,42,"Hindu","Male","Rural"
4105,376,0,41,"Hindu","Female","Rural"
4106,86582,10,46,"Hindu","Male","Urban"
4107,18668,0,45,"Hindu","Male","Rural"
4108,64510,5,47,"Hindu","Male","Urban"
4109,30670,1,39,"Hindu","Male","Urban"
4110,8514,4,30,"Hindu","Male","Rural"
4111,235681,11,47,"Hindu","Female","Rural"
4112,11216,0,41,"Sikh","Female","Rural"
4113,37239,1,39,"Hindu","Male","Rural"
4114,4211,0,43,"Hindu","Male","Rural"
4115,218767,9,25,"Hindu","Male","Rural"
4116,5042,0,36,"Muslim","Female","Rural"
4117,352,6,32,"Hindu","Male","Rural"
4118,36243,15,18,"Hindu","Male","Urban"
4119,34728,0,51,"Hindu","Male","Rural"
4120,57698,11,18,"Hindu","Male","Rural"
4121,23491,1,56,"Hindu","Male","Urban"
4122,71037,0,33,"Christian","Female","Rural"
4123,3015,0,38,"Hindu","Male","Rural"
4124,22063,3,44,"Hindu","Male","Rural"
4125,4543,2,31,"Hindu","Female","Rural"
4126,45041,0,36,"Hindu","Male","Rural"
4127,30876,13,38,"Hindu","Male","Rural"
4128,130817,5,34,"Hindu","Male","Urban"
4129,63313,0,48,"Muslim","Female","Urban"
4130,53926,7,60,"Hindu","Male","Rural"
4131,6717,0,41,"Hindu","Female","Rural"
4132,74113,5,28,"Muslim","Male","Rural"
4133,5442,1,24,"Muslim","Female","Rural"
4134,7416,0,18,"Hindu","Female","Rural"
4135,32198,13,28,"Hindu","Female","Urban"
4136,22914,15,37,"Hindu","Male","Rural"
4137,21555,0,49,"Hindu","Male","Rural"
4138,29263,14,34,"Hindu","Male","Rural"
4139,25625,0,56,"Muslim","Male","Rural"
4140,21629,3,33,"Hindu","Male","Rural"
4141,5827,0,26,"Hindu","Female","Rural"
4142,127579,9,56,"Hindu","Female","Rural"
4143,13412,7,27,"Hindu","Female","Rural"
4144,32417,4,29,"Hindu","Male","Urban"
4145,6252,0,63,"Hindu","Male","Rural"
4146,54117,14,55,"Hindu","Male","Rural"
4147,37005,0,31,"Hindu","Female","Rural"
4148,14247,0,34,"Hindu","Male","Rural"
4149,19744,9,43,"Hindu","Male","Urban"
4150,11274,0,50,"Hindu","Male","Rural"
4151,4888,1,18,"Sikh","Male","Rural"
4152,23964,15,33,"Hindu","Male","Rural"
4153,17342,9,40,"Hindu","Male","Urban"
4154,50161,0,26,"Christian","Male","Urban"
4155,35640,9,35,"Hindu","Female","Urban"
4156,12541,12,41,"Hindu","Female","Rural"
4157,154651,0,30,"Hindu","Male","Urban"
4158,76104,15,41,"Hindu","Male","Rural"
4159,7713,3,45,"Muslim","Male","Rural"
4160,76921,8,51,"Hindu","Male","Rural"
4161,6141,7,52,"Hindu","Male","Rural"
4162,13599,0,34,"Muslim","Female","Rural"
4163,45593,11,57,"Hindu","Male","Rural"
4164,8391,0,30,"Hindu","Male","Rural"
4165,4893,6,41,"Hindu","Female","Rural"
4166,24583,1,45,"Hindu","Male","Rural"
4167,3371,5,52,"Hindu","Female","Rural"
4168,14063,0,41,"Hindu","Male","Rural"
4169,407,0,44,"Hindu","Female","Rural"
4170,22912,3,64,"Hindu","Female","Rural"
4171,6432,0,41,"Hindu","Male","Rural"
4172,6209,2,32,"Hindu","Male","Rural"
4173,11746,0,59,"Christian","Male","Rural"
4174,13702,4,51,"Christian","Male","Urban"
4175,33914,9,26,"Hindu","Female","Rural"
4176,50580,2,36,"Hindu","Male","Rural"
4177,9430,1,42,"Hindu","Male","Rural"
4178,47830,4,39,"Hindu","Male","Urban"
4179,59679,5,26,"Hindu","Male","Urban"
4180,58817,3,24,"Hindu","Male","Urban"
4181,301053,8,33,"Hindu","Male","Rural"
4182,21848,10,37,"Hindu","Male","Rural"
4183,31814,13,32,"Hindu","Male","Rural"
4184,38971,0,22,"Muslim","Male","Urban"
4185,46811,4,32,"Hindu","Male","Rural"
4186,6191,0,53,"Hindu","Female","Urban"
4187,12671,1,41,"Hindu","Male","Rural"
4188,119350,12,51,"Hindu","Male","Urban"
4189,22255,7,45,"Hindu","Female","Rural"
4190,37328,6,33,"Hindu","Male","Rural"
4191,110020,15,51,"Christian","Male","Urban"
4192,102222,12,50,"Hindu","Male","Rural"
4193,32737,0,61,"Hindu","Male","Rural"
4194,4595,0,27,"Hindu","Female","Rural"
4195,1618,9,30,"Hindu","Female","Rural"
4196,9363,5,53,"Hindu","Male","Rural"
4197,21796,0,25,"Muslim","Male","Rural"
4198,9734,13,55,"Hindu","Male","Rural"
4199,20588,11,26,"Hindu","Male","Rural"
4200,29889,15,37,"Hindu","Female","Rural"
4201,5600,0,29,"Hindu","Male","Rural"
4202,25024,4,18,"Hindu","Male","Rural"
4203,26637,6,60,"Hindu","Female","Urban"
4204,4648,0,34,"Hindu","Female","Rural"
4205,8609,1,34,"Hindu","Female","Rural"
4206,3683,0,29,"Hindu","Male","Rural"
4207,7318,1,33,"Hindu","Male","Urban"
4208,76368,3,41,"Hindu","Female","Urban"
4209,5587,7,39,"Hindu","Female","Rural"
4210,58278,0,41,"Hindu","Male","Urban"
4211,23227,15,34,"Hindu","Male","Rural"
4212,19300,5,18,"Muslim","Male","Rural"
4213,70532,6,23,"Hindu","Male","Rural"
4214,267262,2,52,"Hindu","Male","Rural"
4215,181447,10,49,"Hindu","Male","Urban"
4216,275840,9,44,"Muslim","Male","Urban"
4217,64196,0,40,"Hindu","Female","Urban"
4218,26100,7,23,"Hindu","Male","Rural"
4219,25441,8,37,"Muslim","Female","Urban"
4220,16949,6,41,"Hindu","Male","Rural"
4221,73415,7,50,"Hindu","Male","Urban"
4222,45506,12,42,"Hindu","Male","Urban"
4223,44643,8,38,"Hindu","Female","Urban"
4224,4525,5,38,"Hindu","Male","Rural"
4225,13834,2,38,"Muslim","Male","Rural"
4226,21713,0,33,"Hindu","Female","Urban"
4227,6462,0,39,"Hindu","Female","Rural"
4228,30179,9,38,"Hindu","Male","Rural"
4229,6046,10,41,"Hindu","Female","Rural"
4230,186,0,34,"Hindu","Female","Rural"
4231,22470,3,26,"Muslim","Male","Rural"
4232,20218,10,28,"Christian","Female","Rural"
4233,113852,4,43,"Buddhist","Female","Urban"
4234,29688,0,19,"Hindu","Male","Rural"
4235,46600,1,30,"Hindu","Male","Rural"
4236,55906,12,18,"Christian","Male","Rural"
4237,2757,4,33,"Buddhist","Female","Rural"
4238,49353,5,43,"Hindu","Male","Urban"
4239,649636,3,30,"Muslim","Male","Urban"
4240,206948,4,55,"Muslim","Male","Urban"
4241,135569,3,42,"Hindu","Male","Rural"
4242,17995,3,39,"Hindu","Male","Rural"
4243,28138,6,33,"Hindu","Male","Urban"
4244,73301,1,32,"Hindu","Male","Rural"
4245,54955,0,56,"Hindu","Female","Rural"
4246,42585,0,18,"Hindu","Male","Rural"
4247,17856,0,42,"Hindu","Male","Rural"
4248,17220,0,46,"Hindu","Male","Urban"
4249,7984,10,30,"Hindu","Female","Rural"
4250,12263,9,51,"Hindu","Female","Rural"
4251,5436,6,21,"Hindu","Female","Rural"
4252,10263,0,43,"Hindu","Male","Rural"
4253,8511,5,45,"Hindu","Male","Rural"
4254,21606,1,56,"Hindu","Male","Rural"
4255,22804,5,53,"Hindu","Female","Urban"
4256,5550,2,32,"Muslim","Male","Rural"
4257,24635,3,30,"Hindu","Male","Rural"
4258,10553,2,18,"Hindu","Male","Rural"
4259,14842,7,28,"Buddhist","Female","Rural"
4260,118199,5,40,"Hindu","Male","Urban"
4261,6644,9,18,"Hindu","Female","Rural"
4262,47725,0,36,"Sikh","Male","Rural"
4263,17468,0,45,"Hindu","Male","Urban"
4264,20187,0,38,"Hindu","Male","Rural"
4265,7212,2,20,"Hindu","Female","Rural"
4266,14284,0,20,"Hindu","Female","Rural"
4267,10329,6,27,"Hindu","Female","Rural"
4268,4651,3,35,"Hindu","Male","Rural"
4269,12158,6,46,"Hindu","Female","Rural"
4270,38984,0,42,"Hindu","Male","Urban"
4271,75504,3,39,"Hindu","Male","Rural"
4272,14889,8,37,"Hindu","Male","Rural"
4273,3391,15,39,"Hindu","Female","Urban"
4274,15662,5,44,"Hindu","Female","Rural"
4275,330349,8,47,"Hindu","Female","Urban"
4276,76411,5,30,"Hindu","Male","Urban"
4277,155102,7,62,"Hindu","Male","Rural"
4278,35003,9,29,"Hindu","Male","Rural"
4279,3805,9,40,"Buddhist","Female","Rural"
4280,70052,0,37,"Hindu","Male","Rural"
4281,7702,0,46,"Hindu","Male","Rural"
4282,18477,0,30,"Hindu","Male","Rural"
4283,35786,1,40,"Hindu","Male","Rural"
4284,7983,6,32,"Hindu","Male","Rural"
4285,20544,0,28,"Hindu","Female","Rural"
4286,9277,0,49,"Muslim","Female","Rural"
4287,10101,0,27,"Hindu","Male","Rural"
4288,32513,8,36,"Hindu","Male","Rural"
4289,9668,5,18,"Muslim","Female","Rural"
4290,15832,4,33,"Hindu","Female","Rural"
4291,3772,0,36,"Hindu","Female","Rural"
4292,317733,4,27,"Hindu","Male","Urban"
4293,50902,11,65,"Muslim","Male","Rural"
4294,36156,4,22,"Hindu","Male","Urban"
4295,50858,9,49,"Hindu","Male","Rural"
4296,37456,3,34,"Hindu","Female","Rural"
4297,7975,13,34,"Hindu","Male","Rural"
4298,120487,6,19,"Muslim","Male","Urban"
4299,45881,0,48,"Tribal","Male","Rural"
4300,15559,2,46,"Hindu","Male","Rural"
4301,28528,4,30,"Hindu","Female","Urban"
4302,25915,3,41,"Hindu","Male","Urban"
4303,21593,6,29,"Hindu","Male","Rural"
4304,13500,12,32,"Hindu","Male","Rural"
4305,47700,15,22,"Hindu","Male","Rural"
4306,17080,7,39,"Muslim","Female","Rural"
4307,60770,0,46,"Hindu","Male","Rural"
4308,6189,2,33,"Hindu","Female","Rural"
4309,16453,12,33,"Hindu","Male","Rural"
4310,108228,1,40,"Muslim","Male","Rural"
4311,8026,10,18,"Hindu","Male","Rural"
4312,40043,0,54,"Hindu","Male","Rural"
4313,7376,6,47,"Hindu","Male","Rural"
4314,15710,2,33,"Hindu","Male","Rural"
4315,11590,0,43,"Hindu","Male","Rural"
4316,12727,2,46,"Hindu","Male","Rural"
4317,47916,11,33,"Hindu","Female","Urban"
4318,7072,6,21,"Hindu","Male","Rural"
4319,22470,8,31,"Hindu","Male","Rural"
4320,28975,3,50,"Muslim","Female","Rural"
4321,4292,0,18,"Hindu","Male","Rural"
4322,12326,0,36,"Hindu","Male","Rural"
4323,18692,9,45,"Hindu","Female","Urban"
4324,9577,1,47,"Hindu","Female","Urban"
4325,121112,4,40,"Hindu","Male","Rural"
4326,12883,7,18,"Hindu","Male","Rural"
4327,21311,4,45,"Hindu","Male","Rural"
4328,14830,0,52,"Hindu","Male","Rural"
4329,14669,6,30,"Hindu","Female","Rural"
4330,38806,4,64,"Hindu","Female","Urban"
4331,11993,0,38,"Hindu","Male","Rural"
4332,69315,12,31,"Hindu","Male","Rural"
4333,15957,8,36,"Muslim","Female","Rural"
4334,28709,5,38,"Hindu","Female","Rural"
4335,34318,6,60,"Hindu","Male","Rural"
4336,13625,0,31,"Hindu","Female","Rural"
4337,20558,0,44,"Hindu","Male","Rural"
4338,40104,5,32,"Sikh","Male","Rural"
4339,10606,5,18,"Hindu","Female","Urban"
4340,85018,12,35,"Hindu","Male","Urban"
4341,317463,11,58,"Sikh","Female","Rural"
4342,26270,9,32,"Hindu","Male","Rural"
4343,21382,0,28,"Hindu","Male","Rural"
4344,17381,4,30,"Hindu","Female","Rural"
4345,10756,2,45,"Hindu","Male","Rural"
4346,75804,2,27,"Sikh","Male","Rural"
4347,3202,1,32,"Hindu","Male","Rural"
4348,12940,3,54,"Christian","Male","Urban"
4349,38654,4,43,"Hindu","Male","Urban"
4350,13603,0,25,"Hindu","Male","Urban"
4351,174868,15,41,"Hindu","Male","Urban"
4352,42838,6,38,"Hindu","Male","Rural"
4353,13618,2,50,"Sikh","Female","Rural"
4354,3804,6,47,"Muslim","Female","Urban"
4355,52238,9,44,"Hindu","Male","Rural"
4356,11955,5,40,"Hindu","Male","Urban"
4357,742801,7,45,"Hindu","Male","Urban"
4358,83368,11,62,"Hindu","Female","Urban"
4359,77073,1,42,"Hindu","Male","Rural"
4360,2993,5,30,"Hindu","Female","Urban"
4361,6176,3,45,"Hindu","Male","Rural"
4362,9975,7,46,"Hindu","Male","Urban"
4363,73297,11,44,"Hindu","Male","Urban"
4364,37159,9,27,"Hindu","Male","Rural"
4365,7725,0,65,"Hindu","Male","Rural"
4366,42254,0,48,"Sikh","Male","Urban"
4367,7667,0,38,"Sikh","Female","Rural"
4368,273421,7,41,"Hindu","Male","Urban"
4369,176025,0,38,"Hindu","Male","Rural"
4370,10894,0,44,"Hindu","Female","Urban"
4371,43012,3,60,"Hindu","Female","Rural"
4372,170431,2,51,"Hindu","Male","Urban"
4373,36855,0,33,"Muslim","Male","Rural"
4374,5952,3,41,"Hindu","Male","Rural"
4375,2103,2,25,"Hindu","Female","Rural"
4376,43905,7,28,"Hindu","Female","Urban"
4377,12408,5,21,"Hindu","Female","Rural"
4378,31769,13,46,"Hindu","Male","Rural"
4379,25664,13,18,"Hindu","Male","Rural"
4380,12672,8,25,"Hindu","Female","Rural"
4381,16287,2,33,"Hindu","Male","Rural"
4382,19564,7,51,"Hindu","Male","Urban"
4383,3981,7,37,"Hindu","Female","Rural"
4384,79100,0,48,"Hindu","Male","Rural"
4385,22299,6,50,"Hindu","Female","Urban"
4386,5558,3,35,"Hindu","Male","Rural"
4387,15263,0,28,"Hindu","Male","Rural"
4388,30007,2,28,"Hindu","Male","Rural"
4389,14784,0,51,"Muslim","Female","Rural"
4390,1966,5,56,"Hindu","Female","Rural"
4391,62822,3,55,"Hindu","Male","Rural"
4392,2176,11,24,"Hindu","Female","Rural"
4393,41840,15,29,"Hindu","Male","Urban"
4394,13820,0,38,"Hindu","Male","Rural"
4395,19646,0,26,"Muslim","Male","Rural"
4396,77344,14,45,"Hindu","Male","Rural"
4397,78818,6,30,"Christian","Male","Urban"
4398,10651,8,44,"Hindu","Male","Rural"
4399,183007,8,48,"Hindu","Male","Urban"
4400,49694,4,41,"Sikh","Male","Rural"
4401,11751,6,26,"Muslim","Female","Rural"
4402,43447,9,38,"Hindu","Male","Urban"
4403,85715,7,31,"Hindu","Female","Rural"
4404,231900,7,36,"Hindu","Male","Urban"
4405,50154,10,25,"Hindu","Male","Urban"
4406,51210,0,48,"Hindu","Male","Rural"
4407,20619,6,54,"Hindu","Female","Rural"
4408,49275,10,59,"Hindu","Male","Rural"
4409,16367,0,53,"Muslim","Male","Rural"
4410,1265117,15,55,"Hindu","Male","Urban"
4411,57088,4,35,"Muslim","Male","Urban"
4412,7153,1,53,"Hindu","Male","Rural"
4413,52129,10,40,"Hindu","Female","Urban"
4414,1061,0,43,"Hindu","Male","Rural"
4415,33376,3,24,"Hindu","Female","Rural"
4416,70825,13,33,"Hindu","Male","Rural"
4417,70596,7,55,"Hindu","Male","Urban"
4418,129225,15,60,"Hindu","Male","Urban"
4419,21308,0,35,"Hindu","Male","Rural"
4420,2841,0,65,"Muslim","Male","Rural"
4421,29836,0,29,"Hindu","Male","Rural"
4422,13083,0,41,"Hindu","Female","Rural"
4423,70621,2,50,"Hindu","Male","Rural"
4424,63213,6,53,"Hindu","Male","Rural"
4425,13520,0,45,"Hindu","Male","Rural"
4426,15177,9,49,"Hindu","Female","Rural"
4427,20838,1,54,"Hindu","Female","Urban"
4428,20323,9,33,"Hindu","Male","Urban"
4429,9811,0,38,"Hindu","Male","Urban"
4430,52282,0,41,"Hindu","Female","Urban"
4431,21193,7,31,"Hindu","Male","Rural"
4432,5654,0,18,"Hindu","Male","Rural"
4433,3955,4,34,"Hindu","Female","Rural"
4434,11631,4,49,"Hindu","Female","Rural"
4435,34562,15,48,"Hindu","Male","Rural"
4436,32658,8,32,"Hindu","Male","Rural"
4437,18224,1,22,"Hindu","Female","Rural"
4438,42320,8,48,"Hindu","Male","Rural"
4439,8516,6,65,"Hindu","Female","Rural"
4440,5873,11,38,"Christian","Female","Rural"
4441,5841,3,19,"Hindu","Male","Rural"
4442,116807,10,41,"Hindu","Male","Urban"
4443,21555,0,43,"Hindu","Male","Rural"
4444,18246,11,19,"Hindu","Male","Rural"
4445,31349,5,51,"Hindu","Male","Urban"
4446,3974,0,28,"Muslim","Male","Rural"
4447,6212,5,20,"Hindu","Male","Rural"
4448,53642,1,40,"Hindu","Male","Rural"
4449,4467,0,42,"Hindu","Male","Rural"
4450,4775,1,27,"Hindu","Male","Rural"
4451,35517,9,38,"Muslim","Male","Rural"
4452,8754,3,45,"Buddhist","Female","Urban"
4453,30010,2,35,"Muslim","Male","Rural"
4454,13960,7,27,"Hindu","Female","Rural"
4455,82927,3,35,"Hindu","Male","Urban"
4456,92856,2,43,"Hindu","Male","Urban"
4457,56244,7,29,"Hindu","Male","Rural"
4458,78324,14,35,"Muslim","Male","Rural"
4459,75147,6,42,"Hindu","Male","Urban"
4460,11796,0,45,"Muslim","Female","Rural"
4461,775680,2,21,"Hindu","Male","Urban"
4462,17816,0,43,"Hindu","Male","Rural"
4463,10145,0,30,"Muslim","Male","Rural"
4464,64273,6,43,"Hindu","Male","Rural"
4465,12761,0,37,"Hindu","Male","Rural"
4466,24734,11,39,"Hindu","Female","Urban"
4467,104657,0,52,"Hindu","Male","Urban"
4468,29754,9,27,"Hindu","Male","Rural"
4469,113979,15,26,"Hindu","Male","Rural"
4470,7288,3,27,"Hindu","Female","Rural"
4471,39115,12,39,"Hindu","Male","Rural"
4472,290679,14,55,"Buddhist","Male","Rural"
4473,25357,7,49,"Tribal","Male","Rural"
4474,47947,15,39,"Hindu","Male","Urban"
4475,47559,3,47,"Sikh","Male","Rural"
4476,111522,5,39,"Tribal","Male","Rural"
4477,28553,15,52,"Hindu","Male","Rural"
4478,29292,9,38,"Hindu","Male","Rural"
4479,18207,10,35,"Hindu","Male","Rural"
4480,53235,12,41,"Hindu","Female","Rural"
4481,20345,3,34,"Hindu","Female","Rural"
4482,9873,0,27,"Hindu","Female","Rural"
4483,22772,3,18,"Hindu","Male","Urban"
4484,5412,0,26,"Hindu","Male","Rural"
4485,42489,0,43,"Muslim","Male","Rural"
4486,38868,0,32,"Hindu","Male","Rural"
4487,165910,4,24,"Hindu","Male","Rural"
4488,20221,10,52,"Hindu","Male","Rural"
4489,18625,7,18,"Hindu","Female","Rural"
4490,52554,8,18,"Muslim","Male","Urban"
4491,24402,9,42,"Hindu","Female","Rural"
4492,17310,0,65,"Hindu","Male","Rural"
4493,13173,0,50,"Hindu","Male","Rural"
4494,3900,0,56,"Hindu","Male","Rural"
4495,6098,0,48,"Hindu","Male","Rural"
4496,46466,4,31,"Hindu","Male","Rural"
4497,49680,6,23,"Hindu","Male","Rural"
4498,28671,10,32,"Hindu","Male","Rural"
4499,52974,6,18,"Hindu","Male","Urban"
4500,36712,6,45,"Hindu","Male","Rural"
4501,43954,15,38,"Hindu","Male","Rural"
4502,25995,0,31,"Muslim","Male","Rural"
4503,4384,0,23,"Christian","Male","Rural"
4504,34808,3,49,"Muslim","Female","Rural"
4505,62521,4,29,"Muslim","Male","Rural"
4506,4315,0,46,"Muslim","Female","Rural"
4507,232759,11,30,"Hindu","Male","Urban"
4508,10937,7,47,"Hindu","Male","Rural"
4509,136700,15,19,"Christian","Male","Rural"
4510,16604,4,35,"Hindu","Male","Rural"
4511,9897,0,22,"Hindu","Male","Rural"
4512,4450,1,37,"Hindu","Male","Rural"
4513,4920,3,38,"Hindu","Female","Rural"
4514,12836,12,23,"Hindu","Female","Urban"
4515,5292,0,31,"Hindu","Male","Rural"
4516,9233,8,22,"Hindu","Male","Urban"
4517,179189,13,56,"Hindu","Female","Urban"
4518,52126,3,39,"Hindu","Male","Urban"
4519,16031,2,47,"Hindu","Female","Rural"
4520,4675,0,33,"Hindu","Male","Rural"
4521,8576,0,40,"Hindu","Male","Urban"
4522,16040,12,24,"Hindu","Male","Urban"
4523,3482,1,34,"Hindu","Female","Rural"
4524,10187,3,26,"Hindu","Male","Rural"
4525,98593,15,49,"Hindu","Male","Urban"
4526,47065,13,36,"Hindu","Male","Urban"
4527,115846,7,25,"Hindu","Male","Rural"
4528,29498,9,33,"Hindu","Male","Rural"
4529,5951,4,47,"Hindu","Female","Rural"
4530,26666,6,49,"Muslim","Male","Rural"
4531,50230,15,25,"Hindu","Female","Rural"
4532,7588,10,18,"Hindu","Female","Rural"
4533,29549,0,40,"Hindu","Male","Rural"
4534,7471,0,37,"Hindu","Male","Rural"
4535,18241,5,40,"Hindu","Female","Rural"
4536,58182,0,36,"Muslim","Male","Rural"
4537,16079,0,22,"Hindu","Male","Rural"
4538,15333,0,47,"Hindu","Female","Rural"
4539,4775,0,50,"Hindu","Female","Rural"
4540,9824,10,55,"Hindu","Female","Rural"
4541,71183,3,18,"Hindu","Male","Rural"
4542,168330,15,38,"Hindu","Female","Rural"
4543,109855,9,36,"Hindu","Male","Urban"
4544,7870,10,39,"Hindu","Male","Rural"
4545,42399,12,49,"Hindu","Male","Rural"
4546,224674,12,37,"Hindu","Male","Rural"
4547,16837,1,33,"Hindu","Male","Rural"
4548,5498,0,30,"Hindu","Male","Rural"
4549,6661,1,30,"Hindu","Female","Rural"
4550,25891,1,28,"Hindu","Male","Rural"
4551,101804,9,20,"Hindu","Male","Rural"
4552,3776,8,18,"Hindu","Male","Urban"
4553,148555,12,35,"Hindu","Male","Urban"
4554,335701,8,34,"Hindu","Male","Urban"
4555,134526,4,63,"Sikh","Male","Urban"
4556,7865,7,46,"Hindu","Male","Rural"
4557,92753,13,18,"Hindu","Male","Rural"
4558,137559,4,44,"Sikh","Male","Rural"
4559,128794,10,64,"Hindu","Male","Rural"
4560,5125,2,22,"Hindu","Female","Rural"
4561,87865,7,61,"Hindu","Male","Rural"
4562,2683,2,21,"Hindu","Male","Rural"
4563,7661,9,49,"Hindu","Male","Rural"
4564,92615,15,34,"Hindu","Female","Urban"
4565,2788,0,18,"Hindu","Male","Urban"
4566,3966,0,52,"Hindu","Female","Rural"
4567,17023,4,44,"Hindu","Female","Rural"
4568,69810,3,39,"Hindu","Male","Urban"
4569,200474,11,42,"Hindu","Male","Urban"
4570,26382,4,42,"Hindu","Male","Urban"
4571,34532,15,40,"Hindu","Female","Rural"
4572,35355,8,34,"Christian","Female","Rural"
4573,94107,7,47,"Hindu","Female","Rural"
4574,7368,0,52,"Hindu","Female","Rural"
4575,57913,0,25,"Hindu","Male","Rural"
4576,28408,0,29,"Hindu","Female","Rural"
4577,67796,3,43,"Hindu","Male","Rural"
4578,125984,13,55,"Hindu","Female","Rural"
4579,16652,7,38,"Hindu","Male","Rural"
4580,166293,15,35,"Muslim","Male","Rural"
4581,76567,15,46,"Hindu","Male","Urban"
4582,47475,5,64,"Muslim","Male","Rural"
4583,20491,6,33,"Hindu","Male","Rural"
4584,105171,13,44,"Hindu","Male","Urban"
4585,143774,15,49,"Muslim","Male","Urban"
4586,10791,0,23,"Hindu","Male","Rural"
4587,18105,0,52,"Hindu","Female","Rural"
4588,93070,7,57,"Hindu","Male","Urban"
4589,47231,11,38,"Hindu","Female","Rural"
4590,62445,13,38,"Hindu","Female","Rural"
4591,9958,4,46,"Muslim","Male","Rural"
4592,23845,3,21,"Hindu","Male","Rural"
4593,259536,15,31,"Hindu","Male","Rural"
4594,41841,12,43,"Hindu","Male","Rural"
4595,10949,9,38,"Hindu","Male","Rural"
4596,10538,9,36,"Hindu","Female","Rural"
4597,9684,4,18,"Hindu","Male","Rural"
4598,163580,10,57,"Muslim","Female","Rural"
4599,205388,5,25,"Hindu","Male","Urban"
4600,26108,7,54,"Hindu","Female","Rural"
4601,78969,6,40,"Muslim","Female","Rural"
4602,45900,12,30,"Hindu","Male","Urban"
4603,7718,0,26,"Hindu","Male","Rural"
4604,6158,7,38,"Hindu","Female","Rural"
4605,96520,0,43,"Hindu","Male","Rural"
4606,20563,0,42,"Hindu","Male","Rural"
4607,11556,4,33,"Hindu","Female","Rural"
4608,24352,3,45,"Hindu","Male","Urban"
4609,6546,0,43,"Hindu","Male","Rural"
4610,7262,10,38,"Hindu","Female","Rural"
4611,100580,13,24,"Hindu","Male","Urban"
4612,80741,4,53,"Christian","Male","Urban"
4613,11390,5,38,"Hindu","Male","Rural"
4614,177486,9,59,"Christian","Male","Rural"
4615,14811,4,34,"Hindu","Female","Rural"
4616,41005,3,28,"Muslim","Male","Urban"
4617,4391,1,39,"Hindu","Female","Rural"
4618,59230,3,36,"Hindu","Male","Rural"
4619,124641,15,36,"Hindu","Male","Urban"
4620,9492,11,57,"Hindu","Male","Urban"
4621,167556,15,65,"Hindu","Male","Rural"
4622,6703,12,35,"Hindu","Male","Rural"
4623,6891,0,55,"Hindu","Female","Rural"
4624,37705,2,44,"Hindu","Male","Urban"
4625,11657,5,18,"Hindu","Female","Rural"
4626,13467,0,35,"Hindu","Male","Rural"
4627,16990,0,48,"Sikh","Male","Rural"
4628,34409,3,49,"Hindu","Male","Rural"
4629,104677,0,37,"Hindu","Male","Urban"
4630,103916,0,40,"Muslim","Male","Rural"
4631,451,0,58,"Hindu","Female","Rural"
4632,14194,0,53,"Hindu","Male","Rural"
4633,25552,6,47,"Hindu","Male","Rural"
4634,17105,7,49,"Hindu","Female","Rural"
4635,18890,3,44,"Hindu","Male","Urban"
4636,2044,4,39,"Hindu","Female","Rural"
4637,13555,5,54,"Hindu","Male","Urban"
4638,10361,0,33,"Muslim","Male","Rural"
4639,6311,7,18,"Hindu","Male","Rural"
4640,21643,6,46,"Hindu","Male","Rural"
4641,13193,8,22,"Hindu","Male","Rural"
4642,88064,0,56,"Hindu","Male","Rural"
4643,42663,0,32,"Hindu","Male","Rural"
4644,9607,9,25,"Hindu","Female","Rural"
4645,33562,0,55,"Hindu","Male","Rural"
4646,26903,7,49,"Tribal","Male","Rural"
4647,195009,3,36,"Hindu","Female","Urban"
4648,12766,7,53,"Hindu","Male","Rural"
4649,29935,2,29,"Hindu","Male","Urban"
4650,18618,0,42,"Buddhist","Male","Rural"
4651,20394,8,28,"Hindu","Male","Rural"
4652,49135,8,60,"Hindu","Male","Rural"
4653,30556,9,35,"Hindu","Female","Rural"
4654,6130,4,41,"Hindu","Female","Rural"
4655,74529,9,18,"Hindu","Male","Urban"
4656,17790,0,50,"Hindu","Male","Rural"
4657,8209,1,45,"Hindu","Male","Rural"
4658,13359,9,43,"Hindu","Male","Urban"
4659,140294,6,35,"Hindu","Male","Rural"
4660,16907,7,43,"Hindu","Female","Rural"
4661,43342,10,29,"Hindu","Male","Urban"
4662,2779,0,32,"Hindu","Male","Rural"
4663,67138,3,40,"Tribal","Female","Rural"
4664,7865,5,34,"Hindu","Female","Rural"
4665,9631,2,36,"Hindu","Male","Rural"
4666,87766,0,39,"Hindu","Male","Rural"
4667,47510,0,40,"Hindu","Male","Urban"
4668,3393,0,61,"Hindu","Female","Urban"
4669,1421,3,39,"Hindu","Female","Rural"
4670,12486,0,18,"Hindu","Male","Rural"
4671,13084,0,37,"Muslim","Female","Rural"
4672,98889,12,35,"Hindu","Female","Urban"
4673,16434,5,32,"Hindu","Male","Rural"
4674,8568,1,28,"Hindu","Male","Rural"
4675,6284,1,38,"Hindu","Female","Rural"
4676,9526,0,37,"Hindu","Male","Rural"
4677,14176,0,18,"Hindu","Female","Rural"
4678,131121,4,27,"Hindu","Male","Rural"
4679,8994,0,28,"Muslim","Male","Rural"
4680,39658,5,24,"Hindu","Female","Rural"
4681,62815,0,65,"Hindu","Female","Rural"
4682,38606,6,46,"Hindu","Male","Rural"
4683,14654,0,39,"Hindu","Male","Rural"
4684,6126,6,43,"Muslim","Male","Rural"
4685,10392,0,36,"Hindu","Male","Rural"
4686,22865,0,36,"Muslim","Male","Rural"
4687,10523,10,29,"Hindu","Male","Rural"
4688,17781,12,49,"Muslim","Male","Rural"
4689,6922,3,47,"Hindu","Male","Rural"
4690,4924,0,18,"Hindu","Male","Rural"
4691,36073,6,52,"Hindu","Male","Rural"
4692,6683,1,28,"Tribal","Male","Rural"
4693,198558,12,42,"Hindu","Male","Urban"
4694,3020,4,37,"Hindu","Female","Rural"
4695,48868,12,54,"Hindu","Male","Rural"
4696,835,2,50,"Muslim","Female","Rural"
4697,27302,10,39,"Hindu","Male","Urban"
4698,13243,9,64,"Hindu","Male","Rural"
4699,5947,0,37,"Hindu","Male","Rural"
4700,11275,0,34,"Hindu","Male","Rural"
4701,18803,0,38,"Muslim","Male","Rural"
4702,7467,0,18,"Hindu","Male","Urban"
4703,84191,7,48,"Hindu","Male","Urban"
4704,12425,0,28,"Hindu","Female","Rural"
4705,5680,9,50,"Hindu","Female","Urban"
4706,126009,0,45,"Hindu","Male","Rural"
4707,4180,0,30,"Hindu","Female","Rural"
4708,18221,7,34,"Muslim","Male","Rural"
4709,12351,1,41,"Hindu","Female","Urban"
4710,249529,8,28,"Hindu","Male","Rural"
4711,6960,0,29,"Muslim","Female","Rural"
4712,16084,0,18,"Hindu","Female","Rural"
4713,10335,3,47,"Hindu","Male","Rural"
4714,9696,5,33,"Hindu","Male","Rural"
4715,83670,6,43,"Hindu","Male","Urban"
4716,25479,0,53,"Hindu","Male","Rural"
4717,27805,15,29,"Muslim","Male","Rural"
4718,6039,0,50,"Hindu","Male","Rural"
4719,4982,1,46,"Tribal","Male","Rural"
4720,92340,6,30,"Hindu","Male","Rural"
4721,23554,5,45,"Hindu","Male","Rural"
4722,26787,4,39,"Hindu","Male","Rural"
4723,22991,12,49,"Hindu","Male","Rural"
4724,3180,7,43,"Hindu","Male","Rural"
4725,64288,15,26,"Hindu","Male","Rural"
4726,24302,8,50,"Hindu","Male","Rural"
4727,223662,11,27,"Sikh","Female","Rural"
4728,19018,3,62,"Hindu","Male","Rural"
4729,21635,6,53,"Hindu","Male","Rural"
4730,60920,14,34,"Hindu","Male","Rural"
4731,84417,14,38,"Muslim","Male","Urban"
4732,45362,14,48,"Hindu","Female","Rural"
4733,64608,2,45,"Hindu","Male","Rural"
4734,21633,0,48,"Hindu","Male","Urban"
4735,120815,14,50,"Hindu","Female","Urban"
4736,37102,2,19,"Hindu","Male","Urban"
4737,6357,2,42,"Hindu","Male","Rural"
4738,4252,8,40,"Hindu","Female","Rural"
4739,27481,2,47,"Hindu","Male","Rural"
4740,33022,0,47,"Hindu","Male","Rural"
4741,9324,1,43,"Hindu","Female","Rural"
4742,6677,8,53,"Hindu","Female","Rural"
4743,64397,12,42,"Hindu","Male","Urban"
4744,59841,9,39,"Hindu","Male","Rural"
4745,6194,0,23,"Hindu","Female","Rural"
4746,11702,9,53,"Muslim","Female","Rural"
4747,10506,0,37,"Hindu","Female","Rural"
4748,3679,1,60,"Christian","Female","Rural"
4749,45635,9,26,"Muslim","Male","Rural"
4750,1838,0,27,"Hindu","Male","Rural"
4751,41891,7,35,"Hindu","Male","Urban"
4752,166740,15,49,"Hindu","Female","Urban"
4753,344338,4,40,"Hindu","Male","Urban"
4754,69325,4,41,"Hindu","Male","Rural"
4755,41806,5,36,"Hindu","Female","Rural"
4756,6556,0,21,"Hindu","Male","Rural"
4757,6890,0,39,"Muslim","Female","Rural"
4758,317345,14,19,"Hindu","Male","Rural"
4759,5457,1,46,"Hindu","Female","Rural"
4760,3073,0,44,"Hindu","Male","Urban"
4761,95793,3,49,"Hindu","Male","Rural"
4762,15506,3,42,"Hindu","Female","Rural"
4763,45087,8,36,"Hindu","Male","Rural"
4764,13295,0,29,"Hindu","Male","Rural"
4765,181641,15,24,"Hindu","Male","Urban"
4766,7515,5,35,"Hindu","Female","Rural"
4767,23271,0,44,"Hindu","Male","Rural"
4768,77994,0,65,"Hindu","Male","Urban"
4769,215845,2,25,"Hindu","Male","Urban"
4770,9895,11,18,"Hindu","Female","Rural"
4771,11386,0,36,"Hindu","Male","Rural"
4772,27377,4,43,"Muslim","Female","Rural"
4773,2339,7,34,"Hindu","Female","Rural"
4774,57680,10,51,"Muslim","Male","Rural"
4775,7671,1,45,"Hindu","Female","Rural"
4776,6127,12,27,"Hindu","Female","Rural"
4777,5637,6,45,"Hindu","Male","Rural"
4778,54406,0,18,"Hindu","Male","Rural"
4779,265797,12,26,"Hindu","Male","Rural"
4780,48867,0,65,"Hindu","Female","Rural"
4781,18835,4,42,"Hindu","Male","Rural"
4782,4403,2,42,"Hindu","Male","Rural"
4783,5624,12,32,"Hindu","Female","Rural"
4784,25794,9,18,"Hindu","Male","Rural"
4785,30932,0,39,"Hindu","Male","Rural"
4786,31962,11,37,"Hindu","Male","Urban"
4787,202644,0,20,"Hindu","Male","Urban"
4788,44763,2,47,"Hindu","Male","Rural"
4789,16576,15,35,"Hindu","Female","Rural"
4790,92024,0,18,"Hindu","Male","Urban"
4791,70178,0,43,"Hindu","Male","Urban"
4792,26632,0,44,"Hindu","Female","Rural"
4793,12712,2,54,"Hindu","Female","Rural"
4794,12481,0,37,"Muslim","Female","Rural"
4795,2610,3,24,"Hindu","Male","Rural"
4796,3775,1,29,"Hindu","Male","Rural"
4797,26492,2,36,"Hindu","Male","Rural"
4798,18252,6,31,"Hindu","Female","Rural"
4799,23856,3,18,"Hindu","Male","Rural"
4800,46649,2,32,"Hindu","Male","Rural"
4801,6697,0,28,"Hindu","Female","Rural"
4802,4358,11,39,"Hindu","Male","Rural"
4803,14225,0,44,"Hindu","Female","Rural"
4804,5245,5,31,"Hindu","Female","Rural"
4805,21893,4,22,"Hindu","Male","Rural"
4806,15897,0,38,"Hindu","Male","Rural"
4807,69932,7,32,"Hindu","Male","Rural"
4808,49219,11,30,"Hindu","Male","Rural"
4809,9110,1,25,"Hindu","Male","Rural"
4810,17017,15,18,"Hindu","Male","Rural"
4811,28263,0,41,"Hindu","Male","Rural"
4812,4031,0,30,"Hindu","Female","Rural"
4813,17579,6,31,"Hindu","Male","Rural"
4814,68228,3,46,"Christian","Male","Rural"
4815,25479,8,37,"Hindu","Female","Rural"
4816,15162,7,34,"Hindu","Female","Rural"
4817,30564,6,50,"Hindu","Female","Rural"
4818,2694,3,49,"Hindu","Female","Rural"
4819,18347,0,33,"Hindu","Male","Rural"
4820,7231,0,39,"Hindu","Female","Rural"
4821,38878,4,26,"Hindu","Male","Rural"
4822,14135,0,47,"Hindu","Male","Rural"
4823,8217,3,47,"Muslim","Male","Rural"
4824,16912,4,41,"Hindu","Male","Rural"
4825,34560,8,40,"Hindu","Male","Rural"
4826,97667,7,27,"Hindu","Male","Rural"
4827,27161,0,42,"Hindu","Male","Rural"
4828,234279,13,41,"Hindu","Male","Urban"
4829,5427,0,49,"Muslim","Female","Rural"
4830,24011,15,44,"Hindu","Female","Rural"
4831,122105,3,39,"Muslim","Male","Rural"
4832,14565,0,47,"Hindu","Male","Rural"
4833,6365,10,41,"Hindu","Female","Urban"
4834,75558,0,29,"Christian","Male","Rural"
4835,62403,9,38,"Hindu","Male","Rural"
4836,30980,15,34,"Hindu","Female","Rural"
4837,57697,0,51,"Muslim","Male","Rural"
4838,10593,0,38,"Muslim","Female","Rural"
4839,55170,7,51,"Muslim","Female","Rural"
4840,28806,9,27,"Hindu","Female","Urban"
4841,41853,10,48,"Hindu","Male","Urban"
4842,9212,0,60,"Hindu","Female","Rural"
4843,5354,3,23,"Hindu","Female","Rural"
4844,11233,5,38,"Hindu","Female","Rural"
4845,154629,11,30,"Hindu","Female","Urban"
4846,43801,1,39,"Hindu","Male","Urban"
4847,6022,5,37,"Hindu","Female","Rural"
4848,101229,3,31,"Jain","Male","Urban"
4849,26786,5,43,"Hindu","Male","Rural"
4850,9221,9,23,"Hindu","Female","Rural"
4851,11177,0,30,"Hindu","Female","Rural"
4852,80368,12,20,"Hindu","Female","Urban"
4853,36196,8,28,"Hindu","Male","Rural"
4854,23593,6,42,"Hindu","Male","Rural"
4855,44181,15,43,"Hindu","Female","Urban"
4856,221976,13,46,"Hindu","Male","Urban"
4857,70494,7,34,"Hindu","Male","Rural"
4858,90776,9,18,"Hindu","Male","Urban"
4859,39686,0,26,"Hindu","Male","Rural"
4860,5622,4,32,"Hindu","Female","Rural"
4861,29349,4,33,"Hindu","Male","Rural"
4862,75939,0,41,"Hindu","Male","Urban"
4863,39836,0,53,"Hindu","Male","Rural"
4864,30582,9,58,"Muslim","Male","Rural"
4865,27577,5,26,"Hindu","Male","Urban"
4866,3587,0,27,"Hindu","Female","Rural"
4867,5593,6,40,"Hindu","Female","Rural"
4868,56359,11,62,"Hindu","Male","Rural"
4869,10525,0,26,"Hindu","Male","Rural"
4870,19491,7,41,"Hindu","Male","Rural"
4871,47823,8,38,"Hindu","Male","Rural"
4872,19332,12,43,"Hindu","Male","Rural"
4873,115197,11,27,"Hindu","Male","Urban"
4874,11746,9,22,"Hindu","Male","Rural"
4875,32039,6,27,"Hindu","Male","Rural"
4876,10841,15,38,"Muslim","Male","Rural"
4877,52087,11,61,"Hindu","Male","Rural"
4878,4091,0,48,"Hindu","Female","Rural"
4879,13042,4,30,"Hindu","Female","Rural"
4880,692,0,30,"Hindu","Female","Rural"
4881,46234,10,47,"Muslim","Male","Urban"
4882,26202,2,35,"Hindu","Male","Rural"
4883,5516,11,37,"Hindu","Female","Rural"
4884,119330,15,65,"Hindu","Female","Urban"
4885,13744,9,43,"Hindu","Male","Urban"
4886,465658,8,51,"Hindu","Male","Rural"
4887,89437,2,39,"Hindu","Male","Urban"
4888,11012,13,65,"Hindu","Female","Urban"
4889,12191,5,31,"Hindu","Female","Rural"
4890,110997,15,57,"Hindu","Male","Urban"
4891,77609,11,48,"Hindu","Male","Rural"
4892,29313,0,20,"Hindu","Male","Rural"
4893,143727,11,18,"Hindu","Male","Urban"
4894,8112,9,35,"Hindu","Male","Rural"
4895,25224,0,41,"Hindu","Male","Rural"
4896,55929,0,36,"Sikh","Female","Urban"
4897,7938,11,18,"Hindu","Male","Rural"
4898,71130,7,32,"Tribal","Male","Rural"
4899,9287,2,50,"Hindu","Female","Rural"
4900,11730,1,50,"Hindu","Female","Rural"
4901,30239,3,30,"Hindu","Male","Rural"
4902,38857,5,45,"Hindu","Male","Rural"
4903,19149,5,34,"Hindu","Male","Rural"
4904,418674,3,27,"Hindu","Male","Rural"
4905,96990,7,36,"Hindu","Male","Rural"
4906,99673,8,55,"Muslim","Male","Urban"
4907,10965,12,36,"Hindu","Male","Urban"
4908,12667,1,21,"Hindu","Male","Rural"
4909,38892,0,37,"Hindu","Male","Rural"
4910,14831,4,54,"Hindu","Female","Rural"
4911,78780,6,46,"Muslim","Male","Urban"
4912,1559164,9,36,"Hindu","Male","Urban"
4913,9697,4,37,"Christian","Male","Rural"
4914,2733,3,25,"Hindu","Male","Rural"
4915,41571,0,41,"Muslim","Male","Rural"
4916,22328,8,35,"Hindu","Female","Rural"
4917,23666,8,49,"Hindu","Male","Rural"
4918,15915,0,38,"Hindu","Male","Rural"
4919,104460,12,51,"Hindu","Male","Rural"
4920,39876,14,46,"Hindu","Female","Urban"
4921,12558,15,21,"Hindu","Male","Rural"
4922,86010,8,37,"Hindu","Male","Urban"
4923,6441,0,39,"Hindu","Female","Rural"
4924,11545,12,44,"Hindu","Male","Rural"
4925,4517,5,27,"Muslim","Female","Rural"
4926,14249,11,25,"Hindu","Female","Rural"
4927,2883,10,31,"Hindu","Female","Rural"
4928,5665,0,35,"Hindu","Male","Urban"
4929,15679,11,41,"Hindu","Female","Rural"
4930,731889,7,41,"Hindu","Male","Rural"
4931,22315,7,46,"Muslim","Male","Rural"
4932,33636,3,36,"Hindu","Male","Rural"
4933,76938,15,40,"Hindu","Male","Urban"
4934,21597,0,41,"Hindu","Male","Rural"
4935,1624,2,33,"Hindu","Female","Rural"
4936,24930,7,33,"Hindu","Female","Urban"
4937,2780,1,37,"Hindu","Female","Rural"
4938,42427,7,45,"Hindu","Female","Rural"
4939,2038,0,35,"Hindu","Male","Rural"
4940,11866,8,31,"Hindu","Female","Rural"
4941,55490,6,45,"Hindu","Male","Urban"
4942,14115,12,57,"Hindu","Female","Urban"
4943,7635,0,22,"Muslim","Female","Rural"
4944,12905,6,34,"Hindu","Male","Rural"
4945,75301,0,55,"Hindu","Male","Rural"
4946,14084,5,51,"Hindu","Male","Rural"
4947,23046,11,33,"Hindu","Male","Rural"
4948,18429,12,49,"Hindu","Male","Rural"
4949,29464,3,32,"Hindu","Male","Rural"
4950,9650,11,26,"Hindu","Female","Rural"
4951,2450,8,18,"Hindu","Female","Rural"
4952,50340,2,40,"Hindu","Male","Rural"
4953,1545,0,18,"Hindu","Male","Rural"
4954,44600,8,39,"Hindu","Male","Urban"
4955,196008,13,41,"Hindu","Male","Urban"
4956,29395,6,65,"Hindu","Male","Rural"
4957,17277,7,45,"Hindu","Female","Rural"
4958,15341,4,56,"Hindu","Male","Urban"
4959,560884,12,43,"Hindu","Male","Rural"
4960,4811,1,33,"Hindu","Male","Rural"
4961,11345,10,31,"Hindu","Male","Rural"
4962,35836,6,47,"Hindu","Male","Rural"
4963,8461,0,28,"Hindu","Male","Rural"
4964,61673,12,52,"Hindu","Male","Urban"
4965,4614,0,38,"Hindu","Male","Rural"
4966,6303,12,32,"Hindu","Male","Rural"
4967,94002,15,19,"Hindu","Male","Urban"
4968,47323,15,35,"Hindu","Male","Rural"
4969,11802,4,22,"Hindu","Female","Rural"
4970,121976,7,64,"Hindu","Male","Rural"
4971,15827,9,59,"Hindu","Male","Rural"
4972,17756,5,35,"Hindu","Male","Rural"
4973,2562,4,18,"Muslim","Male","Rural"
4974,10731,5,23,"Hindu","Male","Rural"
4975,7737,0,65,"Hindu","Male","Rural"
4976,20956,0,50,"Hindu","Male","Rural"
4977,88586,5,35,"Hindu","Male","Urban"
4978,32947,0,36,"Hindu","Male","Rural"
4979,7154,4,26,"Hindu","Male","Rural"
4980,20188,0,32,"Hindu","Female","Rural"
4981,2902,0,46,"Hindu","Male","Rural"
4982,149638,13,45,"Hindu","Male","Urban"
4983,9790,7,52,"Hindu","Female","Rural"
4984,3001,3,48,"Hindu","Female","Rural"
4985,22959,8,35,"Hindu","Male","Rural"
4986,87631,0,18,"Muslim","Male","Urban"
4987,102109,9,44,"Hindu","Male","Rural"
4988,11291,13,40,"Hindu","Female","Rural"
4989,28528,13,45,"Hindu","Female","Rural"
4990,12776,9,53,"Hindu","Female","Rural"
4991,148074,10,38,"Hindu","Male","Rural"
4992,241448,15,38,"Hindu","Male","Urban"
4993,31565,7,57,"Hindu","Male","Rural"
4994,6190,1,32,"Muslim","Male","Rural"
4995,14049,0,43,"Hindu","Male","Rural"
4996,59784,9,44,"Hindu","Male","Rural"
4997,4884,0,30,"Muslim","Male","Rural"
4998,30198,9,27,"Christian","Female","Rural"
4999,8184,9,41,"Hindu","Female","Rural"
5000,74642,12,38,"Hindu","Male","Rural"
5001,22279,8,47,"Hindu","Male","Rural"
5002,107051,6,47,"Muslim","Female","Urban"
5003,63226,0,27,"Hindu","Male","Rural"
5004,51581,4,23,"Muslim","Male","Rural"
5005,13094,4,32,"Hindu","Female","Rural"
5006,5415,2,41,"Hindu","Male","Rural"
5007,13216,0,55,"Muslim","Male","Rural"
5008,7062,0,42,"Hindu","Male","Urban"
5009,35991,10,32,"Hindu","Female","Rural"
5010,65490,8,40,"Hindu","Male","Urban"
5011,13756,0,25,"Hindu","Male","Rural"
5012,14926,2,37,"Hindu","Male","Rural"
5013,93091,6,35,"Muslim","Male","Urban"
5014,50568,8,33,"Hindu","Male","Rural"
5015,24893,15,33,"Hindu","Male","Rural"
5016,21425,10,46,"Muslim","Female","Urban"
5017,22176,0,40,"Hindu","Female","Rural"
5018,72071,5,53,"Hindu","Female","Rural"
5019,66526,10,34,"Hindu","Male","Rural"
5020,30570,0,47,"Sikh","Female","Rural"
5021,35337,0,52,"Hindu","Male","Rural"
5022,9150,7,36,"Hindu","Female","Rural"
5023,213784,13,49,"Hindu","Male","Urban"
5024,64276,0,25,"Hindu","Female","Rural"
5025,12420,8,39,"Hindu","Female","Rural"
5026,26020,4,32,"Hindu","Male","Rural"
5027,71221,7,56,"Hindu","Male","Urban"
5028,21661,8,34,"Hindu","Male","Rural"
5029,27756,0,49,"Hindu","Male","Rural"
5030,13713,2,40,"Hindu","Male","Rural"
5031,15360,14,51,"Muslim","Male","Rural"
5032,57968,13,35,"Hindu","Male","Urban"
5033,28053,7,39,"Hindu","Male","Urban"
5034,3143,0,34,"Muslim","Male","Rural"
5035,1553,3,62,"Hindu","Male","Rural"
5036,19724,0,47,"Hindu","Male","Rural"
5037,40017,7,41,"Hindu","Male","Urban"
5038,25442,9,18,"Hindu","Female","Rural"
5039,76054,8,37,"Hindu","Male","Rural"
5040,886,2,37,"Hindu","Male","Rural"
5041,73036,5,25,"Hindu","Male","Urban"
5042,41291,8,37,"Hindu","Male","Rural"
5043,5491,0,47,"Hindu","Male","Rural"
5044,4496,0,39,"Hindu","Female","Rural"
5045,51158,11,33,"Hindu","Male","Rural"
5046,47655,6,24,"Hindu","Male","Urban"
5047,5054,0,47,"Hindu","Female","Rural"
5048,198404,4,36,"Hindu","Female","Urban"
5049,29081,0,50,"Muslim","Male","Rural"
5050,19230,10,47,"Christian","Female","Rural"
5051,3950,4,51,"Hindu","Female","Rural"
5052,83276,0,34,"Hindu","Female","Rural"
5053,98201,6,54,"Hindu","Male","Urban"
5054,95113,4,39,"Christian","Male","Urban"
5055,114229,0,29,"Hindu","Male","Urban"
5056,13425,7,28,"Hindu","Male","Rural"
5057,30419,15,31,"Hindu","Male","Urban"
5058,6729,3,43,"Hindu","Male","Rural"
5059,25851,8,25,"Hindu","Male","Urban"
5060,21962,6,18,"Hindu","Male","Rural"
5061,80975,8,50,"Hindu","Male","Rural"
5062,128098,14,30,"Hindu","Male","Urban"
5063,27108,11,20,"Muslim","Male","Urban"
5064,16492,7,27,"Hindu","Male","Rural"
5065,58754,8,22,"Hindu","Female","Rural"
5066,19995,1,28,"Hindu","Male","Rural"
5067,23340,15,32,"Hindu","Female","Rural"
5068,7370,6,33,"Muslim","Male","Rural"
5069,61245,5,24,"Muslim","Male","Rural"
5070,5924,5,26,"Hindu","Male","Rural"
5071,29631,5,41,"Hindu","Male","Urban"
5072,3397,0,31,"Hindu","Female","Rural"
5073,5923,14,50,"Hindu","Male","Rural"
5074,9370,7,23,"Hindu","Male","Urban"
5075,8216,0,48,"Hindu","Female","Rural"
5076,167097,4,22,"Sikh","Male","Urban"
5077,179336,15,21,"Hindu","Male","Urban"
5078,10921,0,26,"Hindu","Male","Rural"
5079,73588,9,24,"Hindu","Male","Urban"
5080,16725,7,36,"Hindu","Female","Rural"
5081,18281,8,32,"Muslim","Male","Rural"
5082,21994,5,39,"Hindu","Female","Rural"
5083,67923,9,35,"Hindu","Male","Urban"
5084,27821,4,42,"Hindu","Male","Rural"
5085,11773,11,34,"Hindu","Male","Rural"
5086,60367,0,41,"Sikh","Male","Urban"
5087,65107,8,22,"Hindu","Female","Urban"
5088,26770,9,29,"Hindu","Male","Urban"
5089,8676,15,40,"Hindu","Female","Rural"
5090,49147,5,30,"Hindu","Male","Rural"
5091,32470,4,47,"Muslim","Female","Rural"
5092,148732,0,36,"Hindu","Male","Urban"
5093,2918,0,45,"Hindu","Female","Rural"
5094,117193,9,32,"Hindu","Male","Urban"
5095,30016,3,48,"Hindu","Male","Rural"
5096,4970,7,65,"Hindu","Female","Rural"
5097,2200,0,18,"Hindu","Male","Rural"
5098,76022,1,48,"Hindu","Male","Rural"
5099,96772,7,41,"Hindu","Male","Urban"
5100,14567,0,23,"Hindu","Male","Rural"
5101,21541,0,19,"Hindu","Female","Rural"
5102,28983,0,40,"Hindu","Male","Rural"
5103,19754,1,18,"Hindu","Male","Rural"
5104,2907,0,43,"Hindu","Female","Rural"
5105,19533,0,42,"Hindu","Male","Rural"
5106,107121,3,28,"Christian","Male","Urban"
5107,16174,0,18,"Hindu","Male","Rural"
5108,19606,12,33,"Hindu","Female","Rural"
5109,135535,9,40,"Hindu","Male","Urban"
5110,66809,3,26,"Hindu","Female","Rural"
5111,17276,0,38,"Hindu","Male","Rural"
5112,34252,0,22,"Hindu","Male","Rural"
5113,17748,3,29,"Hindu","Female","Urban"
5114,5847,9,19,"Hindu","Female","Rural"
5115,4233,0,47,"Muslim","Female","Rural"
5116,3659,3,38,"Hindu","Female","Rural"
5117,52994,0,49,"Hindu","Male","Urban"
5118,71385,8,37,"Hindu","Male","Rural"
5119,71527,4,42,"Muslim","Male","Urban"
5120,12277,15,28,"Hindu","Male","Urban"
5121,84549,0,43,"Hindu","Male","Rural"
5122,36303,2,47,"Hindu","Male","Urban"
5123,486736,13,55,"Hindu","Male","Rural"
5124,11534,6,38,"Muslim","Male","Rural"
5125,48238,9,27,"Hindu","Male","Urban"
5126,42963,3,55,"Hindu","Male","Rural"
5127,49507,6,55,"Hindu","Male","Rural"
5128,16943,0,40,"Hindu","Female","Rural"
5129,7866,5,19,"Tribal","Female","Rural"
5130,42867,2,53,"Hindu","Male","Rural"
5131,29548,12,42,"Hindu","Male","Rural"
5132,16630,10,48,"Hindu","Female","Rural"
5133,1589,0,41,"Hindu","Male","Rural"
5134,11976,3,39,"Hindu","Male","Rural"
5135,23086,1,18,"Hindu","Male","Urban"
5136,51365,5,38,"Christian","Female","Rural"
5137,8833,0,49,"Hindu","Male","Rural"
5138,2702,4,34,"Muslim","Female","Rural"
5139,84024,15,42,"Muslim","Male","Urban"
5140,21078,4,32,"Hindu","Male","Rural"
5141,46033,0,36,"Hindu","Male","Rural"
5142,20888,0,35,"Hindu","Male","Rural"
5143,7188,0,46,"Hindu","Male","Rural"
5144,48322,8,26,"Hindu","Male","Rural"
5145,8132,0,30,"Hindu","Female","Rural"
5146,6254,0,43,"Muslim","Male","Rural"
5147,39510,14,30,"Hindu","Male","Rural"
5148,26852,11,23,"Hindu","Male","Rural"
5149,22518,0,41,"Hindu","Male","Rural"
5150,172020,12,37,"Hindu","Male","Urban"
5151,258264,14,65,"Hindu","Female","Urban"
5152,10469,1,22,"Hindu","Male","Rural"
5153,63300,12,23,"Hindu","Male","Urban"
5154,40485,9,41,"Hindu","Male","Rural"
5155,235153,7,33,"Hindu","Male","Urban"
5156,17466,0,40,"Muslim","Male","Rural"
5157,45687,7,26,"Hindu","Male","Urban"
5158,23956,15,61,"Hindu","Male","Rural"
5159,3351,5,26,"Hindu","Female","Rural"
5160,24490,5,36,"Hindu","Male","Rural"
5161,17955,5,58,"Hindu","Female","Rural"
5162,40284,8,42,"Hindu","Male","Rural"
5163,41365,10,21,"Hindu","Male","Rural"
5164,115875,5,38,"Hindu","Male","Urban"
5165,16954,1,33,"Hindu","Female","Rural"
5166,100916,10,20,"Hindu","Female","Urban"
5167,12476,0,54,"Hindu","Male","Rural"
5168,38641,9,32,"Hindu","Male","Rural"
5169,15618,1,36,"Hindu","Male","Rural"
5170,3120,0,41,"Hindu","Female","Rural"
5171,24999,13,31,"Hindu","Male","Urban"
5172,3056,0,34,"Hindu","Male","Rural"
5173,3366,0,58,"Hindu","Male","Rural"
5174,9134,8,39,"Hindu","Female","Rural"
5175,22598,9,35,"Sikh","Female","Rural"
5176,22192,9,40,"Muslim","Male","Rural"
5177,270842,5,55,"Hindu","Male","Urban"
5178,2161,7,29,"Hindu","Male","Rural"
5179,63114,10,41,"Muslim","Female","Rural"
5180,2175,1,31,"Muslim","Female","Rural"
5181,51792,0,33,"Hindu","Male","Urban"
5182,12700,0,23,"Hindu","Female","Rural"
5183,39652,14,60,"Hindu","Male","Rural"
5184,6939,0,18,"Sikh","Male","Rural"
5185,42970,0,39,"Hindu","Male","Rural"
5186,69228,14,42,"Christian","Male","Rural"
5187,8970,3,44,"Hindu","Male","Rural"
5188,57817,10,39,"Hindu","Male","Urban"
5189,43149,1,49,"Buddhist","Male","Rural"
5190,46252,11,33,"Hindu","Male","Rural"
5191,23319,10,33,"Hindu","Male","Urban"
5192,289777,3,29,"Sikh","Male","Urban"
5193,49936,15,44,"Christian","Male","Rural"
5194,51480,0,47,"Hindu","Male","Urban"
5195,134775,11,31,"Sikh","Female","Rural"
5196,1169,1,37,"Hindu","Female","Rural"
5197,4384,0,37,"Muslim","Male","Rural"
5198,14682,9,54,"Hindu","Female","Rural"
5199,99770,0,45,"Hindu","Male","Rural"
5200,19075,5,46,"Hindu","Male","Rural"
5201,54917,6,40,"Hindu","Male","Rural"
5202,4320,3,47,"Hindu","Male","Rural"
5203,121086,14,32,"Hindu","Female","Urban"
5204,361266,12,47,"Hindu","Male","Rural"
5205,5170,1,18,"Hindu","Male","Rural"
5206,27666,14,38,"Hindu","Female","Rural"
5207,169465,15,45,"Hindu","Female","Rural"
5208,20232,10,37,"Hindu","Male","Rural"
5209,17033,0,18,"Hindu","Male","Rural"
5210,47310,0,40,"Muslim","Male","Urban"
5211,6720,1,35,"Hindu","Male","Rural"
5212,19173,5,52,"Hindu","Female","Urban"
5213,351414,15,26,"Hindu","Male","Urban"
5214,22249,15,50,"Hindu","Female","Rural"
5215,104647,8,37,"Hindu","Male","Urban"
5216,2600,0,52,"Hindu","Female","Rural"
5217,45097,2,41,"Hindu","Male","Rural"
5218,119081,0,35,"Hindu","Male","Urban"
5219,54114,2,49,"Hindu","Male","Rural"
5220,67501,8,23,"Hindu","Female","Urban"
5221,19698,0,54,"Hindu","Male","Rural"
5222,10475,0,53,"Hindu","Male","Rural"
5223,116661,4,56,"Hindu","Male","Rural"
5224,18684,4,54,"Hindu","Male","Rural"
5225,184094,6,27,"Hindu","Female","Urban"
5226,2962,1,48,"Hindu","Female","Rural"
5227,7889,6,21,"Hindu","Male","Rural"
5228,11474,9,47,"Hindu","Male","Rural"
5229,254920,10,33,"Hindu","Male","Urban"
5230,46435,7,54,"Hindu","Female","Rural"
5231,19145,15,37,"Hindu","Female","Urban"
5232,67041,5,44,"Muslim","Male","Urban"
5233,67966,2,37,"Hindu","Male","Urban"
5234,85352,8,43,"Hindu","Male","Urban"
5235,8734,4,36,"Muslim","Male","Urban"
5236,99234,8,51,"Hindu","Male","Rural"
5237,65057,8,27,"Hindu","Male","Urban"
5238,43610,3,36,"Muslim","Male","Rural"
5239,22034,15,34,"Hindu","Male","Rural"
5240,14769,6,30,"Hindu","Male","Rural"
5241,61134,7,42,"Hindu","Male","Rural"
5242,4884,14,36,"Hindu","Female","Rural"
5243,4774,0,38,"Muslim","Female","Rural"
5244,101697,0,39,"Muslim","Male","Rural"
5245,9098,0,24,"Hindu","Female","Rural"
5246,10901,0,33,"Hindu","Male","Rural"
5247,14126,7,29,"Hindu","Female","Rural"
5248,174814,15,57,"Hindu","Male","Rural"
5249,5606,0,38,"Hindu","Male","Rural"
5250,131108,5,29,"Hindu","Male","Urban"
5251,24187,8,18,"Hindu","Male","Urban"
5252,33150,0,18,"Hindu","Male","Urban"
5253,20679,7,50,"Hindu","Male","Rural"
5254,17390,10,55,"Hindu","Male","Rural"
5255,36131,6,40,"Christian","Male","Rural"
5256,16298,0,52,"Hindu","Male","Rural"
5257,12993,9,58,"Hindu","Female","Urban"
5258,3516,0,25,"Hindu","Male","Rural"
5259,2573,8,49,"Hindu","Female","Rural"
5260,19211,1,39,"Sikh","Male","Rural"
5261,210521,11,35,"Muslim","Male","Rural"
5262,7342,5,50,"Hindu","Female","Rural"
5263,5219,14,36,"Sikh","Male","Rural"
5264,339007,5,44,"Hindu","Male","Rural"
5265,122337,7,25,"Hindu","Male","Rural"
5266,38377,11,31,"Hindu","Male","Urban"
5267,214947,15,39,"Hindu","Male","Urban"
5268,42151,9,41,"Sikh","Female","Rural"
5269,118412,8,36,"Hindu","Male","Rural"
5270,23495,14,45,"Muslim","Male","Urban"
5271,52235,7,20,"Hindu","Male","Rural"
5272,293627,5,34,"Muslim","Male","Urban"
5273,78573,11,33,"Hindu","Male","Rural"
5274,2044,0,32,"Hindu","Male","Rural"
5275,14783,0,56,"Hindu","Male","Rural"
5276,21047,10,31,"Hindu","Male","Rural"
5277,3582,0,61,"Hindu","Female","Rural"
5278,12781,7,18,"Hindu","Male","Rural"
5279,82388,12,28,"Hindu","Male","Urban"
5280,32471,0,49,"Hindu","Male","Rural"
5281,41899,10,38,"Muslim","Female","Rural"
5282,8098,7,37,"Hindu","Male","Rural"
5283,4974,0,18,"Hindu","Male","Rural"
5284,4873,1,50,"Hindu","Female","Rural"
5285,23655,2,24,"Hindu","Female","Rural"
5286,30235,15,27,"Hindu","Male","Rural"
5287,60674,4,30,"Hindu","Male","Rural"
5288,3891,6,41,"Hindu","Female","Rural"
5289,9500,15,34,"Hindu","Female","Rural"
5290,36538,15,52,"Hindu","Male","Urban"
5291,4594,0,27,"Hindu","Male","Rural"
5292,70296,15,23,"Sikh","Male","Urban"
5293,12276,7,18,"Hindu","Male","Rural"
5294,12407,8,33,"Hindu","Male","Rural"
5295,27953,9,42,"Hindu","Male","Rural"
5296,124999,7,40,"Hindu","Male","Urban"
5297,10364,14,37,"Hindu","Female","Rural"
5298,4310,0,52,"Hindu","Female","Rural"
5299,151210,8,45,"Hindu","Male","Urban"
5300,5094,2,48,"Hindu","Female","Urban"
5301,16978,8,53,"Hindu","Female","Urban"
5302,14666,8,34,"Hindu","Male","Urban"
5303,8518,0,28,"Hindu","Female","Rural"
5304,125762,5,36,"Hindu","Male","Rural"
5305,6998,1,40,"Hindu","Male","Rural"
5306,43410,9,29,"Muslim","Male","Rural"
5307,12813,0,37,"Muslim","Male","Rural"
5308,8198,12,37,"Hindu","Female","Rural"
5309,5781,0,44,"Hindu","Male","Rural"
5310,36437,5,47,"Hindu","Male","Rural"
5311,58481,11,38,"Hindu","Female","Rural"
5312,30025,4,30,"Hindu","Male","Rural"
5313,53540,6,38,"Hindu","Male","Rural"
5314,19191,3,29,"Hindu","Female","Rural"
5315,10086,12,32,"Hindu","Male","Rural"
5316,32888,0,45,"Hindu","Male","Rural"
5317,87749,1,46,"Hindu","Female","Urban"
5318,107118,12,32,"Hindu","Male","Urban"
5319,13718,10,58,"Hindu","Female","Rural"
5320,131687,0,49,"Hindu","Female","Rural"
5321,3302,1,36,"Hindu","Female","Rural"
5322,116191,13,38,"Hindu","Male","Urban"
5323,118617,5,48,"Hindu","Male","Rural"
5324,52610,12,30,"Hindu","Male","Rural"
5325,37014,15,40,"Muslim","Female","Rural"
5326,26366,0,47,"Hindu","Male","Rural"
5327,54582,15,25,"Hindu","Male","Urban"
5328,22073,7,32,"Muslim","Male","Rural"
5329,17815,0,34,"Hindu","Male","Rural"
5330,14305,0,53,"Hindu","Male","Urban"
5331,7905,15,29,"Hindu","Female","Rural"
5332,34147,2,22,"Muslim","Female","Rural"
5333,23569,0,59,"Hindu","Female","Rural"
5334,68060,0,44,"Hindu","Male","Urban"
5335,3412,4,39,"Muslim","Female","Rural"
5336,29927,6,29,"Hindu","Male","Rural"
5337,77016,3,46,"Hindu","Male","Rural"
5338,21851,0,65,"Muslim","Female","Rural"
5339,20831,8,46,"Hindu","Male","Rural"
5340,59462,11,51,"Muslim","Male","Urban"
5341,16567,1,33,"Muslim","Female","Urban"
5342,18170,7,39,"Hindu","Male","Rural"
5343,3029,0,45,"Hindu","Male","Rural"
5344,94068,5,54,"Hindu","Male","Rural"
5345,14192,4,63,"Hindu","Male","Rural"
5346,62548,15,42,"Tribal","Female","Urban"
5347,19179,0,62,"Hindu","Male","Rural"
5348,20436,9,22,"Hindu","Male","Urban"
5349,4878,0,18,"Sikh","Male","Rural"
5350,14019,2,28,"Hindu","Female","Rural"
5351,50794,2,63,"Hindu","Male","Urban"
5352,71919,15,26,"Hindu","Male","Rural"
5353,39979,10,50,"Hindu","Female","Rural"
5354,136025,4,18,"Hindu","Male","Urban"
5355,14632,0,26,"Hindu","Female","Rural"
5356,12836,3,37,"Buddhist","Male","Rural"
5357,30750,0,44,"Hindu","Male","Rural"
5358,19666,0,51,"Hindu","Male","Rural"
5359,3937,8,40,"Hindu","Male","Rural"
5360,3872,6,49,"Hindu","Male","Rural"
5361,9693,0,40,"Hindu","Male","Rural"
5362,5094,0,39,"Hindu","Male","Rural"
5363,32168,6,44,"Hindu","Male","Rural"
5364,110154,0,29,"Hindu","Male","Urban"
5365,4995,0,43,"Hindu","Male","Rural"
5366,10241,0,32,"Hindu","Female","Rural"
5367,37051,2,29,"Hindu","Male","Rural"
5368,52503,7,45,"Hindu","Male","Rural"
5369,93415,4,43,"Hindu","Male","Urban"
5370,8263,0,30,"Sikh","Male","Rural"
5371,105926,8,33,"Hindu","Male","Rural"
5372,11859,0,36,"Hindu","Female","Rural"
5373,32267,8,20,"Hindu","Male","Rural"
5374,40035,9,32,"Sikh","Male","Rural"
5375,28401,12,39,"Hindu","Male","Rural"
5376,21229,6,40,"Hindu","Female","Urban"
5377,8161,2,18,"Hindu","Female","Rural"
5378,6962,0,44,"Hindu","Female","Rural"
5379,22658,7,38,"Hindu","Male","Rural"
5380,27003,7,54,"Hindu","Male","Urban"
5381,67953,14,53,"Hindu","Male","Urban"
5382,18184,15,51,"Hindu","Male","Rural"
5383,38197,9,24,"Hindu","Male","Rural"
5384,71487,0,48,"Muslim","Male","Rural"
5385,27523,11,46,"Hindu","Male","Rural"
5386,22761,7,34,"Hindu","Male","Rural"
5387,46155,8,44,"Hindu","Male","Urban"
5388,25233,0,35,"Hindu","Female","Rural"
5389,27345,1,55,"Hindu","Female","Urban"
5390,72745,4,24,"Hindu","Female","Urban"
5391,94730,8,28,"Hindu","Female","Rural"
5392,11149,0,41,"Hindu","Male","Rural"
5393,65569,7,50,"Sikh","Male","Rural"
5394,8678,3,49,"Hindu","Male","Rural"
5395,19861,0,43,"Hindu","Male","Urban"
5396,12134,8,54,"Hindu","Male","Rural"
5397,4459,0,39,"Muslim","Female","Rural"
5398,3075,0,47,"Hindu","Male","Rural"
5399,11825,7,38,"Hindu","Female","Urban"
5400,22440,8,56,"Hindu","Male","Urban"
5401,17699,2,47,"Hindu","Male","Rural"
5402,20199,5,20,"Hindu","Male","Rural"
5403,3151,0,29,"Hindu","Male","Rural"
5404,59500,5,39,"Hindu","Male","Urban"
5405,44112,11,43,"Hindu","Male","Rural"
5406,91054,6,37,"Hindu","Male","Rural"
5407,8932,0,36,"Hindu","Male","Rural"
5408,21460,10,37,"Muslim","Male","Urban"
5409,16458,11,18,"Hindu","Male","Urban"
5410,2663,0,33,"Hindu","Male","Rural"
5411,20440,6,40,"Muslim","Female","Rural"
5412,1651,14,47,"Hindu","Female","Rural"
5413,1063612,8,40,"Hindu","Male","Urban"
5414,50671,10,24,"Hindu","Male","Urban"
5415,38603,6,57,"Hindu","Male","Rural"
5416,3985,1,44,"Hindu","Male","Rural"
5417,1636,0,34,"Hindu","Female","Rural"
5418,1372479,12,35,"Hindu","Male","Rural"
5419,10891,8,54,"Hindu","Male","Urban"
5420,24413,1,26,"Hindu","Male","Rural"
5421,5794,2,37,"Buddhist","Male","Rural"
5422,159856,15,64,"Hindu","Male","Urban"
5423,181374,15,41,"Muslim","Male","Rural"
5424,85651,10,28,"Hindu","Male","Urban"
5425,32182,11,37,"Hindu","Male","Urban"
5426,41546,11,50,"Hindu","Male","Urban"
5427,14371,0,34,"Hindu","Female","Rural"
5428,3710,1,18,"Hindu","Male","Rural"
5429,16861,2,45,"Hindu","Male","Rural"
5430,5652,9,44,"Hindu","Male","Rural"
5431,21270,2,41,"Hindu","Male","Urban"
5432,1345,6,20,"Hindu","Female","Rural"
5433,99061,15,40,"Hindu","Male","Rural"
5434,6668,1,30,"Hindu","Female","Rural"
5435,2127,0,30,"Hindu","Female","Rural"
5436,13100,4,38,"Hindu","Female","Rural"
5437,17838,2,27,"Hindu","Female","Rural"
5438,3343,7,24,"Hindu","Female","Rural"
5439,39839,9,25,"Hindu","Male","Rural"
5440,4085,2,26,"Hindu","Female","Rural"
5441,633949,13,37,"Muslim","Male","Urban"
5442,72096,12,33,"Hindu","Male","Urban"
5443,23413,15,46,"Hindu","Male","Rural"
5444,13883,0,34,"Hindu","Male","Rural"
5445,12790,2,18,"Hindu","Male","Rural"
5446,8192,8,18,"Hindu","Male","Urban"
5447,20819,10,52,"Hindu","Male","Rural"
5448,2137,5,51,"Hindu","Female","Rural"
5449,5602,1,32,"Hindu","Female","Rural"
5450,11124,0,30,"Hindu","Male","Rural"
5451,35176,12,35,"Hindu","Male","Urban"
5452,7979,0,34,"Hindu","Male","Rural"
5453,92849,6,55,"Hindu","Male","Urban"
5454,8221,0,43,"Hindu","Male","Rural"
5455,71447,12,40,"Muslim","Male","Rural"
5456,99351,10,25,"Hindu","Male","Urban"
5457,186979,15,18,"Muslim","Male","Rural"
5458,597818,8,23,"Hindu","Male","Urban"
5459,1970,0,23,"Hindu","Male","Rural"
5460,47540,3,37,"Hindu","Male","Rural"
5461,10096,15,29,"Hindu","Male","Rural"
5462,20501,5,24,"Christian","Male","Rural"
5463,4836,4,43,"Hindu","Female","Rural"
5464,17158,7,41,"Muslim","Male","Rural"
5465,179835,10,41,"Hindu","Male","Urban"
5466,43821,8,53,"Hindu","Male","Rural"
5467,30408,5,18,"Hindu","Female","Rural"
5468,16439,0,41,"Hindu","Male","Rural"
5469,3236,5,18,"Hindu","Female","Rural"
5470,16789,8,26,"Hindu","Male","Rural"
5471,9141,0,36,"Hindu","Female","Rural"
5472,10790,5,31,"Hindu","Female","Rural"
5473,23682,0,48,"Hindu","Male","Rural"
5474,29855,6,47,"Hindu","Male","Rural"
5475,186975,8,36,"Hindu","Male","Rural"
5476,6870,1,40,"Hindu","Male","Rural"
5477,140170,11,48,"Hindu","Male","Rural"
5478,13986,0,51,"Muslim","Male","Rural"
5479,98209,10,37,"Hindu","Female","Urban"
5480,10209,0,49,"Hindu","Female","Rural"
5481,43463,3,41,"Hindu","Male","Urban"
5482,175628,9,47,"Hindu","Female","Urban"
5483,65782,0,49,"Hindu","Male","Rural"
5484,3365,0,30,"Hindu","Female","Rural"
5485,30627,0,31,"Sikh","Female","Rural"
5486,8370,2,53,"Hindu","Male","Rural"
5487,15319,9,18,"Hindu","Female","Rural"
5488,34761,11,33,"Hindu","Male","Rural"
5489,3113,0,52,"Hindu","Female","Rural"
5490,24201,4,34,"Christian","Female","Rural"
5491,223925,15,45,"Hindu","Male","Urban"
5492,10280,9,27,"Muslim","Female","Rural"
5493,30551,9,18,"Muslim","Male","Rural"
5494,246118,4,34,"Hindu","Male","Urban"
5495,2099,5,36,"Hindu","Female","Rural"
5496,36327,7,31,"Muslim","Female","Rural"
5497,48220,11,56,"Christian","Male","Rural"
5498,48752,7,34,"Hindu","Male","Rural"
5499,4756,0,26,"Hindu","Male","Rural"
5500,43846,4,53,"Hindu","Male","Rural"
5501,40281,7,37,"Hindu","Male","Rural"
5502,18807,6,56,"Hindu","Male","Rural"
5503,14194,8,59,"Hindu","Male","Urban"
5504,14317,0,40,"Hindu","Female","Rural"
5505,10044,0,47,"Hindu","Male","Rural"
5506,9721,0,54,"Muslim","Male","Rural"
5507,42186,6,37,"Hindu","Male","Rural"
5508,44738,11,42,"Hindu","Male","Urban"
5509,57431,1,41,"Hindu","Male","Rural"
5510,33750,0,40,"Hindu","Male","Urban"
5511,57543,9,51,"Hindu","Male","Urban"
5512,17655,0,31,"Hindu","Male","Rural"
5513,18362,7,47,"Hindu","Female","Rural"
5514,71014,10,28,"Hindu","Male","Urban"
5515,62789,15,40,"Hindu","Female","Rural"
5516,135267,14,46,"Hindu","Male","Rural"
5517,16259,0,31,"Hindu","Male","Rural"
5518,40556,15,46,"Christian","Male","Rural"
5519,68665,4,35,"Hindu","Female","Rural"
5520,4645,0,29,"Hindu","Male","Rural"
5521,49500,13,23,"Hindu","Male","Rural"
5522,8729,3,37,"Hindu","Male","Rural"
5523,37415,0,36,"Muslim","Male","Rural"
5524,3374,4,27,"Hindu","Male","Rural"
5525,150925,4,34,"Hindu","Male","Urban"
5526,7377,2,45,"Hindu","Male","Rural"
5527,48074,15,31,"Hindu","Male","Urban"
5528,401413,7,45,"Hindu","Male","Urban"
5529,205989,8,27,"Hindu","Male","Urban"
5530,16044,15,27,"Hindu","Male","Rural"
5531,20333,15,38,"Hindu","Female","Urban"
5532,87434,7,24,"Hindu","Male","Rural"
5533,20572,0,41,"Hindu","Male","Rural"
5534,59068,15,46,"Hindu","Female","Rural"
5535,157002,14,37,"Muslim","Male","Rural"
5536,13468,0,33,"Hindu","Female","Rural"
5537,64647,11,59,"Muslim","Male","Urban"
5538,95412,15,33,"Hindu","Male","Urban"
5539,28366,4,28,"Hindu","Male","Urban"
5540,29451,1,31,"Hindu","Male","Urban"
5541,20632,12,48,"Hindu","Male","Urban"
5542,7300,10,48,"Hindu","Male","Rural"
5543,22441,5,41,"Hindu","Female","Rural"
5544,15339,2,36,"Hindu","Male","Rural"
5545,245155,8,48,"Hindu","Male","Urban"
5546,21783,2,37,"Hindu","Male","Urban"
5547,29827,9,50,"Christian","Male","Rural"
5548,5354,0,58,"Hindu","Male","Rural"
5549,6322,9,35,"Buddhist","Male","Rural"
5550,13198,10,25,"Hindu","Female","Rural"
5551,17860,4,58,"Hindu","Male","Rural"
5552,14248,15,45,"Hindu","Male","Rural"
5553,28853,0,30,"Hindu","Male","Rural"
5554,19501,0,25,"Hindu","Male","Rural"
5555,5304,5,34,"Hindu","Female","Rural"
5556,9038,0,58,"Hindu","Female","Rural"
5557,332232,15,40,"Hindu","Male","Urban"
5558,142367,0,42,"Hindu","Male","Rural"
5559,27674,12,40,"Hindu","Male","Rural"
5560,3569,10,35,"Hindu","Female","Rural"
5561,17532,0,41,"Hindu","Female","Urban"
5562,19460,6,36,"Hindu","Female","Rural"
5563,39850,6,29,"Hindu","Male","Urban"
5564,132606,14,43,"Hindu","Male","Urban"
5565,154596,15,55,"Hindu","Male","Rural"
5566,7786,0,51,"Hindu","Male","Rural"
5567,27602,5,39,"Hindu","Male","Rural"
5568,30662,0,41,"Hindu","Male","Rural"
5569,10969,13,50,"Hindu","Male","Rural"
5570,13851,0,52,"Muslim","Male","Rural"
5571,6965,0,43,"Hindu","Male","Rural"
5572,21059,11,42,"Hindu","Male","Urban"
5573,14069,5,44,"Hindu","Male","Rural"
5574,6400,7,35,"Hindu","Male","Rural"
5575,81947,15,54,"Jain","Male","Rural"
5576,31088,0,43,"Hindu","Male","Rural"
5577,14730,0,65,"Hindu","Male","Rural"
5578,126006,0,20,"Hindu","Male","Rural"
5579,5067,7,38,"Hindu","Female","Rural"
5580,43481,0,33,"Muslim","Male","Urban"
5581,27145,15,21,"Hindu","Female","Rural"
5582,7931,9,36,"Muslim","Male","Rural"
5583,25011,8,41,"Hindu","Male","Rural"
5584,6823,1,42,"Hindu","Female","Rural"
5585,71720,0,23,"Hindu","Male","Rural"
5586,38999,8,29,"Hindu","Male","Rural"
5587,20517,4,18,"Hindu","Male","Rural"
5588,32170,10,41,"Hindu","Female","Rural"
5589,120470,9,34,"Hindu","Male","Rural"
5590,55737,7,38,"Hindu","Male","Rural"
5591,3984,3,53,"Hindu","Female","Rural"
5592,18317,0,57,"Hindu","Male","Rural"
5593,31578,0,47,"Hindu","Male","Rural"
5594,17011,11,25,"Hindu","Male","Rural"
5595,44614,8,27,"Hindu","Male","Urban"
5596,57066,9,50,"Hindu","Female","Rural"
5597,16510,7,38,"Hindu","Male","Rural"
5598,30516,0,30,"Hindu","Male","Rural"
5599,25485,0,48,"Hindu","Male","Rural"
5600,195796,8,18,"Hindu","Male","Urban"
5601,76433,8,49,"Hindu","Male","Urban"
5602,134617,2,24,"Hindu","Male","Urban"
5603,18068,0,50,"Hindu","Male","Rural"
5604,7890,4,24,"Hindu","Male","Rural"
5605,44463,4,36,"Hindu","Male","Urban"
5606,137022,12,43,"Hindu","Male","Urban"
5607,15746,0,37,"Hindu","Male","Rural"
5608,38293,3,43,"Hindu","Male","Urban"
5609,36865,6,52,"Muslim","Male","Rural"
5610,8554,0,48,"Hindu","Male","Rural"
5611,29587,12,45,"Hindu","Male","Urban"
5612,51320,6,28,"Christian","Male","Rural"
5613,46774,1,33,"Hindu","Male","Rural"
5614,17801,6,28,"Hindu","Male","Rural"
5615,65682,6,47,"Hindu","Male","Urban"
5616,173529,15,35,"Hindu","Male","Urban"
5617,53268,9,32,"Hindu","Female","Rural"
5618,2200,0,53,"Hindu","Male","Rural"
5619,393631,11,47,"Hindu","Male","Urban"
5620,18101,6,29,"Hindu","Female","Rural"
5621,16210,0,36,"Hindu","Female","Urban"
5622,53911,0,18,"Hindu","Female","Rural"
5623,20216,6,35,"Muslim","Female","Rural"
5624,27157,5,27,"Hindu","Male","Rural"
5625,751,0,24,"Hindu","Male","Rural"
5626,14891,14,47,"Hindu","Male","Rural"
5627,61174,3,55,"Hindu","Male","Rural"
5628,49270,15,18,"Hindu","Male","Rural"
5629,23835,0,47,"Muslim","Female","Rural"
5630,23978,0,42,"Hindu","Male","Rural"
5631,7346,3,22,"Hindu","Female","Rural"
5632,152929,14,29,"Hindu","Male","Urban"
5633,81995,7,19,"Hindu","Male","Urban"
5634,10848,0,22,"Muslim","Female","Rural"
5635,526640,15,46,"Christian","Male","Urban"
5636,40338,9,18,"Hindu","Male","Rural"
5637,7409,3,42,"Hindu","Male","Rural"
5638,171025,12,32,"Hindu","Male","Rural"
5639,59256,3,52,"Hindu","Male","Rural"
5640,6756,8,35,"Hindu","Male","Rural"
5641,3598,6,25,"Buddhist","Female","Rural"
5642,22033,4,31,"Hindu","Male","Urban"
5643,35011,15,24,"Hindu","Male","Rural"
5644,25142,5,46,"Hindu","Male","Rural"
5645,42399,0,44,"Hindu","Male","Rural"
5646,22426,4,26,"Hindu","Female","Rural"
5647,61374,2,30,"Hindu","Male","Rural"
5648,86309,12,49,"Hindu","Male","Urban"
5649,8892,9,28,"Hindu","Female","Rural"
5650,5260,4,57,"Hindu","Female","Rural"
5651,12587,0,43,"Hindu","Male","Rural"
5652,93839,4,41,"Sikh","Male","Rural"
5653,32993,7,46,"Hindu","Male","Rural"
5654,7242,0,46,"Hindu","Female","Rural"
5655,12679,0,42,"Hindu","Female","Rural"
5656,11959,0,42,"Hindu","Male","Rural"
5657,50484,2,26,"Hindu","Male","Rural"
5658,26212,15,20,"Hindu","Male","Urban"
5659,16816,12,37,"Hindu","Male","Rural"
5660,142539,14,51,"Hindu","Male","Rural"
5661,19605,12,22,"Hindu","Male","Rural"
5662,40061,0,40,"Hindu","Male","Rural"
5663,7299,0,43,"Hindu","Male","Rural"
5664,9402,1,27,"Hindu","Male","Rural"
5665,5326,2,46,"Hindu","Female","Rural"
5666,10766,5,26,"Hindu","Female","Urban"
5667,23420,4,21,"Hindu","Female","Rural"
5668,156546,6,43,"Hindu","Female","Rural"
5669,15942,3,43,"Hindu","Female","Rural"
5670,9206,2,45,"Hindu","Female","Rural"
5671,58426,8,51,"Hindu","Female","Urban"
5672,9393,3,47,"Hindu","Female","Rural"
5673,11077,4,40,"Hindu","Male","Rural"
5674,10789,1,32,"Hindu","Male","Rural"
5675,75939,6,32,"Hindu","Male","Urban"
5676,126229,3,37,"Hindu","Male","Rural"
5677,36219,11,52,"Hindu","Female","Rural"
5678,43766,7,18,"Hindu","Male","Rural"
5679,48069,2,21,"Sikh","Male","Rural"
5680,249189,15,38,"Hindu","Male","Rural"
5681,30041,0,48,"Hindu","Female","Rural"
5682,94582,14,52,"Hindu","Male","Rural"
5683,15479,8,32,"Muslim","Male","Rural"
5684,144814,12,44,"Hindu","Male","Urban"
5685,13757,13,40,"Christian","Female","Urban"
5686,8505,0,41,"Hindu","Male","Rural"
5687,5244,0,26,"Muslim","Female","Rural"
5688,19160,1,32,"Christian","Male","Rural"
5689,52605,3,33,"Hindu","Male","Rural"
5690,55693,5,54,"Hindu","Male","Urban"
5691,46606,9,46,"Hindu","Male","Rural"
5692,2013,7,33,"Hindu","Female","Rural"
5693,85328,14,40,"Sikh","Female","Rural"
5694,244482,2,43,"Hindu","Male","Urban"
5695,6299,2,57,"Hindu","Female","Rural"
5696,27573,5,30,"Hindu","Male","Rural"
5697,44769,4,35,"Hindu","Male","Rural"
5698,10791,6,38,"Hindu","Male","Rural"
5699,1338785,14,52,"Hindu","Male","Urban"
5700,54839,15,34,"Hindu","Male","Rural"
5701,18840,2,43,"Hindu","Male","Rural"
5702,43244,5,28,"Hindu","Male","Urban"
5703,7994,12,34,"Hindu","Male","Rural"
5704,16607,0,34,"Hindu","Male","Rural"
5705,86278,0,55,"Muslim","Male","Rural"
5706,589275,2,53,"Sikh","Male","Urban"
5707,66463,9,38,"Hindu","Male","Rural"
5708,48196,9,27,"Hindu","Female","Rural"
5709,31779,7,36,"Hindu","Female","Rural"
5710,22804,12,49,"Hindu","Male","Urban"
5711,16939,2,40,"Hindu","Female","Rural"
5712,8232,8,38,"Muslim","Male","Rural"
5713,20675,15,59,"Hindu","Male","Urban"
5714,2369,4,42,"Hindu","Female","Rural"
5715,16087,0,18,"Hindu","Male","Rural"
5716,25373,7,38,"Hindu","Male","Rural"
5717,1807,3,22,"Hindu","Female","Rural"
5718,154388,12,24,"Hindu","Male","Rural"
5719,51128,5,28,"Hindu","Male","Rural"
5720,27634,10,25,"Hindu","Male","Urban"
5721,14754,2,43,"Hindu","Male","Rural"
5722,148789,15,63,"Hindu","Male","Rural"
5723,33034,8,26,"Muslim","Male","Rural"
5724,83581,3,46,"Hindu","Male","Rural"
5725,3892,0,48,"Hindu","Female","Rural"
5726,16462,0,21,"Hindu","Female","Rural"
5727,94626,0,33,"Hindu","Male","Rural"
5728,51671,4,56,"Muslim","Male","Rural"
5729,5432,1,31,"Hindu","Male","Rural"
5730,5992,10,26,"Hindu","Female","Urban"
5731,13688,3,54,"Muslim","Female","Rural"
5732,36120,15,47,"Hindu","Male","Rural"
5733,21890,1,43,"Hindu","Male","Urban"
5734,19761,2,18,"Hindu","Female","Urban"
5735,34133,10,25,"Hindu","Male","Rural"
5736,65796,0,50,"Hindu","Male","Urban"
5737,25337,0,18,"Hindu","Male","Rural"
5738,81798,12,24,"Hindu","Male","Rural"
5739,15981,2,41,"Hindu","Male","Rural"
5740,42301,11,41,"Hindu","Female","Rural"
5741,17554,0,51,"Hindu","Male","Urban"
5742,23683,4,44,"Hindu","Male","Rural"
5743,10449,15,28,"Hindu","Male","Rural"
5744,28867,0,54,"Hindu","Male","Rural"
5745,22963,0,53,"Hindu","Male","Rural"
5746,16647,11,40,"Hindu","Female","Rural"
5747,21393,5,29,"Hindu","Male","Rural"
5748,893,5,25,"Hindu","Female","Rural"
5749,58103,0,55,"Hindu","Male","Rural"
5750,19560,10,18,"Hindu","Male","Rural"
5751,22871,15,27,"Muslim","Male","Rural"
5752,23879,1,50,"Hindu","Male","Rural"
5753,77710,6,23,"Christian","Female","Urban"
5754,26070,3,58,"Muslim","Female","Rural"
5755,33893,14,61,"Buddhist","Female","Urban"
5756,14180,2,29,"Hindu","Male","Urban"
5757,1731,5,47,"Hindu","Male","Rural"
5758,20155,0,34,"Hindu","Male","Rural"
5759,29126,0,56,"Hindu","Male","Rural"
5760,5340,7,45,"Hindu","Male","Rural"
5761,8933,2,45,"Muslim","Male","Rural"
5762,90918,12,61,"Hindu","Female","Urban"
5763,532975,2,52,"Hindu","Male","Urban"
5764,16564,0,23,"Hindu","Female","Rural"
5765,16409,4,38,"Hindu","Male","Urban"
5766,115710,5,41,"Hindu","Male","Urban"
5767,22928,3,34,"Hindu","Male","Rural"
5768,6724,3,39,"Hindu","Male","Rural"
5769,6569,1,18,"Hindu","Male","Rural"
5770,92083,3,48,"Muslim","Male","Urban"
5771,33997,15,49,"Hindu","Male","Rural"
5772,1443,0,44,"Hindu","Female","Rural"
5773,13389,5,37,"Hindu","Male","Rural"
5774,8783,0,52,"Hindu","Male","Rural"
5775,19841,0,65,"Hindu","Female","Urban"
5776,115753,7,47,"Hindu","Male","Urban"
5777,5463,0,18,"Christian","Male","Rural"
5778,20374,2,26,"Hindu","Male","Rural"
5779,23034,8,37,"Hindu","Male","Urban"
5780,173132,12,48,"Hindu","Male","Urban"
5781,246811,13,30,"Hindu","Male","Urban"
5782,29263,10,45,"Muslim","Male","Urban"
5783,70130,0,65,"Hindu","Male","Urban"
5784,54374,13,18,"Hindu","Male","Rural"
5785,85319,0,47,"Hindu","Male","Rural"
5786,11423,0,22,"Hindu","Male","Urban"
5787,8463,1,43,"Muslim","Female","Rural"
5788,25263,15,38,"Hindu","Male","Rural"
5789,29370,12,23,"Hindu","Female","Urban"
5790,14077,0,19,"Hindu","Female","Rural"
5791,44119,2,36,"Hindu","Male","Rural"
5792,19714,13,35,"Hindu","Male","Rural"
5793,3621,4,39,"Hindu","Male","Rural"
5794,15155,13,33,"Hindu","Female","Rural"
5795,40021,15,39,"Hindu","Male","Rural"
5796,1289,2,32,"Hindu","Male","Rural"
5797,74503,6,37,"Hindu","Male","Rural"
5798,29839,12,30,"Muslim","Male","Rural"
5799,24163,4,51,"Hindu","Male","Rural"
5800,28263,0,47,"Hindu","Female","Rural"
5801,151429,0,55,"Hindu","Male","Urban"
5802,69469,11,36,"Hindu","Male","Rural"
5803,127388,15,47,"Hindu","Male","Rural"
5804,53231,12,58,"Hindu","Male","Rural"
5805,7667,2,34,"Hindu","Female","Rural"
5806,4611,0,34,"Hindu","Male","Rural"
5807,45972,8,47,"Christian","Male","Rural"
5808,469317,13,37,"Hindu","Male","Urban"
5809,26530,1,46,"Hindu","Female","Rural"
5810,46052,8,39,"Hindu","Male","Urban"
5811,85182,15,55,"Muslim","Male","Urban"
5812,43098,10,30,"Hindu","Male","Urban"
5813,27186,4,36,"Muslim","Female","Rural"
5814,111841,7,47,"Jain","Male","Rural"
5815,29570,9,26,"Hindu","Male","Urban"
5816,49970,10,23,"Hindu","Male","Urban"
5817,75723,12,19,"Hindu","Female","Urban"
5818,61000,1,41,"Hindu","Female","Rural"
5819,15607,6,49,"Hindu","Male","Rural"
5820,91125,7,34,"Sikh","Male","Rural"
5821,45425,0,27,"Hindu","Male","Urban"
5822,10733,5,40,"Muslim","Male","Rural"
5823,28993,5,23,"Hindu","Male","Urban"
5824,185372,13,59,"Hindu","Male","Urban"
5825,43563,6,36,"Hindu","Male","Rural"
5826,8015,2,46,"Hindu","Female","Rural"
5827,22087,10,37,"Hindu","Male","Urban"
5828,24292,0,18,"Hindu","Male","Rural"
5829,3780,1,47,"Muslim","Female","Rural"
5830,14260,4,32,"Hindu","Male","Rural"
5831,34525,7,24,"Muslim","Male","Urban"
5832,12063,3,42,"Sikh","Male","Rural"
5833,9058,9,36,"Hindu","Female","Urban"
5834,4287,0,29,"Hindu","Male","Rural"
5835,2629,0,29,"Hindu","Male","Rural"
5836,8332,5,47,"Hindu","Female","Rural"
5837,9706,3,53,"Hindu","Female","Rural"
5838,67223,12,37,"Muslim","Male","Urban"
5839,103935,0,34,"Hindu","Male","Rural"
5840,4395,0,58,"Hindu","Male","Rural"
5841,5879,0,33,"Hindu","Male","Rural"
5842,26787,15,56,"Hindu","Male","Rural"
5843,30546,5,28,"Muslim","Male","Rural"
5844,32026,12,41,"Hindu","Male","Urban"
5845,16366,0,35,"Hindu","Male","Rural"
5846,5799,0,41,"Muslim","Male","Rural"
5847,52734,7,43,"Hindu","Male","Urban"
5848,20867,4,37,"Tribal","Male","Rural"
5849,16229,13,36,"Hindu","Male","Urban"
5850,22690,5,31,"Hindu","Male","Rural"
5851,84560,14,30,"Hindu","Female","Urban"
5852,10452,9,20,"Hindu","Female","Rural"
5853,82364,10,50,"Hindu","Male","Rural"
5854,6576,8,59,"Hindu","Female","Rural"
5855,16811,7,52,"Muslim","Male","Rural"
5856,11570,12,50,"Hindu","Male","Rural"
5857,6314,0,36,"Hindu","Male","Urban"
5858,77922,0,37,"Muslim","Male","Rural"
5859,15103,5,51,"Hindu","Male","Rural"
5860,63175,3,51,"Muslim","Male","Rural"
5861,75855,11,64,"Hindu","Male","Rural"
5862,17808,8,31,"Muslim","Female","Urban"
5863,111983,14,44,"Hindu","Female","Urban"
5864,37458,15,39,"Hindu","Male","Rural"
5865,98081,10,56,"Hindu","Male","Rural"
5866,29521,0,52,"Hindu","Female","Rural"
5867,7773,9,50,"Hindu","Female","Rural"
5868,60308,5,33,"Muslim","Female","Rural"
5869,37052,6,44,"Hindu","Male","Rural"
5870,20292,5,30,"Hindu","Male","Urban"
5871,95263,0,53,"Tribal","Male","Rural"
5872,43324,0,48,"Hindu","Male","Urban"
5873,10394,3,53,"Hindu","Male","Rural"
5874,80538,13,43,"Hindu","Male","Rural"
5875,3744,4,32,"Hindu","Female","Rural"
5876,21338,0,37,"Hindu","Female","Urban"
5877,43988,7,63,"Muslim","Female","Rural"
5878,34975,0,23,"Hindu","Male","Rural"
5879,126344,13,44,"Hindu","Male","Rural"
5880,47325,1,56,"Hindu","Male","Rural"
5881,13901,1,26,"Hindu","Male","Rural"
5882,1682,0,23,"Hindu","Male","Rural"
5883,28584,5,48,"Hindu","Male","Rural"
5884,60166,9,41,"Hindu","Female","Rural"
5885,3185,9,30,"Hindu","Female","Rural"
5886,77724,6,43,"Hindu","Male","Rural"
5887,71962,8,31,"Sikh","Female","Rural"
5888,29900,0,41,"Hindu","Male","Rural"
5889,89283,8,34,"Hindu","Male","Rural"
5890,28854,6,33,"Muslim","Male","Urban"
5891,7616,0,39,"Muslim","Female","Rural"
5892,75204,9,50,"Muslim","Male","Urban"
5893,7627,9,38,"Muslim","Male","Rural"
5894,25591,8,50,"Buddhist","Female","Rural"
5895,77167,12,26,"Hindu","Male","Urban"
5896,3273,2,28,"Hindu","Female","Rural"
5897,152064,7,32,"Hindu","Male","Rural"
5898,41956,7,26,"Hindu","Male","Rural"
5899,64174,15,44,"Hindu","Male","Urban"
5900,36721,9,46,"Hindu","Female","Urban"
5901,67449,13,55,"Hindu","Male","Rural"
5902,6128,2,63,"Hindu","Male","Rural"
5903,8544,7,24,"Hindu","Male","Rural"
5904,3570,4,41,"Hindu","Female","Rural"
5905,18126,0,31,"Hindu","Male","Rural"
5906,17991,1,60,"Hindu","Male","Rural"
5907,482246,10,28,"Christian","Male","Urban"
5908,27368,7,39,"Hindu","Male","Rural"
5909,100609,4,33,"Hindu","Male","Urban"
5910,40699,7,40,"Hindu","Male","Urban"
5911,15371,4,39,"Sikh","Female","Rural"
5912,2726,0,18,"Hindu","Male","Rural"
5913,123158,6,30,"Muslim","Male","Rural"
5914,2993,0,44,"Muslim","Male","Rural"
5915,4984,0,48,"Muslim","Male","Rural"
5916,81104,8,51,"Hindu","Male","Rural"
5917,26841,5,27,"Hindu","Male","Rural"
5918,13441,14,46,"Hindu","Female","Rural"
5919,16997,7,18,"Hindu","Male","Rural"
5920,196340,11,57,"Hindu","Male","Urban"
5921,43546,9,44,"Hindu","Male","Rural"
5922,24459,15,51,"Hindu","Female","Urban"
5923,5778,8,44,"Hindu","Male","Rural"
5924,1157,8,32,"Muslim","Female","Rural"
5925,60295,8,49,"Muslim","Male","Rural"
5926,46975,10,57,"Hindu","Male","Rural"
5927,7926,3,38,"Hindu","Female","Urban"
5928,34739,12,26,"Hindu","Male","Urban"
5929,281807,15,55,"Hindu","Female","Rural"
5930,18568,6,19,"Sikh","Female","Urban"
5931,9360,9,40,"Hindu","Male","Rural"
5932,66317,15,44,"Hindu","Male","Rural"
5933,152154,15,40,"Hindu","Male","Rural"
5934,144866,15,23,"Hindu","Female","Urban"
5935,26264,0,52,"Hindu","Male","Urban"
5936,29278,8,33,"Hindu","Male","Rural"
5937,224521,11,45,"Hindu","Male","Rural"
5938,13490,0,27,"Hindu","Male","Rural"
5939,17886,1,45,"Hindu","Male","Rural"
5940,9792,2,43,"Hindu","Male","Rural"
5941,17913,7,52,"Hindu","Male","Rural"
5942,26356,7,37,"Hindu","Male","Urban"
5943,11285,11,32,"Muslim","Male","Rural"
5944,42462,10,59,"Hindu","Male","Urban"
5945,79638,7,54,"Hindu","Female","Urban"
5946,29355,4,32,"Hindu","Male","Rural"
5947,73912,6,27,"Hindu","Male","Rural"
5948,325926,6,55,"Hindu","Male","Urban"
5949,13981,6,55,"Hindu","Male","Rural"
5950,30560,14,29,"Hindu","Male","Rural"
5951,16470,0,42,"Hindu","Male","Rural"
5952,22941,14,54,"Christian","Female","Rural"
5953,86904,5,61,"Hindu","Male","Rural"
5954,50314,2,44,"Hindu","Female","Rural"
5955,6310,0,34,"Hindu","Female","Rural"
5956,51887,13,33,"Hindu","Male","Urban"
5957,2450,5,37,"Hindu","Female","Rural"
5958,3337,2,47,"Hindu","Male","Rural"
5959,28374,10,49,"Hindu","Male","Rural"
5960,54222,0,42,"Hindu","Male","Rural"
5961,18229,5,29,"Hindu","Male","Rural"
5962,36494,0,51,"Hindu","Female","Rural"
5963,18854,0,31,"Hindu","Male","Rural"
5964,10637,6,44,"Hindu","Male","Rural"
5965,112875,5,45,"Hindu","Male","Urban"
5966,203927,15,47,"Hindu","Male","Urban"
5967,258608,6,24,"Hindu","Male","Urban"
5968,105880,8,35,"Christian","Male","Urban"
5969,25785,2,45,"Muslim","Male","Urban"
5970,8552,0,34,"Muslim","Female","Rural"
5971,90441,0,45,"Hindu","Male","Urban"
5972,24657,4,28,"Muslim","Male","Rural"
5973,21311,7,31,"Hindu","Male","Urban"
5974,78113,0,36,"Hindu","Male","Urban"
5975,5886,7,37,"Hindu","Female","Rural"
5976,12130,0,31,"Hindu","Male","Rural"
5977,16427,0,54,"Hindu","Male","Rural"
5978,2061,11,27,"Hindu","Female","Rural"
5979,51887,15,39,"Hindu","Male","Rural"
5980,10313,0,28,"Muslim","Male","Rural"
5981,87597,12,53,"Hindu","Male","Rural"
5982,37589,5,23,"Hindu","Male","Urban"
5983,56316,12,21,"Hindu","Male","Rural"
5984,4536,0,35,"Hindu","Male","Rural"
5985,15696,0,47,"Hindu","Male","Rural"
5986,161913,12,49,"Hindu","Male","Rural"
5987,4575,0,40,"Hindu","Male","Rural"
5988,39126,9,18,"Hindu","Male","Rural"
5989,3248,2,36,"Hindu","Male","Rural"
5990,22705,12,35,"Hindu","Male","Rural"
5991,33182,3,53,"Hindu","Male","Rural"
5992,133799,15,36,"Hindu","Male","Rural"
5993,41052,10,31,"Hindu","Male","Rural"
5994,4347,11,36,"Hindu","Female","Rural"
5995,42710,0,30,"Sikh","Male","Rural"
5996,14573,4,28,"Hindu","Male","Urban"
5997,60360,5,42,"Muslim","Female","Rural"
5998,50247,3,18,"Hindu","Male","Urban"
5999,10041,9,45,"Hindu","Female","Rural"
6000,144036,11,28,"Hindu","Male","Urban"
6001,5856,1,42,"Hindu","Male","Rural"
6002,7977,8,28,"Hindu","Female","Rural"
6003,162926,12,43,"Muslim","Male","Rural"
6004,20663,0,25,"Hindu","Male","Rural"
6005,61272,2,43,"Hindu","Male","Rural"
6006,11572,9,62,"Christian","Male","Rural"
6007,12855,0,22,"Hindu","Female","Urban"
6008,65198,7,31,"Hindu","Male","Urban"
6009,92439,11,30,"Hindu","Female","Urban"
6010,16990,15,42,"Hindu","Male","Rural"
6011,133423,14,35,"Buddhist","Female","Urban"
6012,185047,0,18,"Hindu","Female","Rural"
6013,38298,10,28,"Hindu","Male","Rural"
6014,2869,4,34,"Hindu","Male","Rural"
6015,72025,15,42,"Hindu","Female","Urban"
6016,970833,15,32,"Hindu","Male","Urban"
6017,20900,2,37,"Hindu","Male","Rural"
6018,11408,3,53,"Hindu","Female","Rural"
6019,31481,6,25,"Hindu","Male","Rural"
6020,75201,12,37,"Hindu","Male","Rural"
6021,15614,2,41,"Sikh","Male","Rural"
6022,8548,6,29,"Hindu","Female","Urban"
6023,10160,3,21,"Hindu","Female","Rural"
6024,166445,14,26,"Muslim","Male","Urban"
6025,83950,0,27,"Hindu","Male","Urban"
6026,15719,0,51,"Hindu","Male","Urban"
6027,5427,12,34,"Hindu","Female","Rural"
6028,13591,9,43,"Hindu","Male","Rural"
6029,3417,10,50,"Hindu","Male","Rural"
6030,7005,0,36,"Hindu","Female","Rural"
6031,13202,8,50,"Hindu","Male","Rural"
6032,23832,14,31,"Hindu","Female","Rural"
6033,37958,0,50,"Hindu","Male","Rural"
6034,11244,11,46,"Hindu","Female","Rural"
6035,4229,7,46,"Hindu","Female","Rural"
6036,90713,2,30,"Hindu","Male","Urban"
6037,2856,0,47,"Muslim","Male","Rural"
6038,26839,5,34,"Hindu","Male","Rural"
6039,8793,1,47,"Hindu","Female","Rural"
6040,31965,0,33,"Hindu","Male","Rural"
6041,33981,15,26,"Hindu","Female","Rural"
6042,97644,7,18,"Hindu","Male","Urban"
6043,75997,15,29,"Hindu","Female","Rural"
6044,121849,3,45,"Hindu","Male","Rural"
6045,25699,0,60,"Hindu","Female","Urban"
6046,14510,15,36,"Hindu","Female","Rural"
6047,21469,4,46,"Hindu","Male","Rural"
6048,12409,3,35,"Hindu","Male","Rural"
6049,59207,15,51,"Hindu","Male","Urban"
6050,9169,0,40,"Hindu","Female","Rural"
6051,18752,0,60,"Hindu","Female","Rural"
6052,16677,11,38,"Hindu","Female","Rural"
6053,2479,0,24,"Hindu","Female","Rural"
6054,33890,0,31,"Christian","Male","Urban"
6055,63141,13,18,"Hindu","Male","Rural"
6056,1644,6,55,"Hindu","Female","Rural"
6057,40601,0,36,"Hindu","Female","Rural"
6058,2189,5,40,"Muslim","Female","Rural"
6059,21965,6,50,"Hindu","Female","Rural"
6060,22795,0,18,"Hindu","Male","Rural"
6061,35040,5,58,"Hindu","Male","Urban"
6062,16252,10,56,"Hindu","Male","Rural"
6063,17188,2,54,"Hindu","Female","Rural"
6064,44611,14,21,"Hindu","Male","Urban"
6065,2834,0,30,"Hindu","Female","Rural"
6066,5126,14,51,"Hindu","Female","Rural"
6067,22780,15,40,"Hindu","Female","Rural"
6068,107494,0,53,"Hindu","Male","Rural"
6069,23238,0,48,"Hindu","Male","Rural"
6070,17018,8,30,"Hindu","Female","Urban"
6071,50039,6,47,"Hindu","Male","Urban"
6072,3142,0,35,"Hindu","Male","Rural"
6073,98716,14,36,"Hindu","Male","Rural"
6074,128034,7,39,"Hindu","Male","Urban"
6075,46916,14,52,"Hindu","Male","Rural"
6076,4132,2,38,"Hindu","Male","Rural"
6077,180243,12,64,"Hindu","Male","Urban"
6078,29207,8,22,"Muslim","Male","Rural"
6079,32716,6,28,"Hindu","Male","Rural"
6080,32894,3,25,"Hindu","Female","Urban"
6081,6960,0,30,"Muslim","Male","Rural"
6082,28037,0,18,"Tribal","Male","Urban"
6083,5770,0,26,"Hindu","Female","Rural"
6084,4330,5,25,"Hindu","Male","Rural"
6085,38121,12,29,"Hindu","Female","Urban"
6086,28367,8,34,"Buddhist","Male","Urban"
6087,28379,4,29,"Hindu","Male","Rural"
6088,39462,0,46,"Hindu","Male","Rural"
6089,50269,0,27,"Hindu","Male","Rural"
6090,239385,4,49,"Hindu","Male","Urban"
6091,58837,9,34,"Hindu","Male","Rural"
6092,57240,2,48,"Hindu","Male","Rural"
6093,143391,4,34,"Hindu","Male","Urban"
6094,72295,0,31,"Hindu","Male","Rural"
6095,50793,12,39,"Sikh","Male","Rural"
6096,23251,14,41,"Hindu","Male","Rural"
6097,2950,0,51,"Hindu","Male","Rural"
6098,122082,6,36,"Christian","Male","Urban"
6099,6901,13,41,"Muslim","Female","Rural"
6100,53363,1,35,"Hindu","Male","Rural"
6101,31074,10,18,"Hindu","Female","Rural"
6102,39672,2,34,"Hindu","Male","Urban"
6103,12167,3,41,"Hindu","Male","Urban"
6104,183377,11,50,"Hindu","Male","Urban"
6105,15413,5,31,"Hindu","Female","Urban"
6106,7821,8,35,"Hindu","Male","Urban"
6107,126253,5,44,"Hindu","Male","Rural"
6108,60404,5,30,"Hindu","Male","Rural"
6109,43419,0,38,"Hindu","Male","Urban"
6110,61024,6,33,"Hindu","Male","Rural"
6111,64741,0,30,"Hindu","Male","Urban"
6112,5226,8,32,"Hindu","Female","Rural"
6113,5394,0,39,"Hindu","Male","Rural"
6114,1991,9,48,"Hindu","Female","Rural"
6115,18480,4,18,"Hindu","Female","Rural"
6116,28272,5,21,"Hindu","Male","Rural"
6117,60696,15,41,"Hindu","Female","Urban"
6118,3524,0,62,"Muslim","Female","Rural"
6119,6941,0,37,"Hindu","Female","Rural"
6120,144697,0,31,"Muslim","Male","Urban"
6121,112723,15,54,"Hindu","Female","Urban"
6122,30456,2,18,"Hindu","Male","Rural"
6123,5591,0,53,"Muslim","Female","Rural"
6124,10786,7,41,"Hindu","Male","Rural"
6125,19550,6,50,"Hindu","Male","Rural"
6126,43400,15,34,"Christian","Female","Urban"
6127,86662,3,40,"Hindu","Male","Urban"
6128,76667,15,54,"Hindu","Male","Urban"
6129,23573,4,58,"Hindu","Male","Rural"
6130,42286,13,25,"Hindu","Female","Rural"
6131,7113,2,56,"Hindu","Male","Rural"
6132,162694,15,23,"Hindu","Male","Rural"
6133,16800,0,33,"Hindu","Male","Rural"
6134,6823,0,35,"Hindu","Male","Rural"
6135,93892,5,39,"Hindu","Female","Rural"
6136,88511,1,41,"Hindu","Male","Rural"
6137,395715,9,52,"Hindu","Male","Urban"
6138,13800,4,38,"Muslim","Female","Urban"
6139,77243,6,33,"Hindu","Male","Rural"
6140,3556,0,25,"Hindu","Female","Rural"
6141,21304,0,42,"Hindu","Male","Rural"
6142,17490,9,35,"Hindu","Male","Rural"
6143,35436,6,30,"Hindu","Female","Rural"
6144,11482,1,47,"Buddhist","Female","Rural"
6145,6518,12,21,"Hindu","Female","Urban"
6146,57121,8,48,"Hindu","Male","Urban"
6147,5551,3,59,"Hindu","Male","Rural"
6148,39540,1,23,"Hindu","Male","Rural"
6149,9660,0,49,"Hindu","Female","Rural"
6150,72951,12,24,"Hindu","Male","Rural"
6151,7431,9,49,"Hindu","Male","Rural"
6152,25194,7,45,"Hindu","Female","Rural"
6153,30795,7,43,"Hindu","Female","Rural"
6154,18569,10,35,"Hindu","Female","Rural"
6155,19132,0,42,"Muslim","Male","Rural"
6156,98269,4,49,"Christian","Male","Rural"
6157,152860,15,37,"Hindu","Male","Rural"
6158,28205,3,65,"Hindu","Male","Rural"
6159,23262,7,40,"Muslim","Male","Rural"
6160,38157,1,34,"Hindu","Female","Rural"
6161,40431,10,21,"Hindu","Male","Rural"
6162,14315,4,22,"Hindu","Male","Rural"
6163,28369,11,45,"Christian","Female","Rural"
6164,23999,7,18,"Hindu","Male","Urban"
6165,16631,0,30,"Hindu","Female","Rural"
6166,33834,4,40,"Hindu","Male","Urban"
6167,47389,8,19,"Hindu","Female","Urban"
6168,5896,8,55,"Hindu","Female","Rural"
6169,17923,3,54,"Hindu","Female","Urban"
6170,20178,15,27,"Muslim","Male","Rural"
6171,11150,11,33,"Hindu","Male","Rural"
6172,27954,6,19,"Hindu","Male","Rural"
6173,14778,8,37,"Hindu","Female","Rural"
6174,8330,7,37,"Hindu","Male","Rural"
6175,29683,0,25,"Muslim","Male","Rural"
6176,17917,1,30,"Hindu","Female","Rural"
6177,70310,4,40,"Hindu","Male","Rural"
6178,18889,3,54,"Hindu","Female","Rural"
6179,31366,0,41,"Hindu","Female","Rural"
6180,25560,3,56,"Muslim","Male","Urban"
6181,49767,10,24,"Hindu","Male","Rural"
6182,2452,0,44,"Hindu","Female","Rural"
6183,35230,10,18,"Hindu","Male","Rural"
6184,5825,2,35,"Hindu","Female","Rural"
6185,26711,11,47,"Hindu","Male","Rural"
6186,36856,3,35,"Hindu","Male","Urban"
6187,31469,9,46,"Hindu","Male","Rural"
6188,71224,5,36,"Hindu","Male","Urban"
6189,2293,0,38,"Hindu","Male","Rural"
6190,40078,15,20,"Hindu","Male","Urban"
6191,289640,7,44,"Buddhist","Male","Urban"
6192,26716,9,39,"Hindu","Female","Rural"
6193,66940,8,18,"Hindu","Male","Urban"
6194,191614,12,41,"Sikh","Female","Urban"
6195,23136,2,31,"Muslim","Female","Urban"
6196,9696,10,18,"Muslim","Male","Rural"
6197,26681,9,40,"Hindu","Female","Rural"
6198,10292,7,52,"Hindu","Female","Rural"
6199,18575,11,26,"Hindu","Female","Rural"
6200,53090,11,43,"Hindu","Female","Rural"
6201,38086,8,23,"Hindu","Male","Urban"
6202,55539,14,37,"Muslim","Female","Rural"
6203,4727,0,28,"Hindu","Female","Rural"
6204,69658,0,38,"Hindu","Male","Rural"
6205,294420,7,51,"Hindu","Male","Urban"
6206,44966,2,63,"Hindu","Male","Rural"
6207,97758,15,38,"Hindu","Male","Urban"
6208,113035,0,42,"Tribal","Male","Urban"
6209,40098,5,28,"Hindu","Female","Rural"
6210,7108,4,36,"Hindu","Male","Rural"
6211,10091,6,53,"Hindu","Male","Urban"
6212,6454,11,23,"Hindu","Male","Rural"
6213,8051,0,22,"Hindu","Male","Rural"
6214,13017,0,24,"Hindu","Female","Urban"
6215,20496,7,28,"Hindu","Male","Urban"
6216,1466,4,30,"Hindu","Female","Rural"
6217,28962,0,46,"Hindu","Female","Rural"
6218,22987,9,51,"Hindu","Female","Urban"
6219,104321,3,47,"Hindu","Male","Urban"
6220,14013,0,63,"Hindu","Male","Rural"
6221,15207,8,18,"Hindu","Male","Rural"
6222,4961,6,28,"Hindu","Male","Rural"
6223,3863,0,30,"Muslim","Male","Rural"
6224,28325,9,19,"Muslim","Male","Rural"
6225,117181,12,49,"Hindu","Male","Urban"
6226,9598,5,40,"Muslim","Male","Rural"
6227,12548,7,18,"Hindu","Male","Rural"
6228,91475,12,18,"Hindu","Male","Urban"
6229,19255,1,47,"Hindu","Male","Rural"
6230,65749,7,32,"Hindu","Male","Rural"
6231,13397,0,52,"Hindu","Female","Rural"
6232,2571,0,41,"Muslim","Female","Rural"
6233,55465,0,18,"Hindu","Male","Rural"
6234,4026,5,18,"Hindu","Male","Urban"
6235,8890,4,38,"Hindu","Male","Rural"
6236,322806,6,35,"Tribal","Male","Urban"
6237,41574,12,24,"Hindu","Male","Rural"
6238,36033,15,50,"Hindu","Male","Rural"
6239,56217,5,44,"Hindu","Male","Rural"
6240,5352,0,57,"Hindu","Female","Rural"
6241,13732,13,37,"Hindu","Male","Rural"
6242,32943,0,46,"Hindu","Male","Rural"
6243,17376,15,20,"Hindu","Male","Rural"
6244,56366,2,50,"Sikh","Male","Rural"
6245,28522,15,27,"Hindu","Female","Rural"
6246,2683,7,19,"Hindu","Male","Rural"
6247,251160,13,38,"Hindu","Male","Rural"
6248,17160,5,48,"Hindu","Male","Urban"
6249,27915,2,45,"Hindu","Male","Rural"
6250,7335,0,36,"Hindu","Female","Rural"
6251,30749,8,47,"Sikh","Male","Rural"
6252,14433,1,25,"Hindu","Female","Rural"
6253,6577,1,42,"Hindu","Female","Rural"
6254,41286,5,47,"Sikh","Male","Rural"
6255,86525,12,65,"Hindu","Male","Rural"
6256,1834,0,43,"Hindu","Female","Rural"
6257,92050,5,32,"Hindu","Male","Rural"
6258,35486,7,54,"Hindu","Male","Rural"
6259,51158,15,40,"Hindu","Male","Urban"
6260,2808,0,38,"Hindu","Female","Rural"
6261,76727,12,38,"Hindu","Male","Rural"
6262,17346,8,44,"Hindu","Male","Rural"
6263,57570,10,43,"Hindu","Male","Urban"
6264,33439,0,30,"Hindu","Male","Rural"
6265,94792,9,24,"Christian","Male","Rural"
6266,9398,2,33,"Muslim","Female","Rural"
6267,11028,3,24,"Hindu","Male","Rural"
6268,16619,0,41,"Hindu","Male","Rural"
6269,80183,13,35,"Hindu","Male","Urban"
6270,8667,4,32,"Hindu","Female","Urban"
6271,34136,3,35,"Hindu","Male","Rural"
6272,9876,0,39,"Hindu","Male","Rural"
6273,37473,7,38,"Muslim","Male","Rural"
6274,5598,0,49,"Hindu","Female","Rural"
6275,12186,6,47,"Muslim","Male","Rural"
6276,7737,3,22,"Hindu","Male","Rural"
6277,51583,13,48,"Sikh","Male","Urban"
6278,7688,4,18,"Hindu","Male","Rural"
6279,10192,10,41,"Hindu","Female","Rural"
6280,10586,0,24,"Hindu","Male","Urban"
6281,41214,6,18,"Muslim","Male","Urban"
6282,4541,1,18,"Hindu","Female","Urban"
6283,14428,10,22,"Hindu","Female","Rural"
6284,14776,0,42,"Muslim","Male","Rural"
6285,19667,12,39,"Hindu","Female","Rural"
6286,28384,1,49,"Hindu","Male","Rural"
6287,23962,0,29,"Hindu","Male","Rural"
6288,27598,0,29,"Christian","Male","Rural"
6289,20513,8,52,"Hindu","Female","Urban"
6290,2212,0,25,"Hindu","Male","Rural"
6291,243468,10,50,"Hindu","Male","Rural"
6292,15844,9,47,"Hindu","Male","Rural"
6293,62946,5,56,"Hindu","Male","Urban"
6294,59428,9,39,"Hindu","Female","Urban"
6295,2959,2,54,"Hindu","Female","Rural"
6296,58060,1,43,"Sikh","Male","Rural"
6297,64158,6,40,"Hindu","Male","Urban"
6298,61718,4,41,"Muslim","Male","Rural"
6299,16836,0,34,"Hindu","Female","Rural"
6300,23151,15,35,"Hindu","Male","Rural"
6301,6814,2,34,"Hindu","Female","Rural"
6302,11788,13,39,"Hindu","Female","Rural"
6303,4617,7,34,"Hindu","Female","Rural"
6304,4556,3,21,"Hindu","Male","Rural"
6305,60824,15,44,"Hindu","Male","Rural"
6306,35169,2,43,"Hindu","Male","Rural"
6307,9730,0,33,"Hindu","Male","Rural"
6308,8095,0,61,"Hindu","Male","Rural"
6309,53042,6,52,"Christian","Female","Rural"
6310,23016,0,46,"Muslim","Male","Rural"
6311,183467,13,48,"Christian","Male","Urban"
6312,1236,0,24,"Hindu","Female","Rural"
6313,31876,11,34,"Hindu","Female","Rural"
6314,2832,2,49,"Hindu","Female","Rural"
6315,13068,3,41,"Hindu","Male","Rural"
6316,50382,2,30,"Muslim","Female","Rural"
6317,3827,1,34,"Hindu","Male","Rural"
6318,3508,1,29,"Muslim","Female","Rural"
6319,12735,5,41,"Jain","Male","Rural"
6320,26232,12,52,"Hindu","Male","Rural"
6321,9051,0,47,"Muslim","Female","Rural"
6322,64668,0,46,"Hindu","Male","Rural"
6323,1434,0,40,"Hindu","Male","Rural"
6324,109517,1,49,"Hindu","Male","Urban"
6325,24458,6,50,"Hindu","Male","Rural"
6326,39309,1,44,"Sikh","Male","Rural"
6327,2935,7,43,"Sikh","Female","Rural"
6328,19925,0,54,"Hindu","Male","Urban"
6329,21101,0,62,"Hindu","Male","Rural"
6330,102282,12,43,"Hindu","Male","Urban"
6331,16606,1,45,"Muslim","Female","Rural"
6332,1941,0,27,"Hindu","Male","Rural"
6333,4080,3,24,"Hindu","Female","Rural"
6334,5601,11,35,"Hindu","Male","Rural"
6335,11525,0,40,"Hindu","Male","Rural"
6336,9215,7,29,"Hindu","Female","Rural"
6337,36338,8,38,"Hindu","Female","Rural"
6338,7032,0,41,"Hindu","Male","Rural"
6339,24152,11,38,"Hindu","Male","Rural"
6340,2867,6,56,"Hindu","Male","Rural"
6341,56968,9,29,"Hindu","Female","Rural"
6342,179199,9,18,"Hindu","Male","Urban"
6343,9437,0,25,"Hindu","Female","Rural"
6344,11895,3,46,"Hindu","Female","Rural"
6345,24289,12,47,"Hindu","Male","Rural"
6346,25744,8,24,"Hindu","Male","Urban"
6347,10157,0,40,"Hindu","Male","Rural"
6348,60998,6,26,"Hindu","Male","Urban"
6349,10271,6,32,"Hindu","Female","Urban"
6350,278662,1,36,"Hindu","Male","Rural"
6351,3314,1,41,"Hindu","Female","Rural"
6352,9555,6,24,"Hindu","Male","Rural"
6353,25248,7,26,"Hindu","Male","Rural"
6354,34152,0,47,"Hindu","Male","Rural"
6355,12402,0,63,"Hindu","Male","Rural"
6356,30669,0,33,"Hindu","Male","Rural"
6357,11450,9,48,"Hindu","Male","Rural"
6358,1133,0,40,"Muslim","Female","Rural"
6359,5171,3,49,"Hindu","Female","Rural"
6360,5919,0,33,"Hindu","Female","Urban"
6361,13793,10,35,"Hindu","Male","Rural"
6362,115933,2,41,"Hindu","Female","Rural"
6363,20304,0,52,"Hindu","Female","Rural"
6364,68575,3,57,"Muslim","Male","Rural"
6365,105305,15,36,"Hindu","Male","Urban"
6366,6257,6,28,"Muslim","Female","Rural"
6367,42207,3,56,"Hindu","Male","Rural"
6368,50071,0,43,"Hindu","Male","Rural"
6369,13318,0,39,"Hindu","Male","Rural"
6370,32996,6,38,"Hindu","Male","Rural"
6371,116332,7,52,"Hindu","Male","Urban"
6372,24581,7,35,"Hindu","Male","Rural"
6373,16929,0,32,"Hindu","Male","Rural"
6374,14794,4,51,"Hindu","Female","Rural"
6375,46168,0,32,"Hindu","Male","Rural"
6376,35346,14,26,"Hindu","Male","Rural"
6377,52640,6,27,"Hindu","Male","Urban"
6378,163748,15,38,"Hindu","Male","Urban"
6379,4779,4,31,"Hindu","Male","Rural"
6380,40591,4,46,"Hindu","Male","Rural"
6381,7995,5,51,"Hindu","Male","Rural"
6382,50469,14,52,"Christian","Female","Rural"
6383,286277,15,41,"Hindu","Male","Urban"
6384,14419,3,42,"Hindu","Male","Urban"
6385,51687,3,18,"Hindu","Male","Urban"
6386,174772,6,42,"Hindu","Male","Rural"
6387,7134,0,27,"Hindu","Male","Rural"
6388,283540,15,53,"Hindu","Male","Rural"
6389,4610,0,18,"Hindu","Male","Rural"
6390,45584,6,39,"Hindu","Female","Rural"
6391,6670,14,33,"Hindu","Female","Urban"
6392,129950,0,55,"Hindu","Male","Urban"
6393,41612,4,26,"Hindu","Male","Urban"
6394,15651,6,39,"Muslim","Female","Rural"
6395,62905,9,32,"Hindu","Male","Urban"
6396,10438,0,33,"Hindu","Male","Urban"
6397,5015,7,29,"Hindu","Male","Rural"
6398,22758,8,38,"Hindu","Female","Rural"
6399,191473,13,54,"Hindu","Male","Urban"
6400,44930,7,27,"Hindu","Male","Urban"
6401,49329,12,36,"Hindu","Male","Rural"
6402,3456,8,55,"Hindu","Female","Rural"
6403,42116,0,42,"Hindu","Male","Rural"
6404,1325,3,25,"Hindu","Male","Rural"
6405,23595,5,39,"Hindu","Female","Urban"
6406,100838,15,31,"Hindu","Male","Rural"
6407,3538,0,18,"Hindu","Female","Rural"
6408,10675,0,50,"Muslim","Male","Rural"
6409,42439,0,29,"Hindu","Male","Urban"
6410,27073,15,47,"Muslim","Male","Rural"
6411,8448,10,29,"Christian","Female","Rural"
6412,89479,9,46,"Sikh","Male","Urban"
6413,7106,8,18,"Hindu","Female","Rural"
6414,146806,13,43,"Hindu","Male","Rural"
6415,45260,5,48,"Hindu","Male","Rural"
6416,2446,10,43,"Hindu","Female","Rural"
6417,37175,2,27,"Christian","Male","Urban"
6418,192255,10,33,"Hindu","Male","Urban"
6419,11609,9,31,"Hindu","Female","Urban"
6420,4470,8,25,"Hindu","Female","Rural"
6421,198461,15,44,"Hindu","Female","Urban"
6422,17717,1,39,"Hindu","Female","Rural"
6423,56188,8,37,"Hindu","Male","Rural"
6424,74327,6,49,"Hindu","Male","Rural"
6425,8623,0,22,"Hindu","Female","Rural"
6426,109886,0,52,"Hindu","Male","Urban"
6427,89220,6,50,"Hindu","Male","Rural"
6428,121325,14,41,"Hindu","Male","Urban"
6429,32747,15,41,"Hindu","Male","Rural"
6430,8024,0,49,"Hindu","Male","Rural"
6431,17703,14,32,"Hindu","Male","Rural"
6432,3116,13,18,"Muslim","Female","Urban"
6433,27894,8,34,"Hindu","Female","Rural"
6434,389296,10,31,"Hindu","Male","Urban"
6435,69950,11,19,"Buddhist","Male","Urban"
6436,18144,15,43,"Hindu","Male","Rural"
6437,34642,5,24,"Hindu","Male","Urban"
6438,6070,2,28,"Hindu","Male","Rural"
6439,71518,3,46,"Hindu","Male","Rural"
6440,12730,0,31,"Muslim","Male","Urban"
6441,13840,0,45,"Hindu","Female","Urban"
6442,28685,5,40,"Hindu","Female","Urban"
6443,15664,0,34,"Hindu","Male","Rural"
6444,139473,7,32,"Hindu","Male","Rural"
6445,82930,0,46,"Sikh","Female","Rural"
6446,24074,15,43,"Muslim","Male","Rural"
6447,5162,0,26,"Muslim","Male","Rural"
6448,31094,6,45,"Hindu","Female","Rural"
6449,113643,7,25,"Hindu","Female","Urban"
6450,182811,12,47,"Hindu","Male","Urban"
6451,106955,7,35,"Hindu","Male","Urban"
6452,73611,0,33,"Hindu","Male","Urban"
6453,12526,0,28,"Hindu","Female","Rural"
6454,5067,10,30,"Hindu","Male","Rural"
6455,2049,7,58,"Hindu","Male","Rural"
6456,6117,6,28,"Hindu","Female","Rural"
6457,10014,0,56,"Hindu","Female","Rural"
6458,127938,7,41,"Muslim","Male","Urban"
6459,27428,5,29,"Hindu","Male","Rural"
6460,4413,5,37,"Hindu","Female","Rural"
6461,25242,0,40,"Hindu","Female","Rural"
6462,64996,10,31,"Sikh","Female","Rural"
6463,12536,10,18,"Hindu","Female","Urban"
6464,28405,0,45,"Hindu","Male","Rural"
6465,11299,0,43,"Hindu","Male","Rural"
6466,65759,2,45,"Hindu","Male","Urban"
6467,230368,12,55,"Hindu","Male","Rural"
6468,24141,0,26,"Hindu","Male","Urban"
6469,118125,14,32,"Hindu","Male","Rural"
6470,3871,7,28,"Muslim","Female","Rural"
6471,37353,4,41,"Muslim","Male","Rural"
6472,112461,11,26,"Buddhist","Male","Urban"
6473,13093,0,48,"Muslim","Female","Rural"
6474,5547,5,57,"Muslim","Female","Rural"
6475,5760,0,48,"Hindu","Male","Urban"
6476,30525,1,28,"Hindu","Male","Rural"
6477,8837,7,49,"Hindu","Female","Rural"
6478,8540,8,22,"Muslim","Female","Rural"
6479,7537,5,39,"Hindu","Male","Rural"
6480,40694,11,40,"Hindu","Male","Urban"
6481,6448,1,36,"Hindu","Male","Rural"
6482,2120,3,36,"Hindu","Female","Rural"
6483,36694,1,37,"Hindu","Male","Rural"
6484,5461,0,34,"Hindu","Female","Rural"
6485,2714,0,50,"Muslim","Male","Rural"
6486,17164,4,26,"Hindu","Male","Rural"
6487,19633,10,36,"Hindu","Female","Rural"
6488,28805,2,37,"Hindu","Female","Rural"
6489,254727,7,58,"Sikh","Male","Urban"
6490,12648,0,30,"Hindu","Male","Rural"
6491,18146,5,39,"Hindu","Male","Rural"
6492,5027,15,47,"Hindu","Male","Rural"
6493,12163,4,41,"Hindu","Male","Urban"
6494,11164,1,60,"Hindu","Female","Rural"
6495,580,0,50,"Muslim","Female","Rural"
6496,10620,0,53,"Muslim","Male","Urban"
6497,3395,0,31,"Muslim","Male","Rural"
6498,13434,11,40,"Hindu","Female","Rural"
6499,2177,4,33,"Hindu","Female","Rural"
6500,50789,15,55,"Hindu","Male","Rural"
6501,212329,4,30,"Hindu","Male","Rural"
6502,13847,6,65,"Hindu","Male","Rural"
6503,26593,2,25,"Hindu","Male","Rural"
6504,154783,8,30,"Hindu","Male","Urban"
6505,73187,10,52,"Hindu","Male","Rural"
6506,38768,5,18,"Hindu","Male","Urban"
6507,7467,0,35,"Hindu","Male","Rural"
6508,41102,8,30,"Hindu","Male","Urban"
6509,6239,10,56,"Hindu","Male","Rural"
6510,7128,3,31,"Hindu","Female","Rural"
6511,90478,15,42,"Hindu","Male","Rural"
6512,10109,0,64,"Hindu","Male","Rural"
6513,31451,2,33,"Hindu","Male","Rural"
6514,3927,0,41,"Hindu","Female","Rural"
6515,17820,2,40,"Hindu","Male","Rural"
6516,26665,8,18,"Hindu","Male","Rural"
6517,84141,15,37,"Hindu","Male","Rural"
6518,9121,7,36,"Hindu","Female","Rural"
6519,86254,4,47,"Hindu","Male","Urban"
6520,25223,2,24,"Hindu","Male","Rural"
6521,14595,2,59,"Hindu","Male","Rural"
6522,30723,10,35,"Hindu","Male","Rural"
6523,140710,6,52,"Hindu","Male","Urban"
6524,10605,7,33,"Hindu","Male","Rural"
6525,71619,15,36,"Hindu","Male","Rural"
6526,53947,11,57,"Hindu","Female","Rural"
6527,1167,2,32,"Hindu","Female","Rural"
6528,146534,11,18,"Hindu","Male","Rural"
6529,177435,15,31,"Hindu","Male","Urban"
6530,25840,7,30,"Muslim","Male","Rural"
6531,55065,2,28,"Sikh","Male","Urban"
6532,14892,12,28,"Muslim","Male","Urban"
6533,416664,11,36,"Hindu","Male","Urban"
6534,44741,5,28,"Hindu","Male","Rural"
6535,328749,14,54,"Hindu","Female","Rural"
6536,3865,0,61,"Hindu","Female","Rural"
6537,2585,5,18,"Hindu","Male","Rural"
6538,4718,7,38,"Hindu","Male","Rural"
6539,519,11,43,"Hindu","Male","Rural"
6540,14806,11,39,"Muslim","Male","Rural"
6541,12758,8,54,"Hindu","Female","Rural"
6542,20257,4,55,"Hindu","Male","Rural"
6543,103655,6,48,"Hindu","Male","Rural"
6544,21444,6,31,"Hindu","Male","Rural"
6545,193283,15,29,"Hindu","Male","Urban"
6546,9882,2,40,"Hindu","Male","Rural"
6547,10492,4,35,"Hindu","Male","Rural"
6548,37297,12,45,"Hindu","Male","Rural"
6549,12596,14,18,"Hindu","Female","Rural"
6550,71450,7,32,"Hindu","Male","Rural"
6551,96612,15,35,"Hindu","Male","Urban"
6552,38953,0,18,"Muslim","Male","Rural"
6553,10150,4,44,"Hindu","Male","Rural"
6554,120449,5,33,"Hindu","Male","Urban"
6555,6168,7,24,"Hindu","Male","Rural"
6556,2955,1,43,"Hindu","Male","Rural"
6557,16188,4,43,"Hindu","Female","Rural"
6558,6387,6,45,"Hindu","Male","Rural"
6559,10782,2,18,"Hindu","Female","Urban"
6560,3724,8,18,"Hindu","Female","Rural"
6561,13840,0,37,"Hindu","Male","Rural"
6562,37882,11,52,"Christian","Male","Urban"
6563,32811,4,48,"Hindu","Male","Rural"
6564,294231,2,54,"Hindu","Male","Rural"
6565,23811,12,36,"Muslim","Male","Rural"
6566,49411,11,34,"Hindu","Female","Urban"
6567,14840,12,60,"Hindu","Male","Rural"
6568,41131,2,34,"Hindu","Male","Rural"
6569,22077,6,54,"Hindu","Female","Rural"
6570,6795,7,26,"Hindu","Female","Rural"
6571,10727,4,35,"Hindu","Female","Rural"
6572,58528,0,22,"Hindu","Male","Rural"
6573,63735,4,19,"Hindu","Male","Rural"
6574,75105,15,53,"Hindu","Male","Urban"
6575,146410,15,29,"Hindu","Male","Urban"
6576,56133,12,38,"Muslim","Male","Rural"
6577,62279,4,45,"Sikh","Male","Rural"
6578,11401,10,61,"Hindu","Male","Rural"
6579,421,0,42,"Hindu","Male","Rural"
6580,24544,3,29,"Hindu","Male","Rural"
6581,78496,13,37,"Hindu","Male","Urban"
6582,9463,11,32,"Hindu","Male","Rural"
6583,21401,0,31,"Hindu","Male","Rural"
6584,30761,10,33,"Hindu","Male","Rural"
6585,84632,0,41,"Hindu","Male","Urban"
6586,22683,4,50,"Hindu","Male","Rural"
6587,93789,2,47,"Sikh","Male","Rural"
6588,88820,11,36,"Muslim","Male","Rural"
6589,15523,0,37,"Hindu","Male","Rural"
6590,29229,6,44,"Hindu","Female","Rural"
6591,57333,15,36,"Hindu","Male","Rural"
6592,233585,8,30,"Muslim","Male","Urban"
6593,63735,9,44,"Hindu","Male","Rural"
6594,83758,5,65,"Buddhist","Male","Rural"
6595,66345,4,35,"Hindu","Male","Rural"
6596,455710,13,58,"Muslim","Male","Rural"
6597,8173,13,48,"Hindu","Male","Rural"
6598,14989,4,30,"Muslim","Female","Rural"
6599,18971,0,52,"Hindu","Male","Rural"
6600,1196,0,43,"Hindu","Female","Rural"
6601,23060,0,42,"Hindu","Female","Urban"
6602,7277,2,45,"Hindu","Female","Rural"
6603,16100,8,39,"Hindu","Male","Urban"
6604,2610,0,36,"Hindu","Male","Rural"
6605,67914,10,27,"Sikh","Male","Rural"
6606,46223,0,53,"Hindu","Male","Urban"
6607,123358,11,29,"Hindu","Male","Urban"
6608,89316,7,61,"Muslim","Male","Urban"
6609,106580,4,28,"Hindu","Male","Rural"
6610,274019,15,31,"Hindu","Male","Urban"
6611,6401,4,28,"Sikh","Female","Rural"
6612,7104,6,52,"Hindu","Female","Rural"
6613,53934,12,50,"Tribal","Male","Urban"
6614,2377,0,29,"Hindu","Female","Rural"
6615,14455,0,52,"Hindu","Male","Rural"
6616,136941,4,42,"Hindu","Female","Rural"
6617,25115,8,30,"Muslim","Male","Urban"
6618,146989,3,30,"Hindu","Male","Urban"
6619,216600,15,32,"Hindu","Male","Urban"
6620,33688,0,35,"Hindu","Male","Rural"
6621,2198,3,56,"Hindu","Female","Rural"
6622,89923,7,51,"Muslim","Male","Rural"
6623,70905,12,38,"Hindu","Male","Rural"
6624,544633,11,26,"Hindu","Male","Urban"
6625,4945,1,44,"Hindu","Female","Rural"
6626,341403,15,51,"Hindu","Male","Rural"
6627,94513,0,36,"Muslim","Male","Rural"
6628,17724,0,36,"Hindu","Male","Rural"
6629,133942,3,39,"Hindu","Male","Rural"
6630,6006,7,51,"Muslim","Female","Rural"
6631,14989,0,18,"Hindu","Male","Urban"
6632,32354,12,34,"Hindu","Female","Rural"
6633,517490,6,34,"Christian","Male","Urban"
6634,19645,0,57,"Hindu","Female","Rural"
6635,30441,0,41,"Hindu","Male","Rural"
6636,91888,3,47,"Hindu","Male","Rural"
6637,5842,9,41,"Hindu","Male","Rural"
6638,8364,4,65,"Hindu","Female","Rural"
6639,10587,4,36,"Hindu","Male","Rural"
6640,44952,15,28,"Hindu","Male","Rural"
6641,26853,6,40,"Muslim","Male","Urban"
6642,64442,0,22,"Hindu","Male","Urban"
6643,33149,3,37,"Hindu","Female","Rural"
6644,20587,15,45,"Hindu","Male","Urban"
6645,7780,0,33,"Hindu","Female","Rural"
6646,161375,2,35,"Hindu","Male","Urban"
6647,7403,4,28,"Muslim","Female","Rural"
6648,14648,13,32,"Hindu","Female","Urban"
6649,16594,7,64,"Hindu","Male","Rural"
6650,4716,5,45,"Hindu","Male","Rural"
6651,147701,4,50,"Hindu","Male","Rural"
6652,21679,1,35,"Muslim","Female","Urban"
6653,27775,15,38,"Hindu","Female","Urban"
6654,20882,15,39,"Hindu","Female","Urban"
6655,374290,7,42,"Hindu","Male","Rural"
6656,21465,8,65,"Hindu","Male","Rural"
6657,56743,9,18,"Hindu","Male","Urban"
6658,21153,0,43,"Muslim","Male","Rural"
6659,105723,15,51,"Hindu","Male","Rural"
6660,8704,5,27,"Hindu","Male","Rural"
6661,5085,0,40,"Muslim","Male","Rural"
6662,114524,14,32,"Hindu","Female","Urban"
6663,20450,0,18,"Hindu","Female","Urban"
6664,8656,0,51,"Hindu","Male","Urban"
6665,14407,10,18,"Hindu","Male","Rural"
6666,10775,0,33,"Hindu","Male","Rural"
6667,18453,15,41,"Hindu","Female","Rural"
6668,59827,15,36,"Muslim","Male","Urban"
6669,13410,10,18,"Hindu","Male","Urban"
6670,76553,9,18,"Hindu","Male","Urban"
6671,10939,1,31,"Muslim","Female","Rural"
6672,7297,6,43,"Hindu","Male","Rural"
6673,40210,0,36,"Hindu","Female","Urban"
6674,17876,0,51,"Hindu","Male","Urban"
6675,88968,13,29,"Hindu","Male","Rural"
6676,128874,4,25,"Muslim","Male","Urban"
6677,65520,10,39,"Hindu","Female","Rural"
6678,21484,3,46,"Hindu","Male","Rural"
6679,90420,11,32,"Hindu","Male","Urban"
6680,387661,15,54,"Hindu","Male","Urban"
6681,11596,1,55,"Hindu","Female","Rural"
6682,75544,5,30,"Hindu","Male","Urban"
6683,25965,3,47,"Hindu","Female","Urban"
6684,32327,5,36,"Hindu","Female","Urban"
6685,458972,6,57,"Hindu","Male","Rural"
6686,24501,11,37,"Hindu","Female","Urban"
6687,195109,4,61,"Hindu","Male","Urban"
6688,29583,9,49,"Hindu","Female","Urban"
6689,17598,0,41,"Hindu","Male","Rural"
6690,18632,5,46,"Hindu","Female","Rural"
6691,29578,10,55,"Hindu","Male","Urban"
6692,44435,5,39,"Muslim","Male","Rural"
6693,23858,0,32,"Hindu","Male","Rural"
6694,10039,7,41,"Hindu","Female","Rural"
6695,15954,9,37,"Christian","Male","Rural"
6696,71319,11,22,"Hindu","Male","Rural"
6697,61280,2,43,"Hindu","Male","Rural"
6698,42124,11,18,"Hindu","Male","Urban"
6699,21720,6,45,"Hindu","Male","Rural"
6700,23179,12,61,"Hindu","Female","Urban"
6701,8468,7,42,"Hindu","Male","Rural"
6702,7888,4,31,"Hindu","Female","Rural"
6703,5565,1,22,"Hindu","Male","Rural"
6704,1757,0,27,"Hindu","Male","Rural"
6705,16784,6,49,"Hindu","Male","Rural"
6706,19885,15,32,"Hindu","Male","Urban"
6707,17703,0,37,"Hindu","Male","Rural"
6708,30074,1,38,"Tribal","Male","Rural"
6709,68092,6,29,"Hindu","Male","Rural"
6710,97930,7,40,"Hindu","Male","Urban"
6711,42509,11,51,"Hindu","Male","Urban"
6712,39816,4,50,"Hindu","Male","Urban"
6713,10378,4,26,"Hindu","Female","Rural"
6714,27919,11,34,"Hindu","Male","Rural"
6715,73127,7,30,"Hindu","Male","Rural"
6716,5832,1,62,"Hindu","Female","Rural"
6717,21361,0,36,"Hindu","Male","Rural"
6718,7546,3,49,"Hindu","Male","Urban"
6719,22294,0,53,"Hindu","Male","Rural"
6720,6179,15,51,"Hindu","Female","Rural"
6721,35646,0,34,"Sikh","Male","Rural"
6722,138569,1,33,"Hindu","Male","Urban"
6723,32471,10,49,"Hindu","Male","Rural"
6724,3522,4,32,"Hindu","Male","Rural"
6725,29972,15,40,"Hindu","Male","Urban"
6726,8977,0,50,"Hindu","Male","Rural"
6727,58752,14,46,"Hindu","Male","Urban"
6728,49976,5,31,"Hindu","Male","Rural"
6729,166370,0,49,"Sikh","Male","Rural"
6730,23313,4,45,"Hindu","Male","Rural"
6731,2322,2,25,"Hindu","Female","Rural"
6732,25465,11,30,"Hindu","Male","Rural"
6733,32930,13,22,"Hindu","Male","Rural"
6734,151698,14,26,"Hindu","Male","Urban"
6735,14546,12,33,"Hindu","Male","Rural"
6736,24963,6,27,"Hindu","Male","Rural"
6737,4894,0,63,"Muslim","Female","Rural"
6738,85017,6,65,"Hindu","Male","Urban"
6739,10730,0,46,"Muslim","Female","Rural"
6740,39864,6,19,"Hindu","Female","Rural"
6741,13658,7,57,"Hindu","Male","Rural"
6742,93822,9,38,"Hindu","Male","Urban"
6743,42310,4,41,"Hindu","Male","Rural"
6744,55941,3,41,"Hindu","Male","Rural"
6745,44630,0,47,"Hindu","Male","Rural"
6746,19421,0,48,"Hindu","Male","Rural"
6747,11144,11,40,"Muslim","Male","Urban"
6748,39893,1,49,"Hindu","Male","Rural"
6749,13656,11,29,"Hindu","Male","Rural"
6750,47730,4,18,"Hindu","Male","Rural"
6751,103432,10,33,"Hindu","Male","Rural"
6752,16102,2,54,"Hindu","Female","Rural"
6753,11327,0,37,"Hindu","Male","Rural"
6754,60736,2,32,"Hindu","Male","Rural"
6755,29228,8,54,"Hindu","Female","Rural"
6756,114209,15,40,"Hindu","Male","Urban"
6757,13305,8,22,"Hindu","Female","Rural"
6758,25059,0,42,"Hindu","Male","Rural"
6759,59812,12,33,"Hindu","Male","Urban"
6760,40022,0,18,"Hindu","Male","Rural"
6761,93651,9,19,"Tribal","Male","Rural"
6762,35063,12,32,"Hindu","Male","Rural"
6763,6403,0,47,"Hindu","Male","Rural"
6764,34184,0,40,"Hindu","Male","Urban"
6765,16074,0,60,"Hindu","Male","Rural"
6766,7973,5,57,"Hindu","Female","Rural"
6767,94632,10,52,"Hindu","Male","Rural"
6768,31613,5,25,"Muslim","Male","Rural"
6769,288251,9,40,"Hindu","Male","Rural"
6770,5857,0,23,"Muslim","Male","Urban"
6771,25300,0,18,"Hindu","Male","Urban"
6772,208505,6,53,"Hindu","Male","Urban"
6773,17208,4,19,"Hindu","Male","Rural"
6774,7370,2,38,"Muslim","Male","Rural"
6775,211826,0,40,"Hindu","Male","Rural"
6776,38242,0,37,"Hindu","Male","Rural"
6777,25835,8,32,"Hindu","Female","Urban"
6778,50293,15,49,"Muslim","Male","Rural"
6779,14589,0,46,"Hindu","Female","Rural"
6780,7476,5,30,"Hindu","Female","Rural"
6781,6724,0,31,"Hindu","Female","Rural"
6782,78005,3,41,"Hindu","Male","Rural"
6783,13777,0,41,"Hindu","Male","Rural"
6784,7106,12,29,"Hindu","Female","Rural"
6785,265707,13,46,"Muslim","Male","Urban"
6786,13460,7,29,"Hindu","Female","Rural"
6787,218080,15,54,"Hindu","Male","Urban"
6788,108671,10,61,"Hindu","Male","Rural"
6789,12356,8,33,"Hindu","Female","Rural"
6790,18277,13,35,"Christian","Male","Rural"
6791,73446,8,21,"Hindu","Female","Urban"
6792,49183,8,59,"Hindu","Male","Urban"
6793,2914,11,19,"Hindu","Female","Rural"
6794,20571,4,48,"Hindu","Male","Rural"
6795,159312,2,46,"Hindu","Male","Rural"
6796,31619,0,44,"Hindu","Male","Rural"
6797,27206,13,45,"Hindu","Male","Rural"
6798,56853,7,50,"Sikh","Female","Rural"
6799,6046,4,31,"Hindu","Male","Rural"
6800,85040,9,48,"Hindu","Male","Urban"
6801,27032,6,33,"Hindu","Male","Rural"
6802,90960,11,20,"Hindu","Male","Rural"
6803,768487,8,46,"Christian","Male","Rural"
6804,5835,8,30,"Hindu","Male","Rural"
6805,23947,7,39,"Hindu","Male","Rural"
6806,9260,12,42,"Hindu","Female","Rural"
6807,20602,10,30,"Hindu","Female","Rural"
6808,41136,15,45,"Muslim","Male","Urban"
6809,4870,5,30,"Hindu","Female","Rural"
6810,13793,5,42,"Hindu","Male","Rural"
6811,2052,0,39,"Hindu","Male","Rural"
6812,61169,10,35,"Hindu","Male","Urban"
6813,41151,12,49,"Hindu","Male","Urban"
6814,24108,1,32,"Hindu","Male","Rural"
6815,38693,8,44,"Hindu","Male","Rural"
6816,126605,11,30,"Hindu","Female","Rural"
6817,9850,6,36,"Hindu","Female","Rural"
6818,10242,11,22,"Hindu","Female","Urban"
6819,26937,14,32,"Muslim","Male","Rural"
6820,6050,5,28,"Hindu","Female","Rural"
6821,35755,8,39,"Hindu","Male","Rural"
6822,6442,12,29,"Muslim","Female","Rural"
6823,33280,0,39,"Hindu","Female","Rural"
6824,40813,15,32,"Hindu","Male","Rural"
6825,50734,7,36,"Hindu","Male","Urban"
6826,22607,6,30,"Hindu","Male","Rural"
6827,47292,8,18,"Hindu","Male","Urban"
6828,4829,0,23,"Hindu","Male","Urban"
6829,17994,0,18,"Muslim","Male","Rural"
6830,502845,5,49,"Hindu","Female","Urban"
6831,9572,0,33,"Muslim","Male","Rural"
6832,3065,8,45,"Hindu","Female","Rural"
6833,13524,12,42,"Hindu","Female","Rural"
6834,287641,9,30,"Hindu","Male","Rural"
6835,113456,12,48,"Hindu","Male","Rural"
6836,7705,0,54,"Hindu","Female","Rural"
6837,10990,0,27,"Hindu","Male","Rural"
6838,42177,0,22,"Christian","Female","Rural"
6839,32174,10,50,"Hindu","Female","Rural"
6840,143092,15,24,"Hindu","Male","Urban"
6841,16628,0,42,"Hindu","Male","Rural"
6842,99747,0,50,"Hindu","Male","Urban"
6843,4768,0,39,"Hindu","Female","Rural"
6844,3267,1,31,"Hindu","Male","Rural"
6845,13207,4,51,"Hindu","Male","Rural"
6846,12387,3,43,"Sikh","Male","Rural"
6847,26988,2,35,"Hindu","Female","Rural"
6848,11346,10,42,"Hindu","Male","Rural"
6849,13515,15,33,"Hindu","Female","Urban"
6850,15971,7,32,"Hindu","Male","Rural"
6851,14817,0,44,"Hindu","Male","Rural"
6852,16225,0,26,"Hindu","Male","Rural"
6853,38715,7,26,"Hindu","Male","Rural"
6854,62861,0,32,"Muslim","Male","Urban"
6855,4314,8,33,"Hindu","Male","Rural"
6856,7338,7,20,"Hindu","Male","Rural"
6857,15903,3,49,"Muslim","Male","Rural"
6858,25419,0,38,"Hindu","Male","Urban"
6859,22237,15,44,"Hindu","Male","Urban"
6860,112831,7,27,"Hindu","Male","Rural"
6861,86716,2,55,"Muslim","Male","Rural"
6862,7816,4,24,"Hindu","Female","Rural"
6863,7890,1,23,"Hindu","Female","Rural"
6864,21340,13,38,"Hindu","Male","Rural"
6865,83037,14,24,"Hindu","Male","Urban"
6866,23704,7,51,"Hindu","Male","Urban"
6867,4194,3,18,"Hindu","Male","Rural"
6868,86729,5,39,"Hindu","Male","Rural"
6869,16522,0,47,"Muslim","Male","Rural"
6870,14076,3,29,"Hindu","Male","Rural"
6871,15218,3,30,"Hindu","Male","Rural"
6872,44242,11,40,"Hindu","Female","Rural"
6873,12822,12,39,"Hindu","Male","Rural"
6874,13455,0,33,"Hindu","Male","Rural"
6875,56370,0,53,"Muslim","Male","Urban"
6876,33447,2,33,"Hindu","Male","Rural"
6877,106826,5,34,"Hindu","Male","Urban"
6878,110444,4,27,"Hindu","Male","Urban"
6879,581,0,45,"Hindu","Female","Rural"
6880,24456,8,31,"Hindu","Male","Rural"
6881,41207,0,65,"Muslim","Male","Urban"
6882,3822,1,18,"Hindu","Female","Urban"
6883,16849,2,40,"Hindu","Female","Rural"
6884,56860,0,26,"Hindu","Male","Rural"
6885,14658,3,30,"Muslim","Male","Rural"
6886,16534,4,30,"Hindu","Female","Urban"
6887,2702,6,20,"Hindu","Male","Rural"
6888,54532,15,47,"Buddhist","Male","Urban"
6889,80660,15,18,"Hindu","Male","Urban"
6890,34510,3,65,"Hindu","Male","Rural"
6891,10393,0,39,"Muslim","Female","Rural"
6892,11660,1,37,"Buddhist","Male","Rural"
6893,21521,5,53,"Hindu","Male","Rural"
6894,5159,0,39,"Hindu","Male","Rural"
6895,8665,8,22,"Hindu","Female","Rural"
6896,44215,0,57,"Hindu","Male","Rural"
6897,335709,10,35,"Hindu","Male","Urban"
6898,1134,0,30,"Hindu","Male","Rural"
6899,103316,8,31,"Hindu","Male","Rural"
6900,11067,1,23,"Hindu","Male","Rural"
6901,9255,12,51,"Hindu","Female","Rural"
6902,13692,13,43,"Hindu","Male","Rural"
6903,181075,15,65,"Hindu","Male","Rural"
6904,143857,5,39,"Hindu","Male","Urban"
6905,72810,1,37,"Hindu","Male","Rural"
6906,17593,12,40,"Hindu","Male","Urban"
6907,54746,14,47,"Hindu","Female","Rural"
6908,2584,0,61,"Hindu","Female","Rural"
6909,8101,1,32,"Hindu","Male","Rural"
6910,4017,0,55,"Hindu","Female","Rural"
6911,11572,12,31,"Hindu","Male","Rural"
6912,8079,0,38,"Hindu","Male","Rural"
6913,8612,8,36,"Muslim","Male","Urban"
6914,8987,0,24,"Hindu","Male","Rural"
6915,25479,8,38,"Hindu","Male","Rural"
6916,10061,4,20,"Hindu","Male","Rural"
6917,128758,10,18,"Hindu","Female","Urban"
6918,65196,10,19,"Christian","Male","Rural"
6919,2467,5,25,"Hindu","Male","Rural"
6920,3014,0,39,"Muslim","Female","Urban"
6921,34541,2,41,"Hindu","Male","Rural"
6922,30577,6,41,"Hindu","Male","Rural"
6923,10245,8,40,"Muslim","Female","Urban"
6924,47034,8,51,"Hindu","Female","Rural"
6925,21919,0,35,"Hindu","Female","Rural"
6926,7475,8,23,"Hindu","Female","Rural"
6927,28301,2,27,"Hindu","Male","Urban"
6928,7632,5,39,"Muslim","Male","Rural"
6929,13927,6,51,"Muslim","Female","Rural"
6930,15775,5,21,"Muslim","Male","Rural"
6931,16573,3,30,"Hindu","Female","Rural"
6932,2933,8,36,"Muslim","Female","Rural"
6933,230089,7,33,"Christian","Male","Urban"
6934,102235,5,46,"Hindu","Male","Rural"
6935,20650,3,28,"Hindu","Male","Rural"
6936,6959,9,31,"Hindu","Female","Rural"
6937,31522,8,22,"Hindu","Male","Rural"
6938,25316,13,35,"Hindu","Male","Urban"
6939,18166,0,18,"Hindu","Male","Rural"
6940,158344,6,35,"Hindu","Male","Rural"
6941,386652,15,55,"Christian","Male","Rural"
6942,7381,7,29,"Hindu","Male","Urban"
6943,45747,5,21,"Hindu","Male","Rural"
6944,53945,5,56,"Hindu","Male","Rural"
6945,6898,11,25,"Hindu","Female","Rural"
6946,19996,7,24,"Hindu","Male","Urban"
6947,274479,6,54,"Hindu","Male","Urban"
6948,8122,9,29,"Hindu","Male","Rural"
6949,191168,15,27,"Hindu","Male","Rural"
6950,25253,15,43,"Hindu","Male","Urban"
6951,2786,8,46,"Hindu","Female","Rural"
6952,12080,12,49,"Muslim","Female","Rural"
6953,5627,0,47,"Hindu","Male","Rural"
6954,29732,0,51,"Hindu","Male","Rural"
6955,22706,1,46,"Hindu","Female","Urban"
6956,9458,0,36,"Hindu","Female","Rural"
6957,1997,0,31,"Hindu","Female","Rural"
6958,108719,8,26,"Hindu","Male","Rural"
6959,5653,2,51,"Hindu","Female","Urban"
6960,17929,15,49,"Hindu","Male","Urban"
6961,37024,4,46,"Sikh","Female","Rural"
6962,116450,7,43,"Hindu","Male","Urban"
6963,4327,9,42,"Hindu","Female","Rural"
6964,48615,1,47,"Hindu","Male","Urban"
6965,6996,3,51,"Hindu","Female","Rural"
6966,46844,0,29,"Hindu","Male","Rural"
6967,2323,5,33,"Hindu","Female","Rural"
6968,40819,4,30,"Hindu","Male","Rural"
6969,4481,5,18,"Hindu","Male","Rural"
6970,38889,7,36,"Muslim","Male","Rural"
6971,34602,0,44,"Buddhist","Male","Rural"
6972,5828,0,18,"Hindu","Male","Rural"
6973,4455,0,43,"Hindu","Female","Rural"
6974,26776,5,35,"Hindu","Male","Rural"
6975,12205,0,22,"Muslim","Female","Rural"
6976,11895,4,34,"Hindu","Male","Rural"
6977,9773,0,27,"Hindu","Male","Rural"
6978,12069,0,31,"Hindu","Female","Rural"
6979,137251,13,26,"Hindu","Male","Rural"
6980,17551,5,40,"Hindu","Male","Rural"
6981,13224,0,27,"Hindu","Male","Rural"
6982,127643,15,34,"Hindu","Male","Urban"
6983,29123,15,43,"Hindu","Female","Urban"
6984,5095,0,46,"Hindu","Female","Rural"
6985,67242,0,31,"Hindu","Male","Rural"
6986,23679,2,32,"Hindu","Male","Rural"
6987,75098,7,43,"Hindu","Male","Urban"
6988,7345,0,30,"Hindu","Male","Rural"
6989,50383,0,48,"Hindu","Male","Rural"
6990,4559,0,42,"Hindu","Male","Rural"
6991,1759,4,42,"Hindu","Female","Rural"
6992,45471,1,49,"Hindu","Male","Rural"
6993,4185,1,58,"Hindu","Female","Rural"
6994,19098,15,41,"Hindu","Male","Rural"
6995,255566,9,46,"Hindu","Male","Rural"
6996,22201,12,25,"Hindu","Male","Urban"
6997,3041,1,41,"Muslim","Female","Rural"
6998,38056,4,38,"Hindu","Male","Urban"
6999,4976,5,53,"Hindu","Female","Rural"
7000,5203,4,40,"Hindu","Female","Rural"
7001,2760,0,44,"Hindu","Female","Rural"
7002,116960,2,37,"Hindu","Male","Rural"
7003,1111521,11,46,"Hindu","Male","Urban"
7004,198191,6,47,"Hindu","Male","Urban"
7005,28222,5,40,"Hindu","Male","Urban"
7006,64072,15,30,"Muslim","Male","Rural"
7007,24475,10,43,"Hindu","Male","Rural"
7008,12865,0,31,"Hindu","Female","Rural"
7009,27659,0,37,"Hindu","Male","Rural"
7010,2221,5,31,"Hindu","Female","Rural"
7011,13042,5,34,"Hindu","Male","Rural"
7012,100746,13,49,"Hindu","Male","Urban"
7013,115240,15,42,"Hindu","Male","Rural"
7014,8992,9,39,"Hindu","Male","Rural"
7015,28668,6,33,"Hindu","Male","Urban"
7016,224340,15,34,"Christian","Male","Urban"
7017,47790,4,64,"Hindu","Male","Rural"
7018,29864,5,35,"Hindu","Male","Urban"
7019,16816,7,28,"Hindu","Male","Rural"
7020,24314,7,34,"Muslim","Male","Urban"
7021,36702,10,54,"Hindu","Male","Rural"
7022,88260,10,43,"Hindu","Male","Urban"
7023,90198,15,49,"Hindu","Male","Urban"
7024,19101,0,18,"Muslim","Male","Rural"
7025,5388,2,35,"Hindu","Male","Rural"
7026,47882,13,63,"Muslim","Female","Rural"
7027,14673,3,30,"Hindu","Male","Rural"
7028,5350,8,55,"Hindu","Female","Rural"
7029,22397,12,49,"Hindu","Female","Rural"
7030,3882,1,31,"Tribal","Male","Rural"
7031,96969,6,42,"Hindu","Male","Rural"
7032,23968,0,32,"Hindu","Male","Rural"
7033,365245,15,53,"Christian","Female","Urban"
7034,32951,0,39,"Hindu","Male","Urban"
7035,99870,6,50,"Christian","Male","Urban"
7036,4193,0,18,"Hindu","Male","Rural"
7037,48506,0,43,"Hindu","Female","Urban"
7038,43512,13,34,"Muslim","Male","Rural"
7039,11554,9,63,"Hindu","Female","Rural"
7040,5645,0,47,"Hindu","Female","Urban"
7041,26437,7,51,"Hindu","Male","Urban"
7042,93620,10,48,"Hindu","Male","Rural"
7043,22306,4,25,"Hindu","Male","Rural"
7044,62116,6,45,"Muslim","Male","Urban"
7045,4961,9,46,"Hindu","Female","Rural"
7046,53757,13,56,"Hindu","Male","Rural"
7047,7873,5,27,"Muslim","Female","Rural"
7048,285933,15,65,"Hindu","Female","Urban"
7049,73430,14,23,"Christian","Female","Urban"
7050,34342,10,30,"Hindu","Female","Urban"
7051,37175,8,45,"Hindu","Female","Rural"
7052,333051,12,18,"Hindu","Male","Urban"
7053,14897,3,25,"Christian","Male","Rural"
7054,58700,9,35,"Hindu","Male","Urban"
7055,477218,15,30,"Hindu","Male","Urban"
7056,61991,3,45,"Hindu","Male","Urban"
7057,16803,11,58,"Hindu","Female","Rural"
7058,13082,11,46,"Muslim","Male","Urban"
7059,39031,4,42,"Hindu","Female","Rural"
7060,13500,13,29,"Hindu","Male","Urban"
7061,20873,6,32,"Hindu","Male","Rural"
7062,808915,15,42,"Hindu","Male","Rural"
7063,2666,8,22,"Hindu","Female","Urban"
7064,7763,0,35,"Hindu","Female","Rural"
7065,23010,3,18,"Sikh","Female","Rural"
7066,6187,4,18,"Buddhist","Male","Rural"
7067,6483,0,39,"Muslim","Male","Rural"
7068,14094,4,51,"Hindu","Male","Rural"
7069,6551,9,22,"Hindu","Female","Rural"
7070,20519,7,32,"Hindu","Female","Rural"
7071,26895,0,34,"Hindu","Male","Rural"
7072,7383,0,63,"Hindu","Male","Rural"
7073,286560,15,57,"Hindu","Male","Rural"
7074,4119,3,40,"Hindu","Male","Rural"
7075,10816,7,33,"Hindu","Male","Rural"
7076,81671,0,32,"Hindu","Male","Rural"
7077,15351,6,42,"Hindu","Male","Rural"
7078,11135,0,58,"Muslim","Male","Rural"
7079,2347,0,33,"Hindu","Male","Rural"
7080,4587,0,34,"Hindu","Female","Rural"
7081,16964,0,43,"Hindu","Male","Rural"
7082,42797,12,26,"Muslim","Male","Rural"
7083,27935,0,46,"Hindu","Male","Urban"
7084,3641,0,41,"Hindu","Male","Rural"
7085,7912,0,55,"Hindu","Female","Rural"
7086,75829,4,26,"Hindu","Male","Urban"
7087,89836,12,44,"Christian","Female","Rural"
7088,703,0,48,"Hindu","Female","Rural"
7089,7254,7,46,"Muslim","Male","Urban"
7090,44640,3,27,"Hindu","Male","Urban"
7091,228395,11,53,"Hindu","Male","Urban"
7092,5666,5,28,"Hindu","Female","Rural"
7093,16957,5,50,"Hindu","Male","Urban"
7094,13836,8,42,"Hindu","Female","Rural"
7095,31874,5,34,"Hindu","Female","Rural"
7096,18852,1,28,"Muslim","Male","Rural"
7097,16772,4,26,"Hindu","Male","Rural"
7098,17629,8,26,"Hindu","Male","Rural"
7099,119586,0,18,"Muslim","Male","Urban"
7100,24057,13,18,"Hindu","Male","Urban"
7101,147526,13,47,"Christian","Female","Urban"
7102,3115,3,40,"Buddhist","Male","Rural"
7103,12155,10,44,"Muslim","Female","Urban"
7104,10495,5,34,"Muslim","Female","Rural"
7105,6262,10,40,"Hindu","Female","Rural"
7106,47656,9,29,"Hindu","Male","Urban"
7107,20001,0,37,"Hindu","Male","Rural"
7108,153524,14,59,"Muslim","Male","Urban"
7109,6624,8,29,"Buddhist","Female","Rural"
7110,6694,3,18,"Hindu","Male","Rural"
7111,11517,7,33,"Hindu","Female","Rural"
7112,12326,0,47,"Hindu","Male","Rural"
7113,17500,1,24,"Hindu","Female","Urban"
7114,183970,1,19,"Hindu","Male","Urban"
7115,122233,15,40,"Hindu","Male","Urban"
7116,16227,10,50,"Hindu","Male","Rural"
7117,23183,1,34,"Hindu","Male","Rural"
7118,7158,0,57,"Hindu","Male","Rural"
7119,68130,2,18,"Hindu","Male","Urban"
7120,97355,13,44,"Hindu","Male","Rural"
7121,38585,11,53,"Muslim","Female","Rural"
7122,16880,13,46,"Hindu","Male","Rural"
7123,3275,5,21,"Muslim","Female","Rural"
7124,23938,0,32,"Hindu","Male","Rural"
7125,19246,4,44,"Hindu","Male","Rural"
7126,79988,11,30,"Muslim","Female","Urban"
7127,266152,12,30,"Hindu","Male","Rural"
7128,104359,11,46,"Hindu","Male","Rural"
7129,28336,1,32,"Muslim","Male","Rural"
7130,43818,8,42,"Sikh","Female","Rural"
7131,44169,10,63,"Hindu","Male","Urban"
7132,7828,0,19,"Hindu","Female","Rural"
7133,8060,2,22,"Hindu","Female","Urban"
7134,48914,9,29,"Hindu","Male","Urban"
7135,32084,10,20,"Hindu","Female","Rural"
7136,14631,5,26,"Muslim","Male","Rural"
7137,9171,3,50,"Muslim","Female","Rural"
7138,5083,15,53,"Hindu","Male","Urban"
7139,53680,2,40,"Hindu","Male","Urban"
7140,15507,15,32,"Hindu","Male","Urban"
7141,4481,7,58,"Hindu","Female","Rural"
7142,28656,8,23,"Hindu","Male","Rural"
7143,121579,11,43,"Hindu","Male","Urban"
7144,88297,0,44,"Hindu","Male","Rural"
7145,262723,15,23,"Hindu","Male","Urban"
7146,32097,8,45,"Christian","Male","Urban"
7147,68056,3,18,"Sikh","Male","Rural"
7148,135750,0,40,"Hindu","Male","Urban"
7149,17268,3,31,"Hindu","Female","Rural"
7150,208526,13,28,"Hindu","Male","Rural"
7151,16979,3,46,"Hindu","Male","Rural"
7152,18606,3,35,"Hindu","Male","Urban"
7153,393978,15,18,"Hindu","Male","Urban"
7154,198074,15,53,"Hindu","Male","Rural"
7155,45277,5,19,"Hindu","Female","Rural"
7156,25788,15,42,"Christian","Male","Rural"
7157,57346,15,50,"Buddhist","Male","Rural"
7158,121742,9,50,"Hindu","Female","Urban"
7159,55807,2,38,"Hindu","Male","Rural"
7160,6495,0,40,"Hindu","Male","Rural"
7161,251836,12,35,"Hindu","Male","Urban"
7162,152648,6,37,"Hindu","Male","Rural"
7163,286203,7,29,"Hindu","Male","Urban"
7164,34848,0,42,"Hindu","Male","Rural"
7165,11816,2,46,"Hindu","Female","Rural"
7166,5423,8,59,"Hindu","Male","Rural"
7167,6981,0,25,"Hindu","Male","Rural"
7168,32204,0,32,"Hindu","Female","Rural"
7169,28670,0,44,"Hindu","Female","Urban"
7170,319690,1,31,"Hindu","Male","Rural"
7171,28970,9,44,"Hindu","Female","Urban"
7172,104923,15,39,"Sikh","Male","Urban"
7173,21272,0,29,"Hindu","Female","Rural"
7174,32181,15,40,"Hindu","Female","Urban"
7175,36742,14,46,"Hindu","Female","Rural"
7176,284093,15,39,"Hindu","Male","Rural"
7177,127830,9,18,"Hindu","Male","Rural"
7178,60186,14,37,"Hindu","Female","Rural"
7179,2278,0,27,"Hindu","Female","Rural"
7180,3825,1,42,"Hindu","Male","Rural"
7181,80039,13,54,"Hindu","Male","Urban"
7182,129706,7,64,"Hindu","Male","Urban"
7183,64033,2,51,"Hindu","Male","Rural"
7184,45227,14,33,"Hindu","Male","Rural"
7185,6145,2,23,"Hindu","Female","Rural"
7186,6008,4,44,"Hindu","Male","Rural"
7187,13776,0,52,"Hindu","Male","Urban"
7188,32887,5,45,"Muslim","Male","Rural"
7189,97557,11,18,"Hindu","Male","Urban"
7190,9381,2,54,"Hindu","Male","Urban"
7191,26618,10,51,"Hindu","Female","Rural"
7192,24274,9,50,"Hindu","Female","Rural"
7193,2238,0,18,"Hindu","Female","Rural"
7194,2130,9,53,"Hindu","Female","Rural"
7195,66393,0,59,"Muslim","Male","Urban"
7196,5691,3,20,"Hindu","Male","Rural"
7197,95667,0,50,"Hindu","Male","Rural"
7198,45710,3,55,"Hindu","Male","Urban"
7199,6900,0,38,"Hindu","Female","Rural"
7200,5977,2,52,"Hindu","Female","Rural"
7201,72101,8,34,"Hindu","Male","Rural"
7202,5191,0,29,"Hindu","Female","Rural"
7203,102165,10,39,"Hindu","Male","Urban"
7204,125147,0,55,"Hindu","Male","Urban"
7205,141607,9,36,"Hindu","Male","Urban"
7206,23777,7,39,"Sikh","Male","Rural"
7207,4080,5,23,"Hindu","Male","Rural"
7208,161534,14,31,"Hindu","Male","Urban"
7209,10404,14,18,"Hindu","Female","Rural"
7210,23011,8,33,"Hindu","Female","Urban"
7211,19386,8,20,"Hindu","Female","Rural"
7212,8285,3,45,"Hindu","Male","Rural"
7213,227234,15,45,"Hindu","Male","Rural"
7214,45917,6,51,"Hindu","Male","Rural"
7215,3581,1,41,"Hindu","Female","Rural"
7216,191273,1,45,"Hindu","Male","Urban"
7217,1770,0,37,"Hindu","Male","Rural"
7218,19750,5,43,"Sikh","Male","Rural"
7219,100424,4,46,"Hindu","Male","Urban"
7220,127707,8,48,"Hindu","Male","Rural"
7221,21713,0,45,"Hindu","Male","Urban"
7222,7870,0,48,"Muslim","Male","Rural"
7223,14860,0,24,"Hindu","Female","Rural"
7224,15326,8,40,"Muslim","Male","Rural"
7225,165873,12,62,"Hindu","Male","Rural"
7226,53963,0,34,"Muslim","Male","Rural"
7227,52002,14,30,"Hindu","Male","Rural"
7228,16031,9,38,"Hindu","Male","Rural"
7229,13331,14,21,"Hindu","Female","Rural"
7230,2690,0,47,"Hindu","Male","Rural"
7231,50993,6,38,"Muslim","Male","Rural"
7232,6395,6,37,"Hindu","Male","Rural"
7233,11587,4,34,"Hindu","Female","Rural"
7234,87437,0,50,"Hindu","Male","Rural"
7235,12351,0,49,"Hindu","Male","Rural"
7236,55290,1,22,"Hindu","Male","Urban"
7237,145902,6,46,"Hindu","Male","Urban"
7238,9806,13,38,"Hindu","Female","Urban"
7239,8708,0,44,"Hindu","Male","Rural"
7240,741,8,18,"Hindu","Female","Rural"
7241,54234,5,57,"Hindu","Male","Urban"
7242,18784,7,55,"Hindu","Male","Rural"
7243,12912,6,50,"Hindu","Male","Rural"
7244,16262,10,50,"Hindu","Male","Rural"
7245,73305,12,25,"Hindu","Male","Rural"
7246,240149,15,30,"Hindu","Male","Rural"
7247,2981,3,45,"Hindu","Female","Urban"
7248,7703,0,36,"Hindu","Male","Rural"
7249,344123,14,41,"Hindu","Male","Rural"
7250,12662,6,47,"Hindu","Female","Rural"
7251,6556,0,39,"Hindu","Male","Rural"
7252,7258,7,43,"Hindu","Male","Rural"
7253,17065,2,36,"Hindu","Male","Rural"
7254,226009,10,40,"Hindu","Female","Urban"
7255,54222,7,28,"Hindu","Male","Rural"
7256,74852,11,25,"Hindu","Male","Rural"
7257,8806,10,40,"Hindu","Male","Rural"
7258,3880,7,58,"Hindu","Female","Rural"
7259,20971,0,33,"Hindu","Male","Rural"
7260,23797,1,46,"Hindu","Female","Rural"
7261,8881,0,39,"Hindu","Female","Rural"
7262,10681,6,52,"Hindu","Male","Rural"
7263,3197,15,34,"Hindu","Male","Urban"
7264,59295,5,34,"Hindu","Male","Rural"
7265,1345,1,36,"Hindu","Female","Rural"
7266,2515,0,33,"Hindu","Female","Rural"
7267,5209,0,20,"Hindu","Female","Rural"
7268,33197,7,33,"Hindu","Female","Rural"
7269,12428,10,43,"Muslim","Female","Rural"
7270,189494,8,18,"Hindu","Male","Rural"
7271,7708,9,54,"Hindu","Female","Rural"
7272,21005,0,24,"Hindu","Male","Rural"
7273,39255,15,51,"Hindu","Male","Rural"
7274,2917,5,32,"Hindu","Female","Rural"
7275,74990,11,33,"Hindu","Male","Rural"
7276,79728,7,40,"Hindu","Male","Rural"
7277,20538,0,32,"Hindu","Female","Urban"
7278,380816,10,47,"Muslim","Male","Urban"
7279,5639,15,24,"Hindu","Female","Rural"
7280,58049,11,25,"Hindu","Male","Urban"
7281,44634,11,25,"Hindu","Female","Rural"
7282,21453,12,38,"Hindu","Male","Rural"
7283,2924,0,50,"Hindu","Female","Rural"
7284,51194,10,39,"Hindu","Male","Rural"
7285,7233,7,48,"Hindu","Female","Rural"
7286,23713,7,18,"Hindu","Male","Rural"
7287,8631,1,21,"Hindu","Female","Urban"
7288,117985,7,27,"Muslim","Male","Urban"
7289,75892,7,28,"Hindu","Male","Rural"
7290,19732,14,65,"Hindu","Male","Rural"
7291,86276,0,28,"Hindu","Male","Rural"
7292,22947,5,54,"Hindu","Male","Rural"
7293,41680,7,55,"Hindu","Male","Rural"
7294,34444,0,38,"Hindu","Male","Urban"
7295,82749,8,26,"Hindu","Male","Rural"
7296,41381,0,47,"Muslim","Male","Urban"
7297,9842,8,20,"Hindu","Male","Rural"
7298,53544,12,31,"Hindu","Male","Urban"
7299,27372,0,36,"Hindu","Male","Rural"
7300,19231,10,41,"Hindu","Female","Rural"
7301,83384,15,54,"Hindu","Female","Urban"
7302,43438,0,50,"Hindu","Female","Rural"
7303,22604,13,27,"Hindu","Male","Rural"
7304,12549,14,49,"Hindu","Male","Rural"
7305,118581,4,39,"Hindu","Male","Urban"
7306,12335,2,35,"Hindu","Male","Rural"
7307,26017,4,57,"Hindu","Male","Rural"
7308,11470,10,40,"Hindu","Female","Rural"
7309,30886,6,37,"Hindu","Female","Urban"
7310,19357,10,41,"Hindu","Female","Rural"
7311,4036,3,46,"Hindu","Female","Urban"
7312,10242,1,41,"Hindu","Female","Rural"
7313,91140,3,33,"Hindu","Male","Urban"
7314,137178,13,32,"Hindu","Female","Rural"
7315,11987,3,44,"Hindu","Female","Rural"
7316,572537,12,37,"Hindu","Male","Urban"
7317,40815,9,60,"Hindu","Male","Rural"
7318,110247,10,46,"Christian","Male","Rural"
7319,109779,7,40,"Hindu","Male","Urban"
7320,54739,5,49,"Hindu","Male","Rural"
7321,26013,0,36,"Hindu","Male","Rural"
7322,25055,15,50,"Hindu","Female","Urban"
7323,4874,9,53,"Hindu","Female","Rural"
7324,48653,8,34,"Hindu","Male","Rural"
7325,6787,0,48,"Hindu","Female","Rural"
7326,21424,0,43,"Hindu","Male","Rural"
7327,12306,10,45,"Buddhist","Female","Rural"
7328,19627,5,39,"Hindu","Male","Rural"
7329,56028,6,57,"Christian","Male","Rural"
7330,77174,4,54,"Hindu","Female","Urban"
7331,13541,0,39,"Muslim","Male","Rural"
7332,6013,11,61,"Hindu","Female","Rural"
7333,8363,0,47,"Hindu","Male","Rural"
7334,41138,8,22,"Hindu","Male","Rural"
7335,19777,5,34,"Hindu","Male","Urban"
7336,20263,0,32,"Hindu","Male","Rural"
7337,26843,5,39,"Hindu","Male","Rural"
7338,12118,0,36,"Hindu","Male","Rural"
7339,235361,6,27,"Hindu","Female","Urban"
7340,20880,5,35,"Hindu","Male","Rural"
7341,1635,0,53,"Hindu","Male","Rural"
7342,42722,1,22,"Hindu","Male","Urban"
7343,28213,6,18,"Hindu","Male","Urban"
7344,7056,8,42,"Hindu","Male","Rural"
7345,59695,8,41,"Hindu","Male","Urban"
7346,4415,0,45,"Hindu","Male","Rural"
7347,13633,0,41,"Hindu","Male","Rural"
7348,19133,0,36,"Hindu","Male","Rural"
7349,5489,0,35,"Hindu","Female","Rural"
7350,15087,4,48,"Hindu","Male","Rural"
7351,45259,15,22,"Christian","Male","Urban"
7352,4249,6,39,"Hindu","Male","Rural"
7353,44157,5,30,"Hindu","Female","Rural"
7354,17452,7,45,"Christian","Male","Rural"
7355,85626,0,45,"Hindu","Male","Rural"
7356,3109,5,30,"Hindu","Female","Rural"
7357,4521,5,51,"Muslim","Male","Rural"
7358,22324,6,38,"Hindu","Male","Urban"
7359,220781,15,37,"Muslim","Male","Urban"
7360,20989,0,35,"Hindu","Male","Urban"
7361,114678,7,32,"Hindu","Male","Rural"
7362,11386,8,59,"Hindu","Male","Rural"
7363,4392,3,25,"Hindu","Male","Rural"
7364,26801,11,29,"Hindu","Male","Rural"
7365,12151,10,38,"Hindu","Female","Rural"
7366,204670,3,41,"Hindu","Female","Urban"
7367,10647,4,51,"Hindu","Male","Rural"
7368,187074,9,22,"Muslim","Male","Urban"
7369,5405,7,28,"Hindu","Female","Rural"
7370,228526,0,36,"Hindu","Male","Urban"
7371,83141,5,42,"Hindu","Male","Rural"
7372,17217,0,45,"Hindu","Female","Rural"
7373,23787,11,54,"Christian","Male","Rural"
7374,6733,5,18,"Hindu","Female","Rural"
7375,12289,0,27,"Muslim","Female","Rural"
7376,52750,6,33,"Hindu","Male","Rural"
7377,155802,12,20,"Hindu","Male","Urban"
7378,152329,13,32,"Hindu","Male","Urban"
7379,39800,2,36,"Hindu","Male","Rural"
7380,478080,12,52,"Hindu","Male","Urban"
7381,64539,1,35,"Hindu","Male","Rural"
7382,24009,9,22,"Hindu","Male","Rural"
7383,3933,0,62,"Hindu","Male","Rural"
7384,135747,9,51,"Hindu","Male","Urban"
7385,5194,3,34,"Hindu","Male","Rural"
7386,12080,5,24,"Hindu","Female","Urban"
7387,13210,12,39,"Hindu","Female","Rural"
7388,31827,1,37,"Hindu","Male","Rural"
7389,91496,0,43,"Hindu","Male","Urban"
7390,18279,11,61,"Hindu","Female","Rural"
7391,153179,1,50,"Hindu","Male","Urban"
7392,14589,5,38,"Muslim","Male","Rural"
7393,61508,6,37,"Hindu","Male","Rural"
7394,114241,9,18,"Hindu","Male","Urban"
7395,7724,6,31,"Hindu","Female","Rural"
7396,42657,15,59,"Hindu","Male","Urban"
7397,52917,4,39,"Hindu","Male","Urban"
7398,21863,15,54,"Hindu","Female","Rural"
7399,25307,15,22,"Hindu","Male","Rural"
7400,10951,0,25,"Hindu","Female","Urban"
7401,50498,13,36,"Hindu","Male","Rural"
7402,7359,0,43,"Hindu","Female","Rural"
7403,13270,0,47,"Hindu","Male","Rural"
7404,68606,2,39,"Hindu","Male","Rural"
7405,56091,15,41,"Hindu","Male","Rural"
7406,47735,0,39,"Hindu","Male","Rural"
7407,18275,3,18,"Hindu","Female","Rural"
7408,40811,15,32,"Hindu","Male","Rural"
7409,12609,2,32,"Hindu","Male","Rural"
7410,6172,9,27,"Buddhist","Male","Urban"
7411,5910,10,50,"Muslim","Male","Rural"
7412,164011,15,45,"Hindu","Male","Urban"
7413,37022,4,22,"Tribal","Male","Rural"
7414,40763,15,24,"Hindu","Male","Urban"
7415,14271,10,35,"Hindu","Male","Rural"
7416,18805,5,37,"Hindu","Male","Urban"
7417,54950,12,33,"Hindu","Male","Urban"
7418,35100,15,49,"Hindu","Male","Rural"
7419,48902,5,31,"Tribal","Male","Rural"
7420,106555,5,24,"Muslim","Male","Rural"
7421,9947,0,21,"Muslim","Male","Rural"
7422,9958,7,55,"Muslim","Female","Rural"
7423,8806,11,38,"Hindu","Female","Rural"
7424,64267,11,46,"Hindu","Male","Urban"
7425,68170,13,42,"Hindu","Male","Urban"
7426,120532,6,28,"Hindu","Male","Rural"
7427,908,3,65,"Hindu","Female","Rural"
7428,3856,6,27,"Hindu","Male","Rural"
7429,40259,5,45,"Hindu","Male","Rural"
7430,7673,10,65,"Hindu","Female","Rural"
7431,179371,15,52,"Hindu","Male","Rural"
7432,11729,0,36,"Muslim","Male","Rural"
7433,41399,8,41,"Hindu","Female","Rural"
7434,40168,0,63,"Hindu","Male","Urban"
7435,17575,15,27,"Hindu","Female","Urban"
7436,82665,6,49,"Hindu","Male","Rural"
7437,10604,9,36,"Muslim","Female","Rural"
7438,50913,3,58,"Hindu","Male","Urban"
7439,9311,0,39,"Hindu","Male","Rural"
7440,19441,3,44,"Hindu","Male","Urban"
7441,58223,9,48,"Hindu","Male","Urban"
7442,16828,15,33,"Sikh","Female","Urban"
7443,9701,4,37,"Hindu","Female","Rural"
7444,14840,12,18,"Christian","Female","Rural"
7445,25320,15,34,"Hindu","Female","Rural"
7446,86179,6,26,"Tribal","Male","Rural"
7447,41341,6,21,"Hindu","Male","Rural"
7448,26694,0,32,"Hindu","Male","Rural"
7449,16983,10,37,"Muslim","Male","Rural"
7450,57604,6,55,"Hindu","Female","Urban"
7451,15911,13,18,"Hindu","Male","Rural"
7452,685,2,21,"Muslim","Female","Rural"
7453,27982,0,23,"Hindu","Female","Rural"
7454,108568,15,24,"Hindu","Female","Urban"
7455,56467,5,45,"Hindu","Male","Rural"
7456,192945,6,41,"Hindu","Male","Rural"
7457,38689,0,37,"Hindu","Male","Rural"
7458,16529,0,37,"Hindu","Male","Urban"
7459,6280,8,52,"Hindu","Male","Rural"
7460,43507,6,65,"Hindu","Male","Rural"
7461,9843,0,33,"Hindu","Female","Urban"
7462,46388,5,47,"Hindu","Male","Urban"
7463,4060,1,30,"Hindu","Female","Rural"
7464,32682,2,20,"Hindu","Male","Rural"
7465,22351,15,58,"Sikh","Male","Urban"
7466,12809,0,31,"Hindu","Female","Rural"
7467,28764,4,44,"Hindu","Male","Rural"
7468,11163,10,54,"Hindu","Female","Rural"
7469,13401,1,35,"Hindu","Female","Urban"
7470,14423,4,40,"Hindu","Male","Rural"
7471,387790,0,18,"Hindu","Male","Urban"
7472,4629,2,18,"Hindu","Male","Rural"
7473,17663,6,21,"Hindu","Female","Rural"
7474,102248,9,28,"Christian","Male","Rural"
7475,3624,7,22,"Hindu","Female","Rural"
7476,23857,15,44,"Hindu","Female","Rural"
7477,30914,2,33,"Hindu","Male","Rural"
7478,84021,11,48,"Hindu","Male","Urban"
7479,22975,0,65,"Hindu","Male","Rural"
7480,8307,14,26,"Hindu","Female","Rural"
7481,29312,3,27,"Hindu","Male","Urban"
7482,18538,0,48,"Hindu","Male","Rural"
7483,63028,9,42,"Hindu","Male","Urban"
7484,3512,0,26,"Hindu","Female","Rural"
7485,130892,11,28,"Hindu","Female","Urban"
7486,60334,11,46,"Hindu","Male","Rural"
7487,7345,0,38,"Hindu","Female","Rural"
7488,23997,0,65,"Hindu","Male","Rural"
7489,143716,8,27,"Hindu","Male","Rural"
7490,10052,0,18,"Hindu","Male","Rural"
7491,61070,0,34,"Hindu","Male","Rural"
7492,11816,8,56,"Hindu","Female","Rural"
7493,7182,0,33,"Hindu","Male","Rural"
7494,38235,2,42,"Hindu","Male","Rural"
7495,18387,8,47,"Hindu","Male","Rural"
7496,17642,0,45,"Muslim","Male","Rural"
7497,5686,1,25,"Hindu","Male","Rural"
7498,26085,6,31,"Hindu","Female","Rural"
7499,31536,0,27,"Hindu","Male","Rural"
7500,60717,7,35,"Muslim","Male","Urban"
7501,28166,2,50,"Hindu","Male","Rural"
7502,5479,0,25,"Muslim","Male","Rural"
7503,31369,3,24,"Hindu","Male","Rural"
7504,3394,0,37,"Hindu","Male","Rural"
7505,1846,10,36,"Hindu","Male","Rural"
7506,57895,15,38,"Hindu","Male","Rural"
7507,270955,14,36,"Hindu","Male","Rural"
7508,1521,0,65,"Hindu","Female","Rural"
7509,220565,11,34,"Hindu","Female","Urban"
7510,22608,15,24,"Hindu","Female","Urban"
7511,60470,3,42,"Hindu","Female","Rural"
7512,5293,7,48,"Hindu","Female","Rural"
7513,22220,11,53,"Hindu","Male","Rural"
7514,22445,0,50,"Muslim","Male","Rural"
7515,10409,10,57,"Sikh","Male","Rural"
7516,14478,5,34,"Muslim","Male","Rural"
7517,4792,1,37,"Hindu","Male","Rural"
7518,67115,8,38,"Hindu","Male","Urban"
7519,5834,6,28,"Hindu","Female","Rural"
7520,62775,7,65,"Muslim","Male","Rural"
7521,25570,12,38,"Hindu","Female","Rural"
7522,13786,0,38,"Hindu","Female","Rural"
7523,9017,3,49,"Hindu","Male","Rural"
7524,9640,0,32,"Hindu","Male","Rural"
7525,45066,14,54,"Hindu","Female","Rural"
7526,26351,6,61,"Hindu","Male","Urban"
7527,226253,8,62,"Hindu","Male","Urban"
7528,223831,0,44,"Hindu","Male","Rural"
7529,3321,7,29,"Muslim","Female","Rural"
7530,217170,11,51,"Hindu","Male","Urban"
7531,9150,5,30,"Muslim","Male","Urban"
7532,6542,7,25,"Hindu","Female","Rural"
7533,20517,9,21,"Hindu","Male","Urban"
7534,56666,0,43,"Hindu","Male","Urban"
7535,18341,0,47,"Hindu","Male","Rural"
7536,28472,7,40,"Muslim","Male","Rural"
7537,127536,5,30,"Hindu","Male","Rural"
7538,85925,13,53,"Hindu","Female","Rural"
7539,11079,0,48,"Buddhist","Female","Rural"
7540,6250,0,27,"Hindu","Male","Rural"
7541,23665,15,41,"Hindu","Male","Rural"
7542,134664,12,53,"Buddhist","Male","Urban"
7543,3325,0,20,"Hindu","Female","Rural"
7544,3310,0,19,"Hindu","Female","Rural"
7545,108313,13,51,"Hindu","Male","Rural"
7546,543645,6,33,"Sikh","Male","Rural"
7547,26763,8,48,"Hindu","Male","Rural"
7548,25521,3,39,"Muslim","Female","Rural"
7549,14214,8,24,"Hindu","Male","Rural"
7550,14419,10,43,"Hindu","Male","Rural"
7551,22202,0,31,"Hindu","Male","Rural"
7552,9039,2,22,"Hindu","Male","Rural"
7553,111111,6,39,"Hindu","Male","Rural"
7554,218833,12,40,"Muslim","Male","Rural"
7555,16215,5,34,"Hindu","Female","Rural"
7556,36401,8,46,"Hindu","Male","Rural"
7557,3423,9,27,"Hindu","Female","Urban"
7558,20200,3,39,"Muslim","Female","Rural"
7559,17016,1,42,"Hindu","Male","Rural"
7560,15050,8,33,"Hindu","Male","Rural"
7561,1917,8,33,"Hindu","Female","Rural"
7562,54404,9,40,"Hindu","Male","Rural"
7563,15278,5,22,"Hindu","Male","Rural"
7564,3285,4,38,"Hindu","Male","Rural"
7565,15084,1,42,"Hindu","Male","Urban"
7566,62926,0,40,"Hindu","Male","Rural"
7567,8867,4,29,"Muslim","Male","Rural"
7568,8086,3,48,"Hindu","Male","Rural"
7569,92830,2,22,"Hindu","Male","Rural"
7570,14499,8,38,"Muslim","Male","Rural"
7571,146646,0,42,"Hindu","Male","Urban"
7572,3053,0,19,"Hindu","Male","Rural"
7573,17039,11,35,"Muslim","Female","Rural"
7574,33764,8,26,"Christian","Male","Rural"
7575,84844,6,42,"Hindu","Male","Urban"
7576,222334,6,35,"Hindu","Male","Rural"
7577,36706,12,39,"Hindu","Male","Rural"
7578,10993,6,36,"Hindu","Male","Rural"
7579,13397,7,39,"Hindu","Male","Urban"
7580,4187,1,43,"Hindu","Female","Rural"
7581,14905,9,24,"Muslim","Male","Rural"
7582,170475,6,59,"Muslim","Female","Rural"
7583,52011,8,47,"Hindu","Male","Rural"
7584,68939,5,31,"Hindu","Male","Rural"
7585,4413,0,38,"Hindu","Female","Rural"
7586,2194,0,30,"Hindu","Male","Rural"
7587,140444,13,42,"Hindu","Female","Rural"
7588,47712,4,65,"Hindu","Male","Rural"
7589,9791,15,50,"Buddhist","Male","Rural"
7590,83105,9,43,"Hindu","Male","Urban"
7591,44190,0,56,"Hindu","Male","Rural"
7592,59987,0,53,"Muslim","Male","Urban"
7593,5808,0,24,"Hindu","Female","Urban"
7594,8497,7,27,"Hindu","Female","Rural"
7595,8727,0,34,"Muslim","Male","Rural"
7596,330934,12,53,"Hindu","Male","Urban"
7597,4116,0,52,"Hindu","Male","Rural"
7598,82584,13,35,"Christian","Male","Urban"
7599,22023,3,46,"Hindu","Male","Urban"
7600,11513,4,18,"Hindu","Female","Rural"
7601,900655,3,38,"Hindu","Male","Urban"
7602,16228,2,54,"Hindu","Male","Urban"
7603,36113,7,53,"Muslim","Male","Rural"
7604,23423,0,57,"Hindu","Male","Rural"
7605,9961,4,34,"Hindu","Female","Rural"
7606,22598,0,26,"Hindu","Male","Rural"
7607,47442,10,63,"Muslim","Male","Rural"
7608,11712,15,27,"Hindu","Male","Urban"
7609,13782,9,26,"Hindu","Female","Rural"
7610,35296,7,62,"Hindu","Male","Rural"
7611,20669,1,33,"Hindu","Female","Urban"
7612,90018,3,43,"Muslim","Male","Urban"
7613,12803,0,31,"Hindu","Male","Rural"
7614,66867,12,36,"Hindu","Male","Rural"
7615,33534,4,34,"Hindu","Male","Rural"
7616,1856,0,28,"Hindu","Male","Rural"
7617,13128,6,56,"Hindu","Female","Rural"
7618,52084,6,65,"Hindu","Male","Rural"
7619,23324,0,37,"Hindu","Male","Rural"
7620,8660,2,45,"Hindu","Male","Rural"
7621,5412,0,43,"Hindu","Male","Rural"
7622,219100,13,36,"Hindu","Male","Urban"
7623,27824,13,38,"Hindu","Male","Rural"
7624,19997,15,24,"Hindu","Male","Rural"
7625,1426,0,33,"Hindu","Female","Rural"
7626,25890,0,36,"Hindu","Male","Rural"
7627,18169,1,47,"Hindu","Male","Rural"
7628,193412,4,40,"Hindu","Male","Rural"
7629,23686,0,52,"Hindu","Male","Rural"
7630,89017,7,22,"Hindu","Male","Rural"
7631,86364,10,50,"Hindu","Female","Urban"
7632,111539,9,32,"Muslim","Male","Rural"
7633,57639,11,45,"Muslim","Male","Urban"
7634,2173,0,18,"Hindu","Male","Rural"
7635,15354,1,53,"Hindu","Male","Urban"
7636,188872,3,51,"Hindu","Male","Rural"
7637,19788,0,39,"Hindu","Male","Rural"
7638,33843,0,43,"Hindu","Male","Rural"
7639,3828,0,42,"Hindu","Male","Rural"
7640,29638,0,18,"Hindu","Male","Urban"
7641,47268,5,48,"Hindu","Male","Rural"
7642,24627,10,52,"Hindu","Male","Rural"
7643,43059,2,36,"Muslim","Male","Rural"
7644,13853,7,39,"Hindu","Female","Rural"
7645,733885,15,41,"Hindu","Male","Urban"
7646,222307,12,36,"Hindu","Male","Urban"
7647,8408,5,24,"Hindu","Male","Rural"
7648,3213,5,33,"Hindu","Male","Urban"
7649,49854,0,22,"Hindu","Male","Rural"
7650,2926,0,30,"Hindu","Male","Rural"
7651,10245,1,31,"Hindu","Male","Rural"
7652,55064,5,53,"Hindu","Male","Urban"
7653,22785,10,18,"Hindu","Male","Urban"
7654,6167,8,50,"Buddhist","Male","Rural"
7655,106723,8,52,"Sikh","Male","Rural"
7656,313575,6,48,"Hindu","Male","Urban"
7657,18314,0,18,"Hindu","Male","Rural"
7658,8000,0,27,"Muslim","Female","Rural"
7659,58802,0,31,"Hindu","Male","Rural"
7660,25544,10,49,"Muslim","Male","Urban"
7661,22291,15,39,"Hindu","Male","Rural"
7662,364249,5,27,"Hindu","Male","Rural"
7663,83898,9,60,"Hindu","Male","Urban"
7664,2753,0,23,"Hindu","Female","Rural"
7665,127633,13,43,"Hindu","Male","Urban"
7666,5212,12,24,"Hindu","Female","Rural"
7667,189027,9,42,"Hindu","Male","Urban"
7668,33112,4,18,"Hindu","Male","Rural"
7669,36891,5,46,"Hindu","Female","Rural"
7670,15180,12,30,"Hindu","Female","Urban"
7671,261616,15,50,"Sikh","Male","Rural"
7672,15470,9,38,"Hindu","Male","Rural"
7673,6711,2,40,"Hindu","Male","Rural"
7674,18010,3,35,"Hindu","Male","Rural"
7675,41172,6,23,"Hindu","Male","Rural"
7676,68488,9,22,"Hindu","Male","Rural"
7677,32213,5,30,"Hindu","Female","Rural"
7678,12781,14,43,"Hindu","Female","Rural"
7679,6884,4,37,"Hindu","Female","Rural"
7680,49563,3,37,"Muslim","Male","Rural"
7681,31900,7,38,"Muslim","Female","Urban"
7682,16654,8,33,"Muslim","Male","Rural"
7683,14248,9,18,"Muslim","Female","Rural"
7684,3816,0,47,"Hindu","Female","Rural"
7685,207462,6,45,"Hindu","Male","Rural"
7686,4590,7,43,"Hindu","Female","Rural"
7687,18041,5,27,"Hindu","Male","Urban"
7688,24631,0,44,"Hindu","Male","Rural"
7689,2181,3,18,"Hindu","Male","Rural"
7690,77354,12,28,"Christian","Male","Rural"
7691,20656,5,35,"Hindu","Female","Rural"
7692,233326,7,38,"Hindu","Male","Urban"
7693,2663,4,24,"Hindu","Male","Rural"
7694,1604,0,61,"Hindu","Male","Rural"
7695,22152,13,44,"Christian","Male","Rural"
7696,13391,2,36,"Hindu","Male","Rural"
7697,23396,2,25,"Hindu","Female","Urban"
7698,177969,9,45,"Hindu","Male","Rural"
7699,48865,12,37,"Muslim","Female","Rural"
7700,17104,12,18,"Hindu","Female","Urban"
7701,15686,7,46,"Hindu","Male","Urban"
7702,5565,0,34,"Hindu","Female","Rural"
7703,72067,8,33,"Hindu","Male","Urban"
7704,45328,9,27,"Hindu","Male","Rural"
7705,217297,9,42,"Hindu","Male","Rural"
7706,21892,6,28,"Hindu","Female","Rural"
7707,5724,0,46,"Hindu","Male","Rural"
7708,22076,0,28,"Hindu","Male","Rural"
7709,593499,15,43,"Hindu","Male","Urban"
7710,101846,2,26,"Hindu","Male","Rural"
7711,188618,13,56,"Hindu","Male","Urban"
7712,41319,11,50,"Hindu","Male","Rural"
7713,2050,0,40,"Hindu","Male","Rural"
7714,15269,0,43,"Hindu","Male","Rural"
7715,19589,2,51,"Hindu","Male","Rural"
7716,43062,15,43,"Hindu","Male","Rural"
7717,7399,2,54,"Hindu","Female","Rural"
7718,15740,13,47,"Hindu","Female","Urban"
7719,14263,0,34,"Hindu","Male","Rural"
7720,7554,5,47,"Hindu","Male","Rural"
7721,19185,12,45,"Hindu","Female","Rural"
7722,59918,0,53,"Hindu","Male","Urban"
7723,38031,6,30,"Hindu","Male","Rural"
7724,173738,10,63,"Muslim","Male","Urban"
7725,3430,0,51,"Hindu","Female","Rural"
7726,43687,3,27,"Hindu","Male","Rural"
7727,6490,0,48,"Hindu","Female","Rural"
7728,43547,13,48,"Hindu","Female","Rural"
7729,11263,0,48,"Hindu","Male","Rural"
7730,15765,7,65,"Muslim","Female","Rural"
7731,23894,12,33,"Hindu","Female","Rural"
7732,58880,15,22,"Hindu","Male","Rural"
7733,12091,4,42,"Hindu","Female","Rural"
7734,42199,4,46,"Hindu","Female","Rural"
7735,19198,4,24,"Hindu","Female","Rural"
7736,1048548,15,37,"Hindu","Male","Urban"
7737,206705,11,36,"Muslim","Male","Urban"
7738,11762,3,35,"Hindu","Male","Urban"
7739,5743,5,25,"Hindu","Female","Rural"
7740,6860,0,53,"Hindu","Male","Rural"
7741,60147,4,30,"Hindu","Male","Urban"
7742,14073,4,36,"Hindu","Male","Rural"
7743,14253,11,43,"Sikh","Male","Rural"
7744,43552,2,41,"Christian","Female","Rural"
7745,72365,3,52,"Hindu","Male","Rural"
7746,9186,5,65,"Hindu","Male","Rural"
7747,2033,0,40,"Hindu","Male","Rural"
7748,11021,1,27,"Hindu","Female","Rural"
7749,14541,0,31,"Hindu","Female","Urban"
7750,89322,11,46,"Hindu","Male","Urban"
7751,75601,4,30,"Hindu","Female","Rural"
7752,10175,6,32,"Hindu","Female","Rural"
7753,14934,13,18,"Hindu","Female","Rural"
7754,5168,2,44,"Hindu","Female","Rural"
7755,35224,4,37,"Muslim","Female","Rural"
7756,9751,3,24,"Hindu","Male","Rural"
7757,2310,10,49,"Hindu","Male","Rural"
7758,517268,11,44,"Hindu","Male","Urban"
7759,3436,6,27,"Hindu","Male","Rural"
7760,50346,13,29,"Hindu","Male","Rural"
7761,61053,15,43,"Hindu","Male","Urban"
7762,40214,15,23,"Hindu","Male","Rural"
7763,25627,8,34,"Hindu","Male","Urban"
7764,7847,0,45,"Hindu","Female","Rural"
7765,32912,1,43,"Hindu","Male","Rural"
7766,17200,3,33,"Hindu","Male","Rural"
7767,71312,9,40,"Hindu","Male","Rural"
7768,2771,0,47,"Muslim","Female","Rural"
7769,4135,0,50,"Hindu","Male","Rural"
7770,185961,15,18,"Hindu","Male","Urban"
7771,8016,12,18,"Muslim","Female","Urban"
7772,35898,3,43,"Hindu","Male","Rural"
7773,24075,2,39,"Hindu","Male","Rural"
7774,118358,13,40,"Hindu","Male","Urban"
7775,231584,0,39,"Hindu","Male","Urban"
7776,2012,0,47,"Hindu","Female","Rural"
7777,9386,4,34,"Hindu","Female","Rural"
7778,4131,0,51,"Tribal","Female","Rural"
7779,87985,0,35,"Hindu","Male","Rural"
7780,81128,4,36,"Hindu","Male","Rural"
7781,58659,3,29,"Hindu","Male","Urban"
7782,23259,12,47,"Hindu","Male","Rural"
7783,268159,7,18,"Hindu","Male","Urban"
7784,27809,4,36,"Hindu","Male","Rural"
7785,6069,0,21,"Hindu","Female","Rural"
7786,75531,12,30,"Hindu","Female","Urban"
7787,8941,8,58,"Hindu","Female","Rural"
7788,217376,8,50,"Hindu","Male","Rural"
7789,115593,2,37,"Hindu","Male","Urban"
7790,141887,15,62,"Hindu","Female","Urban"
7791,8417,1,18,"Hindu","Male","Urban"
7792,3123,0,25,"Sikh","Female","Rural"
7793,34901,14,18,"Hindu","Male","Rural"
7794,25233,3,33,"Hindu","Male","Rural"
7795,16280,6,37,"Hindu","Female","Rural"
7796,4789,0,45,"Hindu","Male","Rural"
7797,93993,0,32,"Hindu","Male","Rural"
7798,202798,5,48,"Hindu","Male","Urban"
7799,74465,15,49,"Hindu","Male","Urban"
7800,161454,11,32,"Hindu","Female","Urban"
7801,44425,13,37,"Hindu","Male","Rural"
7802,9678,7,47,"Hindu","Female","Rural"
7803,24486,15,36,"Hindu","Male","Rural"
7804,27475,5,31,"Hindu","Male","Rural"
7805,106151,2,41,"Hindu","Male","Rural"
7806,80438,2,33,"Hindu","Male","Urban"
7807,2157,0,47,"Hindu","Female","Rural"
7808,23579,5,51,"Hindu","Male","Urban"
7809,9278,10,58,"Hindu","Male","Rural"
7810,9991,8,36,"Hindu","Male","Rural"
7811,24078,11,63,"Christian","Female","Rural"
7812,9970,15,18,"Hindu","Female","Rural"
7813,81063,15,40,"Hindu","Male","Rural"
7814,6000,4,30,"Hindu","Female","Rural"
7815,35599,3,54,"Muslim","Male","Rural"
7816,49508,3,31,"Hindu","Male","Rural"
7817,56878,14,40,"Hindu","Male","Urban"
7818,101697,15,37,"Hindu","Male","Urban"
7819,58711,5,32,"Hindu","Male","Rural"
7820,107191,13,41,"Hindu","Male","Urban"
7821,39018,3,38,"Hindu","Male","Rural"
7822,180087,6,34,"Hindu","Male","Urban"
7823,112253,6,29,"Hindu","Male","Rural"
7824,6087,7,26,"Hindu","Female","Rural"
7825,15709,15,31,"Hindu","Male","Urban"
7826,12466,0,57,"Hindu","Male","Rural"
7827,17851,14,19,"Hindu","Male","Rural"
7828,3543,0,27,"Hindu","Male","Rural"
7829,179784,0,61,"Hindu","Male","Urban"
7830,20479,3,35,"Hindu","Male","Rural"
7831,33814,1,53,"Hindu","Male","Rural"
7832,122237,9,48,"Hindu","Male","Rural"
7833,20121,3,33,"Hindu","Female","Rural"
7834,5319,7,28,"Hindu","Male","Urban"
7835,170655,10,39,"Hindu","Male","Urban"
7836,17378,10,31,"Hindu","Male","Rural"
7837,34054,9,36,"Hindu","Male","Rural"
7838,29819,6,42,"Hindu","Male","Rural"
7839,6047,3,40,"Hindu","Female","Rural"
7840,2188,0,39,"Hindu","Female","Rural"
7841,13090,13,35,"Hindu","Female","Urban"
7842,48565,15,46,"Hindu","Male","Urban"
7843,3887,9,41,"Hindu","Female","Rural"
7844,138966,0,53,"Hindu","Female","Rural"
7845,14675,5,34,"Muslim","Female","Rural"
7846,1898,0,19,"Hindu","Female","Rural"
7847,25128,15,33,"Hindu","Female","Rural"
7848,43667,11,64,"Muslim","Female","Urban"
7849,30963,4,44,"Hindu","Male","Rural"
7850,284286,3,39,"Hindu","Male","Rural"
7851,8224,4,48,"Hindu","Female","Rural"
7852,146769,1,23,"Hindu","Male","Urban"
7853,30641,6,60,"Hindu","Male","Rural"
7854,8971,0,24,"Hindu","Male","Rural"
7855,60169,6,45,"Hindu","Male","Rural"
7856,4799,0,33,"Hindu","Male","Rural"
7857,8782,4,42,"Hindu","Male","Rural"
7858,32207,7,31,"Hindu","Male","Urban"
7859,74789,1,32,"Hindu","Male","Urban"
7860,6475,2,36,"Hindu","Male","Urban"
7861,9776,15,21,"Hindu","Female","Rural"
7862,9858,0,37,"Hindu","Male","Rural"
7863,21086,0,61,"Hindu","Male","Urban"
7864,48948,3,42,"Hindu","Male","Rural"
7865,12549,2,57,"Hindu","Male","Rural"
7866,267892,15,24,"Hindu","Male","Urban"
7867,26261,11,30,"Hindu","Female","Rural"
7868,94522,15,25,"Hindu","Female","Urban"
7869,50878,10,56,"Hindu","Male","Urban"
7870,41521,11,32,"Hindu","Male","Rural"
7871,10231,6,43,"Hindu","Male","Rural"
7872,314525,9,47,"Hindu","Male","Urban"
7873,6657,0,42,"Hindu","Female","Rural"
7874,27442,0,33,"Hindu","Female","Rural"
7875,123569,1,32,"Hindu","Male","Rural"
7876,26334,4,44,"Hindu","Male","Rural"
7877,4590,0,46,"Hindu","Female","Rural"
7878,13423,15,34,"Hindu","Male","Urban"
7879,10003,4,40,"Hindu","Male","Rural"
7880,13533,4,43,"Muslim","Female","Urban"
7881,66163,15,29,"Hindu","Male","Rural"
7882,12528,15,54,"Hindu","Male","Urban"
7883,30681,9,46,"Hindu","Male","Rural"
7884,34581,5,32,"Christian","Male","Urban"
7885,27510,0,31,"Hindu","Male","Urban"
7886,3934,0,34,"Hindu","Male","Rural"
7887,29174,13,31,"Hindu","Male","Urban"
7888,2207,4,22,"Hindu","Female","Rural"
7889,12638,6,39,"Hindu","Male","Rural"
7890,10019,1,42,"Hindu","Female","Rural"
7891,44075,0,32,"Hindu","Male","Rural"
7892,37843,11,34,"Hindu","Male","Rural"
7893,41699,13,59,"Hindu","Male","Rural"
7894,4258,0,27,"Hindu","Female","Rural"
7895,28970,7,18,"Hindu","Male","Urban"
7896,18182,0,35,"Hindu","Male","Rural"
7897,5245,0,26,"Hindu","Female","Rural"
7898,159090,8,38,"Hindu","Male","Urban"
7899,24310,4,50,"Tribal","Male","Rural"
7900,17338,4,21,"Hindu","Male","Urban"
7901,17980,0,42,"Hindu","Female","Rural"
7902,21048,1,63,"Hindu","Female","Rural"
7903,46682,13,35,"Hindu","Male","Rural"
7904,12134,12,54,"Hindu","Female","Rural"
7905,12201,7,22,"Hindu","Male","Rural"
7906,28976,7,19,"Hindu","Male","Rural"
7907,16198,0,44,"Hindu","Male","Urban"
7908,14087,9,34,"Hindu","Male","Rural"
7909,86163,8,30,"Hindu","Male","Urban"
7910,135651,8,31,"Hindu","Female","Urban"
7911,59565,6,24,"Hindu","Male","Rural"
7912,27379,1,32,"Hindu","Male","Urban"
7913,46185,0,28,"Hindu","Male","Rural"
7914,23328,4,35,"Hindu","Male","Rural"
7915,11766,5,51,"Hindu","Male","Rural"
7916,15767,7,53,"Hindu","Male","Rural"
7917,9836,5,42,"Hindu","Male","Urban"
7918,36386,0,24,"Hindu","Male","Rural"
7919,4245,15,18,"Hindu","Male","Urban"
7920,42512,15,31,"Muslim","Male","Rural"
7921,670,6,24,"Hindu","Female","Rural"
7922,156424,15,51,"Hindu","Male","Urban"
7923,46060,6,27,"Christian","Male","Rural"
7924,186458,15,43,"Hindu","Male","Urban"
7925,6115,0,58,"Muslim","Female","Rural"
7926,32578,12,20,"Hindu","Male","Urban"
7927,118729,15,39,"Muslim","Male","Rural"
7928,7977,0,61,"Hindu","Female","Rural"
7929,27748,0,27,"Hindu","Male","Rural"
7930,6480,0,28,"Hindu","Male","Rural"
7931,112291,4,37,"Hindu","Male","Rural"
7932,10860,15,65,"Hindu","Female","Rural"
7933,6479,7,36,"Hindu","Female","Rural"
7934,44424,12,52,"Hindu","Female","Rural"
7935,420613,3,18,"Hindu","Male","Urban"
7936,89154,7,39,"Hindu","Male","Rural"
7937,50246,14,49,"Hindu","Male","Urban"
7938,289926,2,33,"Muslim","Male","Urban"
7939,18558,1,48,"Hindu","Male","Rural"
7940,148097,12,34,"Hindu","Male","Urban"
7941,50243,0,37,"Muslim","Male","Rural"
7942,13414,0,48,"Hindu","Male","Rural"
7943,23846,0,45,"Hindu","Male","Urban"
7944,21886,7,33,"Hindu","Male","Urban"
7945,21190,0,48,"Hindu","Male","Rural"
7946,37585,4,18,"Hindu","Male","Urban"
7947,4191,9,19,"Hindu","Female","Rural"
7948,10794,2,24,"Muslim","Male","Rural"
7949,4919,11,38,"Hindu","Female","Rural"
7950,50045,0,30,"Hindu","Male","Rural"
7951,9685,0,53,"Hindu","Male","Rural"
7952,16134,9,53,"Hindu","Male","Rural"
7953,19946,3,32,"Hindu","Male","Rural"
7954,63398,2,48,"Muslim","Male","Rural"
7955,46410,7,55,"Hindu","Female","Rural"
7956,1010,2,18,"Hindu","Female","Rural"
7957,7603,12,41,"Hindu","Female","Rural"
7958,42282,7,51,"Hindu","Female","Rural"
7959,14343,0,42,"Hindu","Male","Rural"
7960,26052,5,36,"Hindu","Male","Urban"
7961,1190,0,45,"Hindu","Female","Rural"
7962,622792,8,61,"Muslim","Male","Urban"
7963,9912,10,36,"Hindu","Male","Rural"
7964,42156,4,37,"Hindu","Male","Rural"
7965,32396,13,53,"Muslim","Female","Rural"
7966,60063,0,30,"Hindu","Male","Rural"
7967,45104,0,44,"Hindu","Male","Rural"
7968,18225,8,60,"Hindu","Female","Rural"
7969,104097,5,31,"Hindu","Male","Urban"
7970,11606,8,42,"Hindu","Male","Urban"
7971,34691,0,38,"Muslim","Male","Urban"
7972,294598,11,28,"Hindu","Male","Rural"
7973,21292,7,18,"Hindu","Male","Rural"
7974,44144,1,31,"Christian","Male","Rural"
7975,30410,4,28,"Muslim","Male","Rural"
7976,49894,10,31,"Hindu","Male","Rural"
7977,5765,0,25,"Hindu","Female","Rural"
7978,2670,12,42,"Hindu","Female","Rural"
7979,40960,0,52,"Hindu","Male","Rural"
7980,6868,7,47,"Hindu","Female","Rural"
7981,77405,4,32,"Hindu","Male","Urban"
7982,7430,12,42,"Muslim","Female","Rural"
7983,6695,0,39,"Muslim","Male","Rural"
7984,54160,14,34,"Hindu","Female","Rural"
7985,21243,5,25,"Hindu","Male","Rural"
7986,14146,0,45,"Muslim","Female","Rural"
7987,494257,12,38,"Christian","Male","Urban"
7988,62801,7,56,"Hindu","Male","Rural"
7989,50284,2,54,"Hindu","Female","Urban"
7990,40729,9,46,"Hindu","Male","Rural"
7991,6890,0,32,"Hindu","Male","Rural"
7992,15252,1,58,"Sikh","Female","Rural"
7993,82307,9,42,"Sikh","Female","Rural"
7994,65342,7,44,"Hindu","Male","Urban"
7995,90671,10,58,"Hindu","Male","Urban"
7996,22020,2,42,"Hindu","Male","Rural"
7997,51907,6,37,"Hindu","Male","Urban"
7998,3926,13,19,"Hindu","Male","Rural"
7999,20358,14,35,"Hindu","Female","Urban"
8000,120205,15,39,"Hindu","Male","Rural"
8001,17904,0,39,"Hindu","Female","Rural"
8002,23977,0,22,"Hindu","Male","Rural"
8003,12853,12,44,"Hindu","Female","Rural"
8004,9497,0,18,"Hindu","Male","Urban"
8005,125854,0,38,"Hindu","Male","Rural"
8006,9062,12,41,"Hindu","Male","Rural"
8007,13481,0,44,"Hindu","Male","Rural"
8008,5978,0,49,"Hindu","Female","Rural"
8009,32936,0,40,"Hindu","Female","Rural"
8010,9543,7,30,"Hindu","Female","Rural"
8011,39800,13,38,"Hindu","Female","Rural"
8012,110091,4,44,"Hindu","Female","Rural"
8013,33040,8,38,"Hindu","Male","Rural"
8014,400,2,47,"Hindu","Female","Rural"
8015,6277,10,38,"Muslim","Male","Urban"
8016,23391,8,33,"Hindu","Male","Rural"
8017,114519,8,60,"Hindu","Male","Urban"
8018,42558,1,45,"Muslim","Male","Rural"
8019,11210,0,54,"Sikh","Female","Rural"
8020,3032,12,32,"Hindu","Male","Rural"
8021,19834,8,33,"Sikh","Female","Rural"
8022,1179,3,52,"Hindu","Female","Rural"
8023,18321,0,54,"Hindu","Male","Rural"
8024,14806,0,36,"Hindu","Male","Rural"
8025,13918,5,22,"Muslim","Male","Rural"
8026,2421,0,43,"Hindu","Male","Rural"
8027,6430,0,34,"Hindu","Male","Rural"
8028,11747,1,43,"Hindu","Male","Rural"
8029,91022,15,30,"Hindu","Female","Rural"
8030,115625,12,27,"Hindu","Male","Urban"
8031,23827,0,35,"Hindu","Male","Rural"
8032,9594,10,41,"Hindu","Male","Urban"
8033,378398,15,42,"Hindu","Male","Urban"
8034,10672,0,47,"Hindu","Male","Rural"
8035,16168,9,41,"Hindu","Female","Rural"
8036,27360,7,30,"Hindu","Female","Rural"
8037,327956,14,31,"Hindu","Male","Urban"
8038,31169,6,41,"Hindu","Male","Rural"
8039,41263,0,57,"Hindu","Male","Rural"
8040,1279,4,43,"Hindu","Female","Rural"
8041,22037,5,41,"Hindu","Male","Rural"
8042,9804,0,44,"Hindu","Female","Rural"
8043,43728,15,18,"Hindu","Male","Urban"
8044,18733,6,35,"Hindu","Male","Rural"
8045,10661,0,51,"Hindu","Male","Rural"
8046,24567,3,28,"Hindu","Male","Urban"
8047,162418,9,52,"Christian","Male","Urban"
8048,3431,5,23,"Hindu","Female","Urban"
8049,205229,3,43,"Hindu","Male","Urban"
8050,10834,0,32,"Hindu","Female","Rural"
8051,20276,5,50,"Hindu","Male","Rural"
8052,116775,2,26,"Hindu","Male","Urban"
8053,11405,5,38,"Muslim","Female","Rural"
8054,27535,4,48,"Hindu","Male","Rural"
8055,18190,7,22,"Hindu","Male","Rural"
8056,135681,10,22,"Hindu","Male","Rural"
8057,24972,5,22,"Hindu","Male","Rural"
8058,80299,4,58,"Hindu","Female","Rural"
8059,19056,1,53,"Muslim","Male","Urban"
8060,45287,6,54,"Hindu","Male","Rural"
8061,2116,6,28,"Hindu","Male","Rural"
8062,9352,1,46,"Hindu","Male","Rural"
8063,42215,15,33,"Hindu","Female","Rural"
8064,19242,10,43,"Hindu","Male","Rural"
8065,14636,10,23,"Hindu","Male","Rural"
8066,6470,8,53,"Hindu","Male","Rural"
8067,47381,15,29,"Hindu","Female","Urban"
8068,22733,5,36,"Hindu","Female","Rural"
8069,53676,14,65,"Muslim","Male","Rural"
8070,140687,3,54,"Buddhist","Male","Urban"
8071,8364,4,43,"Muslim","Female","Rural"
8072,141226,3,36,"Hindu","Male","Rural"
8073,82792,15,29,"Hindu","Male","Rural"
8074,29321,3,37,"Hindu","Male","Rural"
8075,8359,4,48,"Hindu","Male","Rural"
8076,317048,15,26,"Hindu","Male","Urban"
8077,132734,5,18,"Christian","Male","Rural"
8078,51844,0,34,"Hindu","Male","Urban"
8079,80509,9,38,"Hindu","Male","Rural"
8080,722,7,31,"Hindu","Female","Rural"
8081,2473,0,22,"Hindu","Female","Rural"
8082,18108,0,40,"Hindu","Male","Rural"
8083,38831,0,39,"Hindu","Male","Rural"
8084,32513,9,54,"Muslim","Male","Urban"
8085,7876,7,50,"Hindu","Male","Rural"
8086,30066,0,43,"Hindu","Female","Urban"
8087,27989,5,65,"Hindu","Male","Rural"
8088,497930,15,29,"Hindu","Male","Urban"
8089,7076,0,26,"Hindu","Female","Rural"
8090,23941,0,40,"Hindu","Female","Rural"
8091,15701,0,48,"Muslim","Male","Rural"
8092,102157,11,18,"Hindu","Female","Urban"
8093,41265,3,50,"Hindu","Male","Urban"
8094,3208,1,38,"Hindu","Male","Rural"
8095,119693,8,33,"Hindu","Male","Rural"
8096,9498,0,26,"Hindu","Male","Rural"
8097,45253,4,35,"Christian","Female","Rural"
8098,127234,6,46,"Hindu","Female","Rural"
8099,30918,3,34,"Hindu","Male","Urban"
8100,55395,8,26,"Hindu","Male","Rural"
8101,11789,8,39,"Hindu","Male","Urban"
8102,80733,0,46,"Hindu","Male","Rural"
8103,30103,15,45,"Hindu","Female","Rural"
8104,141055,7,18,"Hindu","Male","Urban"
8105,34749,1,40,"Hindu","Male","Rural"
8106,66395,15,18,"Hindu","Male","Rural"
8107,36882,4,50,"Hindu","Male","Urban"
8108,2481,14,29,"Hindu","Female","Rural"
8109,12398,0,28,"Hindu","Male","Rural"
8110,21375,0,44,"Hindu","Male","Rural"
8111,10269,5,41,"Hindu","Female","Rural"
8112,6459,12,33,"Hindu","Male","Rural"
8113,583,7,40,"Hindu","Female","Rural"
8114,27373,8,47,"Hindu","Male","Rural"
8115,34711,8,51,"Muslim","Male","Rural"
8116,102157,2,32,"Hindu","Male","Urban"
8117,31493,5,50,"Hindu","Male","Urban"
8118,11864,11,20,"Hindu","Female","Rural"
8119,115087,15,23,"Buddhist","Male","Rural"
8120,10757,0,18,"Hindu","Male","Rural"
8121,3106,4,27,"Hindu","Female","Rural"
8122,11299,0,42,"Hindu","Female","Rural"
8123,11618,0,23,"Muslim","Female","Rural"
8124,115579,0,41,"Hindu","Male","Rural"
8125,9269,0,28,"Hindu","Male","Rural"
8126,60883,11,18,"Hindu","Male","Rural"
8127,11782,0,32,"Hindu","Female","Rural"
8128,4732,5,44,"Hindu","Male","Rural"
8129,27324,5,35,"Hindu","Male","Rural"
8130,18766,0,18,"Hindu","Male","Urban"
8131,19979,3,34,"Muslim","Female","Urban"
8132,7869,4,20,"Hindu","Female","Rural"
8133,3721,0,19,"Hindu","Male","Rural"
8134,21070,2,38,"Hindu","Female","Rural"
8135,84726,14,61,"Muslim","Male","Rural"
8136,11186,10,35,"Hindu","Male","Rural"
8137,1144,1,27,"Hindu","Female","Rural"
8138,33034,13,24,"Hindu","Male","Urban"
8139,212926,15,34,"Hindu","Female","Urban"
8140,30370,2,18,"Hindu","Male","Rural"
8141,29605,15,40,"Hindu","Male","Rural"
8142,12787,10,62,"Muslim","Male","Rural"
8143,30911,0,54,"Hindu","Male","Urban"
8144,29453,5,51,"Hindu","Male","Rural"
8145,13474,3,30,"Hindu","Female","Rural"
8146,4792,14,26,"Hindu","Male","Rural"
8147,183292,15,50,"Hindu","Male","Urban"
8148,57984,1,65,"Hindu","Male","Rural"
8149,11686,4,65,"Hindu","Male","Rural"
8150,11836,4,38,"Hindu","Male","Rural"
8151,5347,0,19,"Hindu","Female","Rural"
8152,10972,10,39,"Hindu","Female","Rural"
8153,30722,2,35,"Hindu","Male","Rural"
8154,15258,6,64,"Hindu","Male","Rural"
8155,27798,5,54,"Hindu","Male","Rural"
8156,10625,0,60,"Muslim","Male","Rural"
8157,27889,1,41,"Hindu","Female","Rural"
8158,3268,4,32,"Muslim","Male","Rural"
8159,3669,8,18,"Hindu","Female","Rural"
8160,8590,0,65,"Hindu","Male","Rural"
8161,9583,15,26,"Hindu","Female","Rural"
8162,2916,11,27,"Hindu","Female","Rural"
8163,39547,4,40,"Hindu","Male","Rural"
8164,46283,2,45,"Muslim","Male","Rural"
8165,10046,7,31,"Hindu","Female","Rural"
8166,77650,7,51,"Hindu","Male","Urban"
8167,59652,0,41,"Hindu","Male","Rural"
8168,1084,0,43,"Hindu","Female","Rural"
8169,49778,0,30,"Hindu","Male","Urban"
8170,7033,0,43,"Hindu","Male","Rural"
8171,8736,0,33,"Muslim","Female","Rural"
8172,26351,5,48,"Hindu","Male","Rural"
8173,14778,3,46,"Hindu","Male","Rural"
8174,97694,15,31,"Hindu","Male","Urban"
8175,58824,5,32,"Hindu","Male","Rural"
8176,146401,4,41,"Hindu","Male","Rural"
8177,9244,3,33,"Hindu","Female","Rural"
8178,13342,6,32,"Hindu","Female","Urban"
8179,6281,11,40,"Hindu","Female","Rural"
8180,13640,3,36,"Hindu","Female","Rural"
8181,195750,5,30,"Muslim","Male","Rural"
8182,19760,10,39,"Hindu","Male","Rural"
8183,5089,15,28,"Muslim","Female","Rural"
8184,34626,7,36,"Hindu","Male","Rural"
8185,168547,0,28,"Sikh","Male","Rural"
8186,239567,5,59,"Hindu","Male","Urban"
8187,9140,6,28,"Hindu","Female","Rural"
8188,59976,4,44,"Hindu","Male","Rural"
8189,60964,14,34,"Hindu","Male","Urban"
8190,32424,0,59,"Hindu","Male","Rural"
8191,144036,13,38,"Hindu","Male","Rural"
8192,30191,0,49,"Hindu","Male","Rural"
8193,174290,14,43,"Hindu","Female","Rural"
8194,8914,0,32,"Hindu","Male","Rural"
8195,27029,0,47,"Hindu","Male","Rural"
8196,6014,1,26,"Hindu","Female","Rural"
8197,75841,7,18,"Hindu","Male","Rural"
8198,37592,11,37,"Hindu","Male","Rural"
8199,12542,4,65,"Hindu","Female","Rural"
8200,60947,10,18,"Hindu","Male","Urban"
8201,68643,15,24,"Hindu","Female","Rural"
8202,4854,0,40,"Hindu","Female","Rural"
8203,19642,10,28,"Hindu","Female","Rural"
8204,8763,0,49,"Hindu","Female","Rural"
8205,24706,7,40,"Hindu","Male","Urban"
8206,30685,0,54,"Hindu","Male","Rural"
8207,5306,0,48,"Hindu","Male","Rural"
8208,8345,6,30,"Hindu","Female","Urban"
8209,1412,0,39,"Hindu","Female","Rural"
8210,40713,11,53,"Hindu","Female","Rural"
8211,26983,5,22,"Hindu","Male","Rural"
8212,5490,5,43,"Hindu","Female","Rural"
8213,57274,9,56,"Hindu","Male","Urban"
8214,28931,3,57,"Hindu","Female","Rural"
8215,3163,0,30,"Hindu","Male","Rural"
8216,58694,5,48,"Hindu","Male","Rural"
8217,7206,3,59,"Hindu","Male","Rural"
8218,7638,6,33,"Hindu","Male","Rural"
8219,47207,7,50,"Hindu","Male","Urban"
8220,98321,2,57,"Muslim","Male","Urban"
8221,1785,15,46,"Hindu","Female","Rural"
8222,42283,4,39,"Hindu","Male","Rural"
8223,347363,15,38,"Hindu","Male","Rural"
8224,21247,9,48,"Hindu","Male","Rural"
8225,136197,9,42,"Hindu","Female","Urban"
8226,63798,9,62,"Hindu","Female","Rural"
8227,18754,9,19,"Hindu","Male","Rural"
8228,3073,15,26,"Hindu","Male","Rural"
8229,8781,0,29,"Hindu","Male","Rural"
8230,34250,0,37,"Hindu","Male","Rural"
8231,126916,3,38,"Hindu","Male","Urban"
8232,60815,9,47,"Hindu","Male","Urban"
8233,13575,0,40,"Hindu","Male","Rural"
8234,22455,0,45,"Hindu","Female","Rural"
8235,22692,13,42,"Hindu","Male","Rural"
8236,17322,3,48,"Hindu","Male","Rural"
8237,15056,9,59,"Hindu","Female","Rural"
8238,76903,8,45,"Hindu","Male","Urban"
8239,130874,10,40,"Hindu","Male","Rural"
8240,63057,0,39,"Hindu","Male","Rural"
8241,2720,13,25,"Hindu","Male","Urban"
8242,5050,9,18,"Hindu","Male","Rural"
8243,34081,15,39,"Hindu","Female","Rural"
8244,73874,5,37,"Hindu","Male","Rural"
8245,324227,15,29,"Hindu","Male","Rural"
8246,51012,11,25,"Hindu","Female","Rural"
8247,23056,0,33,"Hindu","Female","Rural"
8248,23373,1,50,"Hindu","Female","Rural"
8249,88897,15,48,"Hindu","Male","Urban"
8250,56364,12,52,"Hindu","Female","Rural"
8251,20611,9,18,"Hindu","Male","Rural"
8252,22554,15,36,"Christian","Male","Rural"
8253,11451,12,38,"Hindu","Male","Rural"
8254,20452,5,18,"Muslim","Male","Urban"
8255,3124,0,39,"Hindu","Male","Rural"
8256,53329,12,35,"Hindu","Male","Rural"
8257,27411,5,47,"Hindu","Male","Rural"
8258,346743,15,52,"Hindu","Male","Urban"
8259,40593,0,41,"Hindu","Male","Urban"
8260,1366,4,43,"Hindu","Female","Rural"
8261,19438,13,40,"Hindu","Female","Urban"
8262,26721,11,37,"Hindu","Female","Rural"
8263,1759,0,37,"Hindu","Male","Rural"
8264,128743,4,37,"Hindu","Male","Rural"
8265,19642,11,18,"Muslim","Female","Rural"
8266,29567,1,37,"Hindu","Male","Rural"
8267,7074,15,38,"Hindu","Female","Rural"
8268,27599,6,29,"Hindu","Male","Rural"
8269,294368,12,36,"Muslim","Male","Urban"
8270,1205,6,36,"Hindu","Female","Rural"
8271,21183,8,35,"Hindu","Male","Rural"
8272,51887,0,48,"Muslim","Female","Rural"
8273,33582,0,42,"Christian","Female","Rural"
8274,150565,14,32,"Hindu","Male","Rural"
8275,243452,0,22,"Hindu","Male","Urban"
8276,19264,4,38,"Hindu","Male","Urban"
8277,13032,11,32,"Hindu","Female","Rural"
8278,10146,6,39,"Hindu","Female","Rural"
8279,176272,15,45,"Hindu","Male","Rural"
8280,5989,0,20,"Hindu","Male","Rural"
8281,9430,7,48,"Muslim","Male","Rural"
8282,83420,1,20,"Hindu","Male","Rural"
8283,6499,5,41,"Hindu","Female","Urban"
8284,93367,10,48,"Hindu","Female","Urban"
8285,3076,1,32,"Hindu","Female","Rural"
8286,26542,0,44,"Hindu","Male","Rural"
8287,153011,15,28,"Hindu","Male","Rural"
8288,7885,5,28,"Hindu","Female","Rural"
8289,11487,0,39,"Hindu","Female","Rural"
8290,22236,7,40,"Hindu","Female","Rural"
8291,29881,8,31,"Muslim","Female","Rural"
8292,685,0,61,"Hindu","Female","Rural"
8293,8059,0,40,"Hindu","Female","Rural"
8294,4965,0,54,"Hindu","Female","Rural"
8295,3905,8,41,"Hindu","Female","Rural"
8296,8374,3,34,"Hindu","Male","Rural"
8297,37497,5,46,"Hindu","Male","Urban"
8298,54936,15,22,"Hindu","Male","Urban"
8299,4906,2,32,"Sikh","Female","Rural"
8300,34852,6,48,"Hindu","Male","Urban"
8301,20105,0,65,"Buddhist","Male","Rural"
8302,3636,0,45,"Hindu","Male","Rural"
8303,248238,15,21,"Hindu","Male","Rural"
8304,11661,15,28,"Hindu","Female","Urban"
8305,12096,0,39,"Hindu","Male","Rural"
8306,9569,0,30,"Hindu","Male","Rural"
8307,180717,15,42,"Hindu","Male","Urban"
8308,15338,9,50,"Hindu","Female","Rural"
8309,6073,8,31,"Hindu","Male","Rural"
8310,2845,0,26,"Hindu","Male","Rural"
8311,8202,0,24,"Muslim","Female","Rural"
8312,21326,6,55,"Hindu","Male","Rural"
8313,4974,15,28,"Hindu","Female","Rural"
8314,81206,0,52,"Muslim","Male","Urban"
8315,2620,0,51,"Hindu","Female","Rural"
8316,70399,6,39,"Hindu","Female","Rural"
8317,7597,0,31,"Hindu","Female","Rural"
8318,5486,0,49,"Hindu","Female","Rural"
8319,3285,6,41,"Hindu","Female","Rural"
8320,9890,2,45,"Hindu","Female","Rural"
8321,8079,3,53,"Hindu","Female","Rural"
8322,108164,0,61,"Hindu","Male","Rural"
8323,19451,0,37,"Hindu","Male","Urban"
8324,71532,8,46,"Christian","Male","Rural"
8325,61300,6,30,"Hindu","Male","Urban"
8326,15404,0,19,"Sikh","Female","Rural"
8327,14797,4,36,"Hindu","Female","Rural"
8328,16024,0,30,"Hindu","Male","Rural"
8329,3708,1,31,"Hindu","Male","Rural"
8330,7212,4,32,"Hindu","Male","Rural"
8331,37608,1,47,"Hindu","Male","Rural"
8332,81438,12,44,"Hindu","Male","Urban"
8333,6841,0,38,"Hindu","Male","Rural"
8334,83653,5,48,"Hindu","Male","Urban"
8335,23677,0,36,"Muslim","Male","Rural"
8336,79388,0,39,"Hindu","Male","Urban"
8337,20506,1,36,"Hindu","Male","Urban"
8338,4982,0,46,"Hindu","Female","Rural"
8339,14446,0,32,"Hindu","Male","Urban"
8340,5116,3,18,"Hindu","Male","Urban"
8341,63726,13,18,"Hindu","Male","Rural"
8342,40112,0,32,"Hindu","Male","Rural"
8343,4425,3,48,"Hindu","Male","Rural"
8344,40648,5,41,"Hindu","Male","Rural"
8345,71779,8,54,"Hindu","Male","Rural"
8346,12519,7,18,"Hindu","Male","Rural"
8347,18497,7,47,"Hindu","Female","Rural"
8348,9701,7,18,"Hindu","Male","Rural"
8349,48994,12,22,"Hindu","Male","Urban"
8350,18793,10,24,"Hindu","Male","Rural"
8351,44976,9,42,"Hindu","Male","Urban"
8352,141174,7,38,"Muslim","Male","Urban"
8353,7701,7,58,"Hindu","Female","Rural"
8354,3521,0,33,"Hindu","Male","Rural"
8355,20503,4,38,"Hindu","Male","Urban"
8356,88314,8,31,"Hindu","Male","Rural"
8357,57466,9,22,"Hindu","Male","Urban"
8358,190852,7,46,"Hindu","Male","Urban"
8359,19113,0,33,"Tribal","Female","Rural"
8360,16051,2,37,"Hindu","Male","Rural"
8361,61152,6,45,"Muslim","Male","Urban"
8362,179082,15,29,"Hindu","Male","Urban"
8363,34346,3,38,"Sikh","Female","Urban"
8364,4332,0,38,"Hindu","Female","Rural"
8365,60064,0,55,"Christian","Male","Rural"
8366,160490,15,34,"Christian","Male","Urban"
8367,4571,0,65,"Hindu","Male","Rural"
8368,9455,0,34,"Hindu","Female","Rural"
8369,8148,5,33,"Hindu","Female","Rural"
8370,9086,10,38,"Hindu","Male","Rural"
8371,100053,5,32,"Hindu","Male","Rural"
8372,1460,0,20,"Hindu","Female","Rural"
8373,142275,15,29,"Muslim","Male","Rural"
8374,173945,9,45,"Hindu","Male","Rural"
8375,9205,0,36,"Hindu","Male","Rural"
8376,191268,11,42,"Muslim","Male","Urban"
8377,59443,6,45,"Hindu","Male","Urban"
8378,78094,9,29,"Hindu","Male","Urban"
8379,4404,10,33,"Hindu","Female","Rural"
8380,26936,9,44,"Hindu","Female","Rural"
8381,26242,9,52,"Hindu","Male","Urban"
8382,60397,0,29,"Hindu","Male","Rural"
8383,19804,0,30,"Hindu","Male","Urban"
8384,35157,0,31,"Hindu","Male","Rural"
8385,11703,0,45,"Hindu","Male","Rural"
8386,4422,0,32,"Muslim","Male","Rural"
8387,14200,0,28,"Hindu","Male","Rural"
8388,12138,8,45,"Hindu","Female","Rural"
8389,10732,8,27,"Sikh","Female","Rural"
8390,27303,0,41,"Hindu","Female","Rural"
8391,32759,10,54,"Hindu","Female","Rural"
8392,6132,0,43,"Hindu","Male","Rural"
8393,2864,0,45,"Hindu","Male","Rural"
8394,9244,1,46,"Sikh","Male","Rural"
8395,7199,1,45,"Muslim","Male","Rural"
8396,128731,13,42,"Muslim","Male","Rural"
8397,85261,5,37,"Hindu","Male","Urban"
8398,52647,2,27,"Hindu","Male","Urban"
8399,56253,14,27,"Hindu","Male","Rural"
8400,102243,7,54,"Hindu","Male","Rural"
8401,64138,11,59,"Hindu","Male","Urban"
8402,8016,3,36,"Hindu","Female","Rural"
8403,140465,1,18,"Muslim","Male","Rural"
8404,54114,15,49,"Christian","Male","Rural"
8405,7079,1,56,"Hindu","Female","Rural"
8406,77310,2,52,"Muslim","Male","Urban"
8407,137411,6,18,"Hindu","Male","Urban"
8408,4667,4,36,"Hindu","Female","Rural"
8409,55071,7,38,"Hindu","Female","Rural"
8410,18297,1,26,"Hindu","Male","Urban"
8411,25591,3,32,"Muslim","Male","Rural"
8412,39236,11,27,"Hindu","Male","Rural"
8413,24742,8,56,"Hindu","Male","Urban"
8414,15247,12,22,"Hindu","Female","Rural"
8415,24272,10,53,"Hindu","Male","Urban"
8416,133702,14,47,"Hindu","Male","Urban"
8417,7110,2,39,"Muslim","Female","Rural"
8418,57628,2,38,"Hindu","Male","Urban"
8419,15530,2,44,"Hindu","Male","Urban"
8420,13560,15,31,"Hindu","Female","Rural"
8421,3100,4,23,"Hindu","Female","Rural"
8422,13409,1,40,"Hindu","Female","Rural"
8423,60362,8,55,"Hindu","Male","Rural"
8424,94124,2,32,"Hindu","Male","Rural"
8425,17682,12,38,"Jain","Male","Rural"
8426,1470,5,59,"Hindu","Female","Rural"
8427,15457,0,39,"Hindu","Female","Rural"
8428,131269,9,40,"Hindu","Male","Urban"
8429,77939,5,28,"Hindu","Male","Rural"
8430,6651,9,46,"Hindu","Female","Urban"
8431,15639,15,27,"Hindu","Female","Rural"
8432,85189,0,37,"Muslim","Male","Rural"
8433,280032,5,58,"Hindu","Male","Urban"
8434,38758,0,41,"Hindu","Male","Urban"
8435,36155,15,35,"Hindu","Male","Rural"
8436,65489,0,44,"Hindu","Male","Rural"
8437,101258,5,42,"Hindu","Female","Urban"
8438,33273,1,19,"Hindu","Male","Urban"
8439,35024,7,37,"Christian","Male","Rural"
8440,15818,10,37,"Hindu","Female","Urban"
8441,40558,11,42,"Hindu","Male","Urban"
8442,131176,11,31,"Hindu","Male","Urban"
8443,4991,0,25,"Hindu","Female","Rural"
8444,329868,14,26,"Hindu","Male","Urban"
8445,29581,10,18,"Hindu","Male","Rural"
8446,152057,12,31,"Hindu","Male","Rural"
8447,64335,0,41,"Hindu","Female","Urban"
8448,63549,15,50,"Muslim","Female","Urban"
8449,17516,15,51,"Hindu","Male","Rural"
8450,134778,8,38,"Hindu","Male","Urban"
8451,31815,6,24,"Hindu","Male","Rural"
8452,23544,10,18,"Hindu","Male","Urban"
8453,4378,0,60,"Hindu","Male","Rural"
8454,44483,0,42,"Muslim","Male","Rural"
8455,10116,3,47,"Hindu","Male","Rural"
8456,8929,4,43,"Hindu","Male","Rural"
8457,6798,2,36,"Hindu","Male","Urban"
8458,142835,15,42,"Hindu","Male","Urban"
8459,35921,0,43,"Muslim","Female","Urban"
8460,4629,7,31,"Hindu","Male","Rural"
8461,53297,11,57,"Muslim","Male","Rural"
8462,33687,3,50,"Hindu","Male","Rural"
8463,31248,0,18,"Hindu","Male","Rural"
8464,10031,0,39,"Hindu","Male","Rural"
8465,2563,0,43,"Hindu","Female","Rural"
8466,17152,0,37,"Christian","Male","Rural"
8467,9298,0,36,"Hindu","Male","Rural"
8468,33328,5,49,"Muslim","Male","Rural"
8469,11803,0,45,"Hindu","Female","Rural"
8470,9530,4,61,"Hindu","Male","Rural"
8471,129471,15,47,"Jain","Male","Rural"
8472,2666,4,18,"Hindu","Female","Rural"
8473,16839,14,35,"Hindu","Female","Urban"
8474,1846997,13,52,"Hindu","Male","Urban"
8475,5134,6,36,"Hindu","Male","Rural"
8476,27804,8,21,"Hindu","Male","Rural"
8477,16106,0,44,"Hindu","Female","Rural"
8478,8732,7,39,"Hindu","Male","Rural"
8479,85637,11,28,"Hindu","Male","Rural"
8480,27503,0,34,"Hindu","Male","Rural"
8481,7958,7,62,"Hindu","Female","Rural"
8482,20979,1,41,"Hindu","Male","Urban"
8483,16958,14,42,"Hindu","Female","Rural"
8484,74586,5,18,"Muslim","Male","Urban"
8485,11053,1,26,"Hindu","Male","Rural"
8486,10074,2,28,"Hindu","Male","Rural"
8487,16267,1,36,"Hindu","Male","Rural"
8488,243443,15,37,"Hindu","Male","Urban"
8489,182171,10,26,"Hindu","Male","Urban"
8490,29136,7,30,"Hindu","Female","Rural"
8491,148267,15,43,"Hindu","Male","Rural"
8492,685406,10,18,"Hindu","Male","Urban"
8493,22864,10,54,"Hindu","Male","Rural"
8494,54575,0,38,"Hindu","Male","Rural"
8495,10304,4,46,"Hindu","Male","Rural"
8496,32492,13,41,"Hindu","Male","Urban"
8497,522717,15,32,"Hindu","Male","Urban"
8498,216708,15,50,"Muslim","Male","Urban"
8499,43633,6,51,"Hindu","Male","Urban"
8500,50523,4,33,"Hindu","Male","Urban"
8501,113519,13,51,"Hindu","Male","Rural"
8502,123260,7,39,"Buddhist","Male","Urban"
8503,4878,0,18,"Hindu","Female","Rural"
8504,119178,1,24,"Hindu","Male","Urban"
8505,9699,2,18,"Hindu","Male","Rural"
8506,34573,2,18,"Hindu","Male","Rural"
8507,9828,0,34,"Hindu","Male","Urban"
8508,24602,0,43,"Hindu","Male","Rural"
8509,74893,9,41,"Hindu","Male","Rural"
8510,7017,15,34,"Hindu","Male","Rural"
8511,16969,2,26,"Hindu","Male","Urban"
8512,7817,13,25,"Hindu","Female","Rural"
8513,143594,6,45,"Hindu","Female","Rural"
8514,90100,1,41,"Hindu","Male","Urban"
8515,518,0,36,"Hindu","Female","Rural"
8516,13994,6,39,"Hindu","Female","Rural"
8517,86205,9,57,"Hindu","Male","Rural"
8518,24358,0,43,"Hindu","Male","Urban"
8519,52488,7,37,"Hindu","Male","Rural"
8520,40441,14,30,"Christian","Male","Rural"
8521,20594,5,30,"Hindu","Female","Rural"
8522,3335,0,24,"Hindu","Male","Rural"
8523,8350,0,37,"Hindu","Male","Urban"
8524,13991,9,45,"Hindu","Female","Rural"
8525,2031,1,60,"Hindu","Female","Rural"
8526,32276,5,47,"Hindu","Male","Rural"
8527,12535,0,41,"Hindu","Male","Rural"
8528,33251,11,40,"Hindu","Male","Urban"
8529,117378,11,35,"Hindu","Male","Rural"
8530,10833,6,50,"Hindu","Male","Urban"
8531,79819,1,34,"Hindu","Male","Rural"
8532,64695,4,18,"Hindu","Male","Rural"
8533,29256,9,41,"Hindu","Male","Rural"
8534,83090,15,39,"Hindu","Male","Rural"
8535,44352,13,49,"Hindu","Male","Rural"
8536,4065,0,42,"Hindu","Female","Rural"
8537,29917,14,36,"Muslim","Female","Rural"
8538,7467,3,41,"Hindu","Male","Urban"
8539,51921,10,32,"Hindu","Female","Urban"
8540,18507,12,48,"Hindu","Male","Rural"
8541,3516,1,18,"Hindu","Male","Rural"
8542,5550,6,21,"Hindu","Female","Rural"
8543,41332,14,18,"Hindu","Male","Urban"
8544,315087,15,49,"Hindu","Male","Rural"
8545,161472,8,41,"Christian","Male","Urban"
8546,16150,1,37,"Hindu","Male","Rural"
8547,58743,11,35,"Hindu","Female","Urban"
8548,66125,12,35,"Hindu","Male","Urban"
8549,20287,0,58,"Hindu","Male","Rural"
8550,67397,3,41,"Hindu","Female","Rural"
8551,15327,0,42,"Hindu","Male","Urban"
8552,2433,0,26,"Hindu","Male","Rural"
8553,13518,4,55,"Hindu","Male","Rural"
8554,19555,2,45,"Hindu","Male","Rural"
8555,16145,2,43,"Hindu","Male","Rural"
8556,9812,0,51,"Hindu","Male","Rural"
8557,8176,9,23,"Hindu","Female","Rural"
8558,95500,0,36,"Hindu","Female","Urban"
8559,15798,0,37,"Hindu","Male","Rural"
8560,21288,7,26,"Muslim","Male","Rural"
8561,52140,9,53,"Christian","Male","Rural"
8562,40210,14,43,"Hindu","Male","Rural"
8563,66726,4,24,"Hindu","Male","Rural"
8564,115622,0,40,"Hindu","Male","Rural"
8565,36039,14,52,"Hindu","Male","Urban"
8566,20201,0,59,"Hindu","Female","Rural"
8567,71612,0,42,"Hindu","Male","Urban"
8568,22694,2,46,"Hindu","Female","Rural"
8569,2100,1,50,"Hindu","Female","Rural"
8570,55834,10,36,"Muslim","Male","Rural"
8571,4261,1,28,"Christian","Male","Rural"
8572,5395,8,26,"Hindu","Male","Rural"
8573,336488,15,48,"Hindu","Male","Rural"
8574,82709,15,25,"Hindu","Male","Rural"
8575,4710,4,34,"Hindu","Male","Rural"
8576,14838,1,45,"Hindu","Male","Rural"
8577,73578,10,38,"Muslim","Male","Urban"
8578,264598,5,35,"Hindu","Female","Rural"
8579,7454,3,18,"Hindu","Male","Rural"
8580,62327,7,33,"Hindu","Male","Urban"
8581,18037,1,38,"Hindu","Male","Rural"
8582,39321,0,54,"Muslim","Male","Rural"
8583,8270,4,24,"Hindu","Female","Urban"
8584,107459,8,46,"Hindu","Male","Rural"
8585,55869,15,25,"Hindu","Male","Urban"
8586,37064,7,18,"Hindu","Female","Rural"
8587,28577,0,48,"Hindu","Male","Rural"
8588,1762,6,52,"Hindu","Female","Rural"
8589,3598,7,37,"Muslim","Female","Rural"
8590,33384,0,31,"Hindu","Male","Rural"
8591,30962,1,56,"Hindu","Male","Rural"
8592,7587,2,32,"Hindu","Male","Rural"
8593,9326,8,49,"Hindu","Female","Rural"
8594,11670,1,46,"Hindu","Male","Rural"
8595,1987,11,31,"Hindu","Female","Rural"
8596,19834,0,35,"Hindu","Male","Rural"
8597,13579,12,34,"Hindu","Female","Rural"
8598,3716,9,50,"Hindu","Female","Urban"
8599,205974,12,65,"Buddhist","Female","Urban"
8600,7143,0,50,"Hindu","Female","Rural"
8601,69473,2,36,"Hindu","Male","Urban"
8602,17467,7,21,"Hindu","Female","Rural"
8603,61909,6,46,"Hindu","Male","Rural"
8604,17628,15,55,"Hindu","Female","Rural"
8605,39299,3,32,"Muslim","Male","Rural"
8606,15748,5,46,"Hindu","Male","Urban"
8607,16769,5,35,"Hindu","Male","Rural"
8608,11185,7,27,"Hindu","Male","Rural"
8609,16487,2,34,"Hindu","Female","Urban"
8610,3828,0,46,"Hindu","Male","Urban"
8611,65115,15,34,"Hindu","Male","Rural"
8612,1835,0,26,"Hindu","Male","Rural"
8613,82752,1,40,"Hindu","Male","Rural"
8614,43242,12,43,"Hindu","Male","Urban"
8615,142463,13,34,"Hindu","Male","Urban"
8616,20269,0,52,"Muslim","Male","Rural"
8617,5938,8,21,"Hindu","Female","Rural"
8618,134650,15,38,"Christian","Male","Urban"
8619,7283,12,36,"Hindu","Male","Rural"
8620,13802,7,36,"Hindu","Male","Rural"
8621,28892,0,30,"Hindu","Male","Rural"
8622,2997,7,30,"Hindu","Male","Rural"
8623,36500,7,26,"Hindu","Male","Rural"
8624,28764,0,42,"Hindu","Female","Rural"
8625,31326,9,41,"Hindu","Male","Rural"
8626,118982,11,34,"Hindu","Male","Urban"
8627,45174,0,29,"Hindu","Male","Urban"
8628,9140,0,43,"Hindu","Male","Rural"
8629,25395,0,52,"Hindu","Male","Rural"
8630,10824,1,49,"Hindu","Male","Rural"
8631,109090,8,41,"Hindu","Male","Urban"
8632,20135,0,30,"Hindu","Male","Rural"
8633,65403,6,38,"Hindu","Male","Rural"
8634,109817,9,38,"Muslim","Male","Urban"
8635,90135,5,44,"Hindu","Male","Rural"
8636,80262,5,45,"Hindu","Male","Urban"
8637,551149,13,36,"Hindu","Male","Urban"
8638,14217,1,24,"Hindu","Female","Rural"
8639,4980,0,52,"Christian","Female","Rural"
8640,38908,2,54,"Hindu","Male","Rural"
8641,5449,0,39,"Hindu","Male","Rural"
8642,7047,7,24,"Hindu","Female","Rural"
8643,84161,9,53,"Hindu","Male","Urban"
8644,6958,13,52,"Hindu","Female","Rural"
8645,7589,0,21,"Hindu","Male","Rural"
8646,3266,3,25,"Hindu","Female","Rural"
8647,20057,9,41,"Hindu","Female","Urban"
8648,30615,2,52,"Hindu","Male","Rural"
8649,9349,7,26,"Hindu","Male","Rural"
8650,121725,14,45,"Muslim","Male","Rural"
8651,113086,2,35,"Hindu","Male","Urban"
8652,149421,11,28,"Hindu","Male","Rural"
8653,127227,3,29,"Hindu","Male","Urban"
8654,34092,0,18,"Hindu","Male","Urban"
8655,20176,0,31,"Hindu","Male","Rural"
8656,45549,15,38,"Hindu","Male","Urban"
8657,14914,0,38,"Hindu","Male","Rural"
8658,21827,6,37,"Christian","Female","Rural"
8659,14458,11,60,"Hindu","Male","Rural"
8660,12767,0,39,"Hindu","Male","Rural"
8661,6336,6,35,"Hindu","Female","Rural"
8662,3466,5,44,"Hindu","Female","Rural"
8663,55749,6,62,"Muslim","Male","Rural"
8664,9816,8,23,"Hindu","Male","Rural"
8665,57877,7,28,"Hindu","Male","Urban"
8666,26322,5,29,"Hindu","Male","Urban"
8667,16135,0,28,"Hindu","Male","Rural"
8668,24488,9,28,"Hindu","Male","Rural"
8669,28881,11,18,"Hindu","Female","Urban"
8670,12420,1,43,"Hindu","Male","Rural"
8671,6020,3,26,"Hindu","Female","Rural"
8672,112786,8,48,"Hindu","Male","Urban"
8673,1145,6,18,"Hindu","Female","Rural"
8674,110542,3,40,"Hindu","Male","Rural"
8675,2137,0,61,"Hindu","Female","Rural"
8676,189973,5,42,"Hindu","Male","Urban"
8677,4238,0,23,"Hindu","Female","Rural"
8678,38353,1,34,"Muslim","Male","Rural"
8679,23100,3,49,"Hindu","Male","Rural"
8680,13341,0,45,"Muslim","Male","Rural"
8681,12516,7,40,"Hindu","Female","Rural"
8682,43537,0,18,"Hindu","Male","Rural"
8683,17099,0,28,"Hindu","Male","Rural"
8684,13815,9,39,"Muslim","Male","Rural"
8685,6818,9,18,"Hindu","Male","Rural"
8686,6479,0,31,"Hindu","Male","Rural"
8687,4310,0,18,"Hindu","Male","Rural"
8688,57891,11,45,"Hindu","Male","Urban"
8689,22824,0,59,"Hindu","Male","Rural"
8690,3238,0,44,"Hindu","Male","Rural"
8691,5515,6,20,"Hindu","Female","Rural"
8692,16259,5,42,"Hindu","Male","Rural"
8693,51657,6,25,"Hindu","Male","Urban"
8694,136353,12,18,"Hindu","Male","Rural"
8695,39436,0,45,"Hindu","Male","Rural"
8696,47541,10,37,"Sikh","Female","Rural"
8697,24583,0,46,"Hindu","Male","Rural"
8698,35435,12,23,"Hindu","Female","Rural"
8699,41557,9,28,"Hindu","Male","Rural"
8700,3614,6,41,"Hindu","Male","Rural"
8701,24197,14,25,"Hindu","Male","Rural"
8702,5564,6,38,"Hindu","Female","Rural"
8703,2562,0,52,"Hindu","Male","Rural"
8704,39714,15,31,"Hindu","Female","Rural"
8705,6675,0,20,"Hindu","Male","Rural"
8706,4152,3,23,"Hindu","Male","Rural"
8707,91312,10,31,"Hindu","Male","Urban"
8708,13494,0,40,"Hindu","Male","Rural"
8709,16061,2,32,"Hindu","Female","Rural"
8710,33051,9,36,"Hindu","Male","Rural"
8711,87183,3,36,"Christian","Male","Rural"
8712,138717,11,55,"Hindu","Male","Urban"
8713,37157,2,18,"Hindu","Male","Rural"
8714,20676,8,41,"Hindu","Male","Rural"
8715,51551,4,29,"Muslim","Male","Urban"
8716,30532,6,18,"Hindu","Female","Urban"
8717,9420,1,30,"Hindu","Male","Rural"
8718,35086,6,52,"Hindu","Male","Rural"
8719,29888,0,45,"Muslim","Male","Rural"
8720,20425,4,38,"Hindu","Male","Rural"
8721,9980,0,32,"Hindu","Male","Rural"
8722,2474,13,38,"Hindu","Female","Rural"
8723,30633,11,35,"Muslim","Female","Rural"
8724,9976,0,65,"Muslim","Female","Rural"
8725,113385,9,47,"Hindu","Male","Urban"
8726,9111,4,49,"Muslim","Male","Rural"
8727,25184,9,44,"Hindu","Male","Rural"
8728,47276,0,65,"Hindu","Female","Rural"
8729,5715,0,49,"Hindu","Male","Rural"
8730,6772,11,29,"Hindu","Male","Rural"
8731,25704,8,29,"Muslim","Male","Rural"
8732,662446,14,26,"Christian","Male","Rural"
8733,10360,0,34,"Muslim","Male","Rural"
8734,3853,4,45,"Hindu","Female","Rural"
8735,79898,3,36,"Hindu","Male","Rural"
8736,43569,9,22,"Hindu","Male","Rural"
8737,7746,0,41,"Hindu","Male","Rural"
8738,2626,0,38,"Hindu","Male","Rural"
8739,11729,7,58,"Hindu","Male","Rural"
8740,45686,15,44,"Hindu","Female","Urban"
8741,2945,0,36,"Hindu","Female","Rural"
8742,3931,0,37,"Hindu","Female","Rural"
8743,8467,0,29,"Hindu","Male","Rural"
8744,365001,9,40,"Hindu","Male","Urban"
8745,42589,12,51,"Hindu","Female","Rural"
8746,19712,1,42,"Hindu","Male","Rural"
8747,108573,3,46,"Hindu","Male","Urban"
8748,9764,0,18,"Hindu","Male","Rural"
8749,8562,0,45,"Hindu","Female","Rural"
8750,69142,1,34,"Hindu","Female","Rural"
8751,9851,3,36,"Hindu","Female","Rural"
8752,16097,9,32,"Hindu","Male","Rural"
8753,18768,10,40,"Hindu","Female","Urban"
8754,45119,11,38,"Hindu","Male","Rural"
8755,11354,2,39,"Hindu","Female","Rural"
8756,12587,0,35,"Muslim","Male","Rural"
8757,132430,12,48,"Hindu","Male","Rural"
8758,179334,4,44,"Hindu","Male","Urban"
8759,199688,10,47,"Hindu","Male","Urban"
8760,395539,15,53,"Hindu","Male","Rural"
8761,25425,0,28,"Hindu","Female","Rural"
8762,53849,0,46,"Hindu","Male","Urban"
8763,443,0,24,"Hindu","Female","Rural"
8764,44866,3,19,"Hindu","Male","Rural"
8765,11519,10,28,"Hindu","Male","Rural"
8766,3979,0,34,"Tribal","Female","Rural"
8767,12696,0,37,"Sikh","Male","Rural"
8768,58382,13,59,"Hindu","Male","Rural"
8769,9430,9,42,"Hindu","Female","Urban"
8770,159029,15,27,"Hindu","Male","Urban"
8771,340217,11,31,"Hindu","Male","Urban"
8772,13371,1,26,"Muslim","Male","Rural"
8773,348886,14,32,"Hindu","Male","Urban"
8774,443,0,27,"Hindu","Female","Rural"
8775,14849,13,41,"Hindu","Male","Rural"
8776,29694,6,32,"Hindu","Male","Rural"
8777,6994,1,34,"Hindu","Female","Rural"
8778,16419,13,22,"Muslim","Male","Rural"
8779,24288,0,59,"Muslim","Male","Rural"
8780,111926,7,38,"Hindu","Male","Rural"
8781,28672,5,30,"Hindu","Male","Urban"
8782,4853,9,48,"Hindu","Female","Rural"
8783,7445,0,42,"Buddhist","Female","Rural"
8784,42664,13,35,"Hindu","Male","Rural"
8785,924625,15,65,"Hindu","Male","Urban"
8786,42079,2,18,"Hindu","Male","Rural"
8787,27203,5,34,"Hindu","Female","Rural"
8788,14567,3,31,"Hindu","Male","Urban"
8789,41380,1,24,"Hindu","Female","Rural"
8790,114148,0,59,"Hindu","Male","Rural"
8791,25020,10,44,"Hindu","Male","Rural"
8792,21170,8,26,"Hindu","Male","Rural"
8793,16737,6,57,"Hindu","Female","Rural"
8794,5536,0,22,"Hindu","Male","Urban"
8795,19638,13,34,"Hindu","Female","Urban"
8796,6337,0,52,"Hindu","Female","Rural"
8797,33981,6,23,"Christian","Male","Rural"
8798,1730,0,42,"Hindu","Female","Rural"
8799,15461,0,18,"Hindu","Male","Rural"
8800,21027,6,35,"Hindu","Female","Rural"
8801,8031,3,36,"Hindu","Female","Rural"
8802,38017,3,32,"Hindu","Male","Rural"
8803,13285,14,31,"Hindu","Male","Urban"
8804,19617,5,37,"Hindu","Male","Rural"
8805,6378,3,18,"Hindu","Female","Rural"
8806,8280,2,38,"Hindu","Female","Rural"
8807,3624,2,25,"Hindu","Female","Rural"
8808,5575,0,48,"Hindu","Female","Rural"
8809,8535,3,42,"Hindu","Female","Rural"
8810,49401,14,51,"Hindu","Female","Urban"
8811,4185,9,50,"Hindu","Male","Rural"
8812,45670,5,32,"Hindu","Male","Rural"
8813,13568,0,37,"Hindu","Male","Rural"
8814,397198,5,39,"Sikh","Female","Urban"
8815,7283,0,55,"Hindu","Male","Rural"
8816,4305,2,40,"Hindu","Male","Urban"
8817,100405,15,49,"Hindu","Male","Rural"
8818,9247,1,44,"Hindu","Male","Rural"
8819,136807,10,48,"Hindu","Male","Rural"
8820,44227,15,45,"Hindu","Male","Rural"
8821,84997,13,43,"Hindu","Male","Urban"
8822,34907,5,38,"Hindu","Male","Rural"
8823,3136,8,43,"Muslim","Male","Rural"
8824,30219,0,44,"Hindu","Male","Rural"
8825,60112,14,35,"Muslim","Female","Urban"
8826,18534,0,53,"Hindu","Female","Rural"
8827,181382,0,44,"Hindu","Male","Urban"
8828,18678,7,34,"Buddhist","Male","Rural"
8829,53924,7,31,"Sikh","Male","Rural"
8830,24111,2,37,"Hindu","Male","Rural"
8831,37620,9,44,"Hindu","Male","Rural"
8832,49911,6,48,"Hindu","Male","Urban"
8833,5527,0,40,"Hindu","Male","Rural"
8834,16813,0,49,"Hindu","Male","Rural"
8835,27605,0,36,"Hindu","Male","Rural"
8836,84570,9,27,"Hindu","Male","Urban"
8837,11461,8,30,"Hindu","Female","Rural"
8838,12042,2,39,"Muslim","Male","Rural"
8839,11947,0,36,"Hindu","Female","Rural"
8840,4151,11,24,"Hindu","Female","Rural"
8841,12417,3,39,"Hindu","Male","Rural"
8842,199116,12,53,"Muslim","Male","Urban"
8843,62787,14,25,"Hindu","Male","Rural"
8844,29847,7,53,"Hindu","Female","Rural"
8845,11123,9,49,"Hindu","Female","Rural"
8846,3650,0,54,"Hindu","Female","Rural"
8847,55550,8,18,"Hindu","Male","Urban"
8848,22473,7,27,"Hindu","Female","Urban"
8849,16788,5,44,"Hindu","Female","Urban"
8850,52632,7,43,"Hindu","Male","Urban"
8851,2948,0,33,"Hindu","Male","Rural"
8852,37002,9,46,"Hindu","Female","Rural"
8853,102764,1,35,"Hindu","Male","Rural"
8854,84886,12,38,"Hindu","Male","Urban"
8855,112826,15,52,"Sikh","Male","Urban"
8856,15989,1,35,"Hindu","Female","Urban"
8857,55424,0,49,"Hindu","Male","Rural"
8858,195920,9,57,"Hindu","Male","Urban"
8859,3298,0,54,"Hindu","Female","Urban"
8860,7627,4,31,"Hindu","Male","Rural"
8861,6624,3,29,"Hindu","Male","Rural"
8862,125330,8,46,"Hindu","Male","Urban"
8863,481463,0,43,"Hindu","Male","Urban"
8864,4028,7,30,"Hindu","Male","Rural"
8865,9082,11,18,"Hindu","Male","Rural"
8866,7369,0,60,"Hindu","Male","Rural"
8867,21034,15,18,"Hindu","Male","Rural"
8868,340439,12,29,"Muslim","Male","Urban"
8869,62438,5,39,"Hindu","Male","Rural"
8870,22032,10,29,"Hindu","Male","Rural"
8871,11649,3,31,"Christian","Female","Rural"
8872,55150,7,43,"Hindu","Male","Rural"
8873,19562,2,27,"Muslim","Male","Rural"
8874,145545,8,49,"Hindu","Male","Urban"
8875,4258,6,35,"Muslim","Male","Urban"
8876,26725,2,37,"Muslim","Male","Rural"
8877,23268,12,38,"Hindu","Male","Rural"
8878,10800,9,54,"Hindu","Male","Urban"
8879,30560,0,37,"Hindu","Male","Rural"
8880,36553,8,46,"Hindu","Female","Rural"
8881,29707,0,38,"Muslim","Male","Rural"
8882,74772,12,48,"Hindu","Male","Rural"
8883,86483,8,48,"Hindu","Male","Urban"
8884,19743,6,34,"Hindu","Male","Urban"
8885,25926,6,28,"Hindu","Male","Rural"
8886,17709,6,19,"Hindu","Female","Rural"
8887,26149,3,30,"Hindu","Male","Rural"
8888,95918,1,48,"Hindu","Male","Urban"
8889,14007,14,26,"Muslim","Male","Rural"
8890,6576,0,48,"Hindu","Male","Rural"
8891,46026,7,31,"Hindu","Male","Rural"
8892,5343,13,27,"Hindu","Male","Rural"
8893,25898,5,33,"Hindu","Male","Urban"
8894,6935,13,35,"Hindu","Female","Rural"
8895,34348,15,36,"Christian","Male","Rural"
8896,116906,15,31,"Hindu","Male","Rural"
8897,20360,1,53,"Hindu","Male","Urban"
8898,22474,11,48,"Hindu","Male","Rural"
8899,204922,5,28,"Hindu","Male","Rural"
8900,73259,7,63,"Hindu","Male","Urban"
8901,627450,9,30,"Christian","Male","Urban"
8902,52856,12,45,"Hindu","Male","Rural"
8903,70347,4,64,"Hindu","Male","Rural"
8904,12664,0,33,"Hindu","Female","Rural"
8905,29454,2,45,"Hindu","Male","Rural"
8906,60562,0,36,"Hindu","Male","Rural"
8907,111534,9,35,"Hindu","Male","Urban"
8908,53677,3,43,"Muslim","Male","Rural"
8909,28154,12,54,"Hindu","Male","Rural"
8910,77676,0,40,"Muslim","Male","Urban"
8911,62398,0,50,"Muslim","Male","Rural"
8912,50701,0,40,"Hindu","Female","Rural"
8913,48303,0,50,"Hindu","Male","Rural"
8914,44914,15,45,"Hindu","Male","Rural"
8915,6824,0,44,"Hindu","Male","Rural"
8916,6400,0,20,"Hindu","Female","Rural"
8917,68806,12,57,"Hindu","Male","Urban"
8918,21140,15,34,"Hindu","Male","Urban"
8919,114407,15,51,"Hindu","Male","Urban"
8920,7447,2,55,"Hindu","Male","Rural"
8921,185272,4,55,"Hindu","Female","Urban"
8922,32356,0,35,"Hindu","Male","Rural"
8923,21495,8,60,"Tribal","Female","Rural"
8924,25477,0,31,"Hindu","Male","Rural"
8925,30507,8,31,"Hindu","Male","Urban"
8926,12456,0,35,"Hindu","Female","Rural"
8927,42239,8,50,"Hindu","Male","Urban"
8928,25896,0,34,"Muslim","Male","Rural"
8929,6404,0,24,"Hindu","Male","Rural"
8930,16574,5,18,"Hindu","Male","Rural"
8931,3161,0,20,"Hindu","Male","Rural"
8932,6309,2,32,"Sikh","Female","Rural"
8933,56703,9,42,"Hindu","Male","Rural"
8934,186638,13,39,"Hindu","Male","Rural"
8935,61685,14,51,"Hindu","Male","Urban"
8936,59974,3,32,"Hindu","Male","Rural"
8937,20475,0,49,"Hindu","Male","Urban"
8938,266177,8,54,"Hindu","Male","Urban"
8939,80719,10,42,"Hindu","Female","Rural"
8940,10951,0,18,"Hindu","Male","Rural"
8941,12916,8,32,"Hindu","Male","Rural"
8942,6413,11,36,"Hindu","Male","Rural"
8943,15691,8,33,"Hindu","Female","Rural"
8944,153368,15,40,"Muslim","Male","Urban"
8945,16094,15,29,"Hindu","Female","Rural"
8946,27945,8,38,"Hindu","Male","Rural"
8947,36175,5,18,"Christian","Male","Rural"
8948,48349,0,39,"Hindu","Female","Rural"
8949,92009,0,48,"Hindu","Male","Rural"
8950,3445,3,28,"Hindu","Male","Rural"
8951,4459,0,38,"Hindu","Male","Rural"
8952,26823,4,53,"Muslim","Female","Rural"
8953,4966,5,34,"Hindu","Male","Urban"
8954,28440,1,35,"Hindu","Female","Rural"
8955,97967,15,45,"Hindu","Male","Urban"
8956,5302,10,18,"Hindu","Female","Rural"
8957,35392,11,54,"Hindu","Male","Rural"
8958,12927,6,52,"Muslim","Male","Urban"
8959,1044109,15,49,"Hindu","Male","Urban"
8960,4830,1,39,"Muslim","Female","Rural"
8961,146980,7,41,"Hindu","Male","Urban"
8962,8182,4,41,"Hindu","Male","Rural"
8963,67532,7,20,"Christian","Female","Rural"
8964,3869,0,56,"Muslim","Male","Rural"
8965,52108,7,44,"Hindu","Male","Rural"
8966,21569,4,57,"Hindu","Female","Rural"
8967,285814,15,28,"Hindu","Male","Urban"
8968,402169,10,40,"Hindu","Male","Urban"
8969,8761,6,43,"Hindu","Male","Rural"
8970,22007,0,42,"Hindu","Male","Urban"
8971,128556,3,53,"Hindu","Male","Urban"
8972,3014,1,46,"Hindu","Male","Rural"
8973,20555,3,48,"Hindu","Male","Urban"
8974,49803,9,33,"Hindu","Male","Urban"
8975,18819,1,54,"Hindu","Male","Rural"
8976,276423,9,33,"Hindu","Male","Urban"
8977,338710,8,56,"Hindu","Male","Urban"
8978,19150,13,21,"Hindu","Female","Urban"
8979,16919,3,50,"Hindu","Male","Rural"
8980,6687,5,41,"Hindu","Female","Rural"
8981,6127,0,37,"Hindu","Female","Urban"
8982,30916,0,53,"Hindu","Male","Rural"
8983,71834,6,45,"Hindu","Male","Rural"
8984,21141,5,38,"Christian","Male","Urban"
8985,305007,14,27,"Hindu","Male","Urban"
8986,156547,12,62,"Hindu","Male","Urban"
8987,165306,1,59,"Hindu","Male","Rural"
8988,7377,6,18,"Hindu","Female","Urban"
8989,23127,3,38,"Hindu","Male","Urban"
8990,10472,14,18,"Hindu","Female","Rural"
8991,71491,4,52,"Hindu","Male","Urban"
8992,9110,2,24,"Hindu","Male","Rural"
8993,18944,4,22,"Hindu","Male","Rural"
8994,94051,9,28,"Hindu","Male","Urban"
8995,29008,0,34,"Muslim","Male","Rural"
8996,92904,5,53,"Hindu","Male","Urban"
8997,2415,0,34,"Hindu","Female","Rural"
8998,47907,14,32,"Hindu","Female","Rural"
8999,15122,13,25,"Hindu","Male","Urban"
9000,8462,3,38,"Hindu","Male","Rural"
9001,439314,6,22,"Hindu","Male","Urban"
9002,902761,13,44,"Hindu","Male","Rural"
9003,6541,10,49,"Christian","Male","Rural"
9004,94147,15,38,"Hindu","Male","Rural"
9005,11931,1,59,"Hindu","Male","Rural"
9006,1605,1,45,"Sikh","Male","Rural"
9007,318578,3,64,"Hindu","Male","Rural"
9008,46490,10,34,"Hindu","Female","Rural"
9009,16262,2,50,"Hindu","Male","Rural"
9010,50153,0,45,"Hindu","Female","Rural"
9011,93240,13,35,"Hindu","Male","Rural"
9012,24092,5,48,"Hindu","Female","Rural"
9013,6003,8,25,"Hindu","Female","Rural"
9014,22126,10,33,"Hindu","Female","Urban"
9015,11523,12,50,"Hindu","Female","Rural"
9016,138953,8,65,"Hindu","Male","Rural"
9017,7949,0,47,"Hindu","Female","Rural"
9018,15999,2,42,"Hindu","Male","Rural"
9019,10231,2,60,"Hindu","Female","Rural"
9020,35254,3,28,"Hindu","Male","Urban"
9021,19308,13,18,"Hindu","Male","Rural"
9022,19114,0,29,"Hindu","Male","Rural"
9023,98760,7,28,"Hindu","Male","Rural"
9024,46317,4,40,"Hindu","Male","Rural"
9025,56015,11,39,"Hindu","Male","Urban"
9026,212219,7,18,"Hindu","Male","Urban"
9027,20097,2,41,"Hindu","Female","Rural"
9028,25999,5,40,"Hindu","Male","Rural"
9029,124755,3,46,"Hindu","Male","Urban"
9030,48320,2,51,"Hindu","Male","Rural"
9031,16233,0,27,"Hindu","Male","Rural"
9032,21279,0,30,"Muslim","Male","Rural"
9033,85393,3,38,"Hindu","Male","Urban"
9034,245255,3,48,"Hindu","Male","Rural"
9035,11661,1,35,"Hindu","Male","Rural"
9036,170873,15,39,"Hindu","Male","Rural"
9037,27554,3,46,"Hindu","Male","Rural"
9038,8890,0,32,"Hindu","Male","Rural"
9039,4673,13,58,"Hindu","Female","Rural"
9040,229891,15,49,"Buddhist","Male","Urban"
9041,31774,4,25,"Muslim","Male","Urban"
9042,25878,0,39,"Hindu","Male","Rural"
9043,70511,8,53,"Hindu","Male","Urban"
9044,8621,6,35,"Hindu","Female","Rural"
9045,12875,9,49,"Hindu","Male","Rural"
9046,27794,8,20,"Muslim","Male","Urban"
9047,2387,2,46,"Hindu","Female","Rural"
9048,146379,9,46,"Muslim","Male","Urban"
9049,26291,0,30,"Christian","Male","Rural"
9050,173808,5,46,"Hindu","Female","Rural"
9051,3984,0,45,"Hindu","Female","Rural"
9052,47823,4,43,"Hindu","Male","Rural"
9053,9513,0,47,"Hindu","Female","Rural"
9054,2343,2,52,"Hindu","Male","Rural"
9055,26540,5,24,"Hindu","Male","Rural"
9056,95435,6,49,"Jain","Male","Urban"
9057,2415,1,29,"Hindu","Male","Rural"
9058,114725,7,51,"Sikh","Male","Rural"
9059,68216,9,41,"Hindu","Male","Urban"
9060,41022,0,56,"Hindu","Male","Rural"
9061,86473,3,32,"Hindu","Male","Urban"
9062,187716,0,55,"Muslim","Male","Rural"
9063,6767,4,32,"Hindu","Female","Rural"
9064,8348,5,58,"Hindu","Female","Rural"
9065,19350,10,33,"Sikh","Female","Rural"
9066,17037,4,18,"Muslim","Male","Rural"
9067,35966,5,32,"Muslim","Male","Rural"
9068,8140,0,42,"Hindu","Female","Rural"
9069,4819,6,40,"Hindu","Female","Urban"
9070,10604,12,26,"Hindu","Male","Rural"
9071,35238,8,53,"Hindu","Male","Rural"
9072,237627,12,44,"Hindu","Female","Rural"
9073,3460,0,41,"Hindu","Female","Rural"
9074,1329,0,18,"Hindu","Female","Rural"
9075,35142,3,26,"Hindu","Male","Rural"
9076,15152,13,51,"Hindu","Female","Rural"
9077,14399,1,38,"Hindu","Male","Rural"
9078,161061,15,31,"Hindu","Male","Urban"
9079,34342,6,37,"Hindu","Male","Urban"
9080,21965,0,42,"Hindu","Male","Urban"
9081,53710,6,33,"Hindu","Male","Rural"
9082,46244,0,59,"Sikh","Male","Rural"
9083,4396,6,43,"Hindu","Female","Rural"
9084,121584,11,34,"Hindu","Male","Rural"
9085,9085,0,28,"Muslim","Male","Rural"
9086,100703,13,45,"Hindu","Female","Urban"
9087,100127,9,34,"Hindu","Male","Urban"
9088,148649,10,40,"Hindu","Female","Rural"
9089,49477,5,23,"Hindu","Male","Rural"
9090,134500,2,19,"Hindu","Male","Urban"
9091,33723,0,26,"Hindu","Female","Rural"
9092,39783,5,65,"Hindu","Male","Rural"
9093,3328,0,21,"Hindu","Female","Rural"
9094,17031,5,51,"Hindu","Male","Rural"
9095,5699,0,40,"Hindu","Male","Rural"
9096,187868,12,50,"Muslim","Male","Urban"
9097,9048,0,38,"Muslim","Female","Rural"
9098,78257,6,42,"Hindu","Male","Urban"
9099,13369,0,38,"Hindu","Female","Rural"
9100,86173,12,33,"Hindu","Male","Rural"
9101,9586,8,42,"Hindu","Female","Rural"
9102,12039,2,23,"Hindu","Male","Urban"
9103,4242,0,24,"Hindu","Female","Rural"
9104,1141,1,35,"Hindu","Female","Rural"
9105,1342,0,18,"Hindu","Female","Rural"
9106,6895,5,35,"Hindu","Male","Urban"
9107,21683,0,36,"Muslim","Male","Rural"
9108,47329,0,33,"Hindu","Female","Rural"
9109,101324,11,47,"Hindu","Male","Rural"
9110,14006,15,43,"Hindu","Male","Urban"
9111,92045,9,60,"Hindu","Male","Urban"
9112,61784,5,39,"Sikh","Male","Urban"
9113,73588,12,40,"Hindu","Male","Rural"
9114,294364,13,43,"Hindu","Male","Urban"
9115,21736,3,27,"Hindu","Male","Rural"
9116,9528,2,43,"Hindu","Female","Rural"
9117,5606,0,31,"Hindu","Female","Rural"
9118,52153,10,42,"Hindu","Male","Rural"
9119,185137,11,28,"Hindu","Male","Urban"
9120,13100,1,19,"Hindu","Male","Rural"
9121,40746,7,50,"Hindu","Female","Rural"
9122,6130,0,28,"Hindu","Female","Rural"
9123,169925,12,31,"Hindu","Male","Urban"
9124,6337,15,41,"Hindu","Male","Urban"
9125,25568,13,30,"Muslim","Male","Rural"
9126,2853,0,31,"Hindu","Female","Rural"
9127,3778,1,30,"Hindu","Female","Rural"
9128,103825,15,60,"Hindu","Male","Urban"
9129,24454,7,38,"Hindu","Male","Rural"
9130,10048,4,37,"Muslim","Female","Rural"
9131,16158,0,53,"Hindu","Male","Rural"
9132,2261,0,36,"Hindu","Male","Rural"
9133,50757,0,52,"Muslim","Male","Rural"
9134,2495,3,39,"Hindu","Female","Rural"
9135,12378,2,47,"Hindu","Male","Rural"
9136,13310,0,49,"Muslim","Male","Rural"
9137,23462,7,18,"Hindu","Male","Urban"
9138,31825,10,29,"Christian","Male","Rural"
9139,90437,9,29,"Hindu","Male","Urban"
9140,25821,4,49,"Hindu","Male","Urban"
9141,54167,4,22,"Hindu","Female","Rural"
9142,9906,3,39,"Hindu","Female","Rural"
9143,323890,4,26,"Hindu","Male","Urban"
9144,239757,13,58,"Hindu","Male","Urban"
9145,49013,14,35,"Hindu","Male","Urban"
9146,4150,9,39,"Hindu","Male","Rural"
9147,27908,5,42,"Hindu","Male","Rural"
9148,88089,7,41,"Hindu","Male","Urban"
9149,71162,10,26,"Muslim","Male","Rural"
9150,27884,13,27,"Hindu","Male","Rural"
9151,1171,0,28,"Hindu","Female","Rural"
9152,66270,6,40,"Hindu","Male","Urban"
9153,6352,8,37,"Hindu","Female","Rural"
9154,130131,0,27,"Hindu","Male","Urban"
9155,241836,8,28,"Hindu","Male","Rural"
9156,146387,10,42,"Hindu","Male","Urban"
9157,5069,0,53,"Hindu","Female","Rural"
9158,2832,0,33,"Muslim","Male","Rural"
9159,11087,4,43,"Hindu","Female","Rural"
9160,13055,0,41,"Hindu","Male","Rural"
9161,7963,13,45,"Hindu","Female","Rural"
9162,9238,4,27,"Hindu","Male","Rural"
9163,45107,14,31,"Hindu","Female","Rural"
9164,89211,0,30,"Hindu","Male","Rural"
9165,3335,0,44,"Hindu","Male","Rural"
9166,8365,8,28,"Hindu","Male","Rural"
9167,13922,0,55,"Hindu","Female","Rural"
9168,50040,12,58,"Christian","Male","Rural"
9169,17597,0,18,"Hindu","Male","Rural"
9170,25582,0,41,"Hindu","Male","Rural"
9171,17984,9,32,"Hindu","Female","Rural"
9172,64539,7,33,"Hindu","Male","Rural"
9173,6894,11,26,"Hindu","Male","Rural"
9174,20492,3,27,"Hindu","Male","Rural"
9175,33646,0,32,"Hindu","Female","Rural"
9176,38702,3,35,"Hindu","Male","Rural"
9177,18079,0,18,"Hindu","Male","Rural"
9178,124062,14,34,"Hindu","Male","Urban"
9179,38887,12,18,"Muslim","Male","Urban"
9180,4813,6,39,"Muslim","Female","Rural"
9181,31704,15,36,"Hindu","Male","Urban"
9182,260119,14,34,"Hindu","Female","Rural"
9183,125824,3,47,"Hindu","Male","Rural"
9184,303097,0,45,"Tribal","Male","Urban"
9185,76721,3,41,"Christian","Female","Rural"
9186,298982,15,38,"Sikh","Male","Urban"
9187,12454,3,23,"Hindu","Male","Urban"
9188,98143,9,43,"Hindu","Male","Urban"
9189,70483,0,50,"Hindu","Male","Rural"
9190,8668,6,18,"Hindu","Male","Rural"
9191,28683,6,32,"Hindu","Female","Rural"
9192,5597,9,35,"Hindu","Female","Rural"
9193,55929,15,45,"Hindu","Female","Urban"
9194,27593,0,31,"Hindu","Male","Rural"
9195,31334,0,42,"Hindu","Male","Rural"
9196,14961,8,30,"Hindu","Male","Rural"
9197,39316,0,45,"Hindu","Female","Urban"
9198,36754,8,41,"Hindu","Male","Urban"
9199,49910,2,36,"Hindu","Male","Urban"
9200,70944,11,38,"Hindu","Female","Rural"
9201,18073,8,26,"Hindu","Male","Urban"
9202,13473,5,35,"Hindu","Female","Rural"
9203,73731,8,33,"Christian","Male","Rural"
9204,21536,7,57,"Hindu","Female","Rural"
9205,47618,6,28,"Hindu","Male","Urban"
9206,16876,9,58,"Hindu","Female","Rural"
9207,19323,0,48,"Hindu","Male","Rural"
9208,64319,12,26,"Hindu","Female","Urban"
9209,316324,14,55,"Muslim","Male","Urban"
9210,8541,0,27,"Hindu","Female","Rural"
9211,8127,4,18,"Muslim","Female","Rural"
9212,24613,0,31,"Hindu","Male","Urban"
9213,35920,11,36,"Hindu","Male","Urban"
9214,9160,14,46,"Hindu","Male","Rural"
9215,6445,0,18,"Muslim","Male","Rural"
9216,5113,5,47,"Hindu","Male","Rural"
9217,85819,0,52,"Hindu","Male","Rural"
9218,40509,4,26,"Hindu","Male","Rural"
9219,1428,2,33,"Hindu","Male","Rural"
9220,133184,0,48,"Hindu","Male","Rural"
9221,159176,3,45,"Hindu","Male","Rural"
9222,170286,9,48,"Hindu","Male","Urban"
9223,63558,3,28,"Hindu","Male","Urban"
9224,98399,13,65,"Muslim","Male","Urban"
9225,5220,7,43,"Hindu","Female","Rural"
9226,24191,7,52,"Hindu","Male","Rural"
9227,24952,0,34,"Hindu","Male","Urban"
9228,8973,0,35,"Hindu","Female","Rural"
9229,342666,8,44,"Buddhist","Male","Urban"
9230,46487,7,37,"Hindu","Male","Rural"
9231,12699,12,29,"Hindu","Male","Urban"
9232,9400,0,36,"Hindu","Male","Rural"
9233,221077,8,47,"Hindu","Male","Rural"
9234,8347,15,45,"Hindu","Female","Rural"
9235,6486,7,18,"Hindu","Female","Rural"
9236,277482,15,42,"Hindu","Male","Urban"
9237,78674,4,61,"Hindu","Male","Urban"
9238,10060,6,22,"Hindu","Female","Rural"
9239,43346,5,36,"Hindu","Male","Rural"
9240,31724,0,38,"Muslim","Male","Urban"
9241,27494,15,29,"Hindu","Male","Rural"
9242,1675,4,26,"Hindu","Female","Rural"
9243,57512,11,37,"Hindu","Male","Urban"
9244,8574,2,37,"Hindu","Female","Rural"
9245,69290,9,20,"Hindu","Male","Urban"
9246,4577,2,38,"Hindu","Female","Rural"
9247,42127,7,54,"Hindu","Male","Rural"
9248,46362,8,48,"Hindu","Male","Rural"
9249,5976,1,37,"Hindu","Female","Rural"
9250,19514,2,56,"Hindu","Female","Rural"
9251,23070,9,40,"Hindu","Male","Urban"
9252,33324,2,21,"Hindu","Female","Rural"
9253,11091,2,33,"Hindu","Male","Rural"
9254,120973,8,39,"Hindu","Male","Rural"
9255,50193,10,65,"Hindu","Male","Rural"
9256,48234,12,29,"Hindu","Female","Rural"
9257,39785,10,60,"Hindu","Male","Urban"
9258,41299,10,50,"Hindu","Male","Rural"
9259,9544,0,43,"Hindu","Male","Rural"
9260,5840,15,34,"Hindu","Female","Rural"
9261,35938,7,33,"Muslim","Female","Urban"
9262,9133,0,28,"Hindu","Female","Rural"
9263,1677,4,40,"Hindu","Female","Rural"
9264,96508,7,32,"Hindu","Male","Rural"
9265,34558,0,49,"Hindu","Female","Urban"
9266,25946,0,59,"Hindu","Male","Rural"
9267,1981,0,39,"Hindu","Male","Rural"
9268,4400,3,48,"Hindu","Male","Rural"
9269,15337,11,40,"Hindu","Male","Urban"
9270,98410,8,63,"Hindu","Male","Rural"
9271,13414,4,65,"Hindu","Male","Rural"
9272,27928,11,49,"Hindu","Female","Rural"
9273,12521,0,52,"Muslim","Female","Rural"
9274,15089,12,41,"Hindu","Male","Rural"
9275,121631,7,44,"Hindu","Male","Rural"
9276,154143,7,48,"Hindu","Male","Rural"
9277,26624,0,50,"Hindu","Male","Rural"
9278,31900,7,23,"Hindu","Male","Rural"
9279,2844,6,30,"Hindu","Female","Urban"
9280,12300,13,57,"Hindu","Male","Rural"
9281,12422,6,59,"Hindu","Male","Rural"
9282,24564,0,19,"Hindu","Male","Rural"
9283,46002,9,44,"Hindu","Male","Urban"
9284,37145,0,45,"Hindu","Male","Rural"
9285,16431,0,29,"Hindu","Male","Rural"
9286,2887,6,39,"Hindu","Female","Rural"
9287,10058,0,38,"Muslim","Male","Rural"
9288,68329,13,37,"Hindu","Male","Rural"
9289,6493,0,27,"Hindu","Female","Urban"
9290,163235,11,32,"Hindu","Female","Rural"
9291,21393,3,52,"Hindu","Female","Rural"
9292,15434,4,28,"Hindu","Male","Rural"
9293,94298,13,34,"Hindu","Male","Urban"
9294,14310,8,18,"Hindu","Male","Rural"
9295,26540,12,27,"Hindu","Male","Urban"
9296,53653,2,18,"Muslim","Male","Urban"
9297,4847,7,21,"Hindu","Female","Rural"
9298,3579,2,33,"Hindu","Female","Rural"
9299,16372,5,19,"Hindu","Male","Rural"
9300,13659,0,21,"Hindu","Male","Rural"
9301,127703,12,51,"Muslim","Male","Rural"
9302,16497,8,52,"Hindu","Male","Rural"
9303,21050,7,28,"Hindu","Male","Rural"
9304,4851,0,24,"Muslim","Male","Rural"
9305,29223,7,41,"Hindu","Male","Rural"
9306,15000,15,37,"Hindu","Male","Rural"
9307,10020,7,44,"Hindu","Female","Rural"
9308,4051,11,18,"Hindu","Female","Rural"
9309,21370,4,54,"Hindu","Male","Urban"
9310,21207,10,38,"Hindu","Female","Rural"
9311,7054,3,34,"Hindu","Female","Rural"
9312,10935,0,47,"Hindu","Male","Rural"
9313,18578,0,18,"Hindu","Male","Rural"
9314,1175,1,18,"Hindu","Female","Rural"
9315,9759,0,52,"Hindu","Male","Urban"
9316,8308,1,37,"Hindu","Male","Rural"
9317,18916,3,34,"Hindu","Male","Rural"
9318,37204,4,53,"Muslim","Male","Rural"
9319,67569,11,55,"Hindu","Male","Urban"
9320,102134,7,53,"Hindu","Male","Rural"
9321,32049,7,31,"Hindu","Male","Rural"
9322,17497,7,41,"Hindu","Male","Rural"
9323,116400,6,41,"Hindu","Male","Urban"
9324,11987,3,30,"Hindu","Male","Urban"
9325,180589,11,20,"Muslim","Male","Urban"
9326,34423,7,43,"Muslim","Male","Rural"
9327,519129,14,34,"Hindu","Male","Urban"
9328,96140,15,51,"Sikh","Male","Rural"
9329,20690,0,55,"Hindu","Male","Rural"
9330,8266,0,28,"Hindu","Female","Rural"
9331,2283,7,25,"Hindu","Female","Rural"
9332,14991,7,35,"Hindu","Male","Rural"
9333,20835,0,40,"Hindu","Male","Rural"
9334,98268,2,38,"Hindu","Male","Urban"
9335,24556,4,32,"Hindu","Male","Rural"
9336,121723,1,31,"Hindu","Male","Urban"
9337,73054,10,50,"Hindu","Male","Rural"
9338,134932,10,46,"Hindu","Male","Urban"
9339,8224,10,43,"Hindu","Female","Urban"
9340,5578,0,55,"Hindu","Female","Rural"
9341,120875,0,32,"Hindu","Male","Rural"
9342,13033,1,48,"Hindu","Female","Rural"
9343,6524,3,18,"Hindu","Male","Rural"
9344,4150,0,22,"Hindu","Male","Rural"
9345,17907,7,37,"Hindu","Male","Rural"
9346,23228,7,31,"Hindu","Female","Rural"
9347,14809,5,40,"Hindu","Female","Rural"
9348,4109,3,28,"Hindu","Male","Rural"
9349,36710,11,26,"Muslim","Female","Rural"
9350,8649,7,62,"Hindu","Male","Rural"
9351,90545,14,44,"Hindu","Male","Rural"
9352,10199,7,46,"Buddhist","Female","Rural"
9353,34612,15,27,"Muslim","Female","Urban"
9354,164479,10,36,"Hindu","Male","Urban"
9355,12712,4,52,"Hindu","Female","Urban"
9356,25816,12,23,"Muslim","Female","Rural"
9357,65176,11,40,"Hindu","Male","Rural"
9358,1169,0,23,"Hindu","Female","Rural"
9359,9671,0,50,"Hindu","Male","Rural"
9360,112658,4,34,"Hindu","Male","Rural"
9361,37084,12,58,"Hindu","Male","Rural"
9362,2802,14,18,"Hindu","Female","Rural"
9363,18868,6,44,"Hindu","Male","Rural"
9364,266955,15,25,"Hindu","Male","Rural"
9365,15035,9,46,"Muslim","Female","Rural"
9366,143676,1,34,"Hindu","Male","Urban"
9367,47600,7,36,"Hindu","Male","Rural"
9368,292813,2,47,"Hindu","Male","Rural"
9369,39082,11,36,"Hindu","Male","Rural"
9370,33157,0,24,"Hindu","Male","Urban"
9371,34393,10,29,"Hindu","Male","Rural"
9372,16925,7,38,"Hindu","Female","Rural"
9373,739,6,26,"Hindu","Female","Rural"
9374,18795,7,38,"Hindu","Female","Rural"
9375,70979,15,44,"Hindu","Female","Rural"
9376,33871,11,40,"Hindu","Male","Urban"
9377,5331,2,34,"Hindu","Female","Rural"
9378,23580,0,24,"Hindu","Female","Rural"
9379,27120,7,31,"Hindu","Male","Urban"
9380,440880,15,51,"Hindu","Male","Urban"
9381,9205,5,31,"Hindu","Male","Rural"
9382,39311,0,24,"Hindu","Female","Rural"
9383,5583,0,53,"Muslim","Male","Rural"
9384,19611,3,36,"Hindu","Male","Rural"
9385,18433,0,39,"Hindu","Male","Rural"
9386,31908,3,40,"Hindu","Male","Urban"
9387,72905,7,19,"Hindu","Male","Rural"
9388,24807,0,24,"Muslim","Male","Rural"
9389,15667,6,37,"Hindu","Male","Urban"
9390,12687,2,41,"Hindu","Male","Rural"
9391,2824,13,32,"Hindu","Female","Urban"
9392,46125,11,44,"Hindu","Male","Urban"
9393,35802,4,28,"Hindu","Male","Rural"
9394,50207,0,54,"Hindu","Male","Rural"
9395,17184,3,44,"Hindu","Male","Rural"
9396,5745,6,45,"Hindu","Female","Rural"
9397,11597,4,39,"Hindu","Male","Rural"
9398,8552,4,34,"Hindu","Male","Rural"
9399,118109,9,41,"Hindu","Male","Rural"
9400,15529,0,49,"Hindu","Female","Rural"
9401,30591,4,49,"Hindu","Male","Rural"
9402,43071,13,19,"Hindu","Male","Rural"
9403,39536,0,53,"Muslim","Female","Rural"
9404,9040,11,51,"Hindu","Male","Rural"
9405,85624,4,39,"Hindu","Male","Rural"
9406,11228,13,44,"Hindu","Male","Rural"
9407,111700,14,37,"Hindu","Male","Urban"
9408,47075,1,29,"Hindu","Male","Rural"
9409,2008,3,44,"Hindu","Female","Rural"
9410,9531,0,53,"Hindu","Male","Rural"
9411,14079,7,33,"Hindu","Female","Urban"
9412,16623,0,39,"Hindu","Female","Rural"
9413,9184,0,18,"Hindu","Male","Rural"
9414,18733,1,47,"Hindu","Male","Rural"
9415,5895,0,33,"Hindu","Female","Rural"
9416,21832,15,31,"Hindu","Male","Rural"
9417,7712,0,33,"Hindu","Male","Rural"
9418,38947,15,27,"Hindu","Female","Urban"
9419,171663,15,37,"Hindu","Male","Urban"
9420,13180,0,44,"Hindu","Male","Urban"
9421,10996,15,45,"Hindu","Female","Rural"
9422,3708,0,52,"Muslim","Female","Rural"
9423,39612,0,34,"Hindu","Male","Rural"
9424,27332,0,26,"Hindu","Male","Rural"
9425,7221,0,33,"Hindu","Female","Rural"
9426,1702,4,39,"Hindu","Female","Rural"
9427,14979,2,46,"Hindu","Male","Rural"
9428,8758,12,33,"Muslim","Male","Rural"
9429,7627,5,44,"Hindu","Male","Urban"
9430,45662,2,39,"Hindu","Male","Rural"
9431,109702,6,46,"Sikh","Male","Rural"
9432,49743,0,24,"Hindu","Male","Urban"
9433,25664,5,29,"Hindu","Male","Urban"
9434,12498,0,26,"Hindu","Male","Rural"
9435,34912,0,41,"Hindu","Male","Rural"
9436,6737,12,49,"Hindu","Male","Urban"
9437,26360,13,38,"Hindu","Male","Rural"
9438,9894,0,34,"Hindu","Male","Urban"
9439,115445,9,18,"Hindu","Male","Urban"
9440,47453,15,36,"Muslim","Male","Urban"
9441,3786,0,48,"Hindu","Male","Rural"
9442,9546,1,55,"Christian","Female","Rural"
9443,14157,9,30,"Hindu","Male","Rural"
9444,19247,0,56,"Hindu","Male","Rural"
9445,166521,5,43,"Sikh","Male","Rural"
9446,185024,15,65,"Sikh","Male","Urban"
9447,9063,0,27,"Muslim","Female","Rural"
9448,6525,0,18,"Hindu","Male","Rural"
9449,201002,8,29,"Hindu","Male","Rural"
9450,25746,7,45,"Hindu","Male","Urban"
9451,453300,13,24,"Sikh","Male","Urban"
9452,28758,8,42,"Hindu","Male","Rural"
9453,4554,2,36,"Hindu","Male","Rural"
9454,25386,6,32,"Muslim","Male","Rural"
9455,1773,0,19,"Hindu","Female","Rural"
9456,34557,11,41,"Hindu","Female","Urban"
9457,117153,7,39,"Hindu","Male","Urban"
9458,138163,9,25,"Sikh","Male","Rural"
9459,44351,5,49,"Hindu","Male","Rural"
9460,5303,13,48,"Hindu","Female","Rural"
9461,168218,15,38,"Sikh","Male","Rural"
9462,16276,5,26,"Hindu","Male","Rural"
9463,215340,8,34,"Hindu","Male","Urban"
9464,634925,10,51,"Muslim","Male","Urban"
9465,2181,0,36,"Christian","Female","Rural"
9466,13782,10,35,"Hindu","Female","Rural"
9467,16432,5,51,"Hindu","Male","Rural"
9468,31721,5,40,"Christian","Male","Rural"
9469,69454,12,38,"Buddhist","Male","Rural"
9470,14129,7,48,"Hindu","Male","Rural"
9471,34427,15,21,"Hindu","Male","Urban"
9472,51083,0,28,"Hindu","Female","Rural"
9473,4811,2,33,"Hindu","Female","Rural"
9474,21101,0,65,"Hindu","Male","Rural"
9475,14125,0,25,"Hindu","Male","Rural"
9476,88476,14,28,"Hindu","Male","Urban"
9477,21320,0,49,"Hindu","Male","Rural"
9478,99264,6,30,"Hindu","Male","Urban"
9479,44048,0,56,"Hindu","Male","Rural"
9480,34361,2,33,"Hindu","Male","Rural"
9481,1133,8,39,"Hindu","Male","Rural"
9482,33803,2,51,"Hindu","Male","Urban"
9483,19589,1,42,"Hindu","Male","Rural"
9484,29676,0,45,"Hindu","Male","Rural"
9485,28502,0,51,"Muslim","Female","Rural"
9486,286731,4,53,"Hindu","Male","Rural"
9487,20674,0,39,"Muslim","Male","Urban"
9488,37548,15,31,"Hindu","Male","Rural"
9489,53628,7,47,"Hindu","Male","Rural"
9490,9986,1,33,"Hindu","Female","Rural"
9491,27987,3,34,"Hindu","Female","Urban"
9492,179368,15,52,"Hindu","Male","Urban"
9493,1432,1,18,"Hindu","Male","Rural"
9494,16313,5,18,"Hindu","Female","Rural"
9495,7202,6,48,"Hindu","Female","Urban"
9496,10885,2,18,"Hindu","Male","Rural"
9497,21889,4,28,"Hindu","Male","Urban"
9498,85251,8,37,"Hindu","Male","Rural"
9499,220338,15,32,"Hindu","Male","Rural"
9500,2950,3,38,"Hindu","Female","Rural"
9501,86732,10,51,"Hindu","Female","Urban"
9502,25157,1,53,"Hindu","Male","Rural"
9503,33909,6,27,"Hindu","Male","Urban"
9504,38409,4,23,"Hindu","Male","Urban"
9505,5471,10,37,"Hindu","Male","Rural"
9506,109386,2,65,"Hindu","Male","Rural"
9507,104952,10,44,"Hindu","Male","Urban"
9508,6353,4,43,"Hindu","Male","Rural"
9509,3585,1,39,"Hindu","Female","Rural"
9510,6087,0,30,"Hindu","Female","Rural"
9511,75859,2,25,"Sikh","Male","Rural"
9512,4676,0,49,"Hindu","Female","Rural"
9513,4181,0,18,"Hindu","Male","Rural"
9514,32075,8,33,"Hindu","Male","Rural"
9515,13936,0,33,"Hindu","Male","Rural"
9516,22602,4,18,"Muslim","Female","Rural"
9517,10117,0,36,"Hindu","Male","Rural"
9518,14106,5,41,"Hindu","Male","Urban"
9519,18047,4,42,"Muslim","Male","Rural"
9520,15036,0,18,"Hindu","Male","Rural"
9521,45296,12,34,"Christian","Male","Rural"
9522,73400,15,20,"Hindu","Male","Rural"
9523,44394,13,33,"Hindu","Male","Urban"
9524,66068,0,57,"Hindu","Male","Rural"
9525,41529,6,51,"Muslim","Male","Rural"
9526,174802,1,18,"Hindu","Male","Rural"
9527,112452,6,31,"Buddhist","Female","Urban"
9528,59626,1,37,"Sikh","Male","Rural"
9529,12117,10,47,"Hindu","Female","Rural"
9530,14116,0,65,"Muslim","Male","Rural"
9531,43725,15,30,"Hindu","Male","Urban"
9532,5753,0,36,"Hindu","Male","Rural"
9533,2186,0,47,"Hindu","Female","Rural"
9534,34810,3,57,"Hindu","Male","Rural"
9535,32574,6,22,"Hindu","Male","Rural"
9536,50089,10,45,"Hindu","Male","Urban"
9537,194629,5,20,"Hindu","Male","Urban"
9538,115873,13,55,"Hindu","Male","Urban"
9539,13020,5,41,"Hindu","Male","Rural"
9540,738,0,42,"Hindu","Female","Rural"
9541,3944,0,52,"Hindu","Male","Rural"
9542,2541,3,40,"Muslim","Female","Rural"
9543,6916,2,40,"Hindu","Male","Rural"
9544,12906,1,25,"Hindu","Male","Rural"
9545,59726,0,28,"Hindu","Male","Rural"
9546,27766,8,55,"Hindu","Female","Urban"
9547,79338,15,24,"Hindu","Male","Urban"
9548,17301,6,50,"Hindu","Male","Rural"
9549,3982,13,30,"Hindu","Male","Rural"
9550,95522,0,28,"Hindu","Male","Urban"
9551,20245,15,47,"Hindu","Female","Urban"
9552,52105,15,58,"Hindu","Female","Urban"
9553,4261,6,36,"Hindu","Male","Rural"
9554,26831,5,47,"Hindu","Male","Rural"
9555,1454,7,24,"Hindu","Female","Urban"
9556,527428,8,56,"Muslim","Male","Urban"
9557,23965,0,46,"Hindu","Male","Rural"
9558,46841,0,43,"Hindu","Male","Rural"
9559,10841,9,30,"Hindu","Male","Rural"
9560,23192,5,38,"Hindu","Male","Rural"
9561,28000,7,48,"Hindu","Male","Urban"
9562,67164,15,40,"Hindu","Male","Rural"
9563,112374,8,30,"Muslim","Male","Urban"
9564,44521,2,32,"Hindu","Male","Rural"
9565,17513,0,33,"Hindu","Male","Rural"
9566,33153,9,21,"Hindu","Female","Rural"
9567,40072,0,32,"Hindu","Male","Rural"
9568,87587,9,57,"Hindu","Male","Urban"
9569,18199,7,35,"Hindu","Female","Urban"
9570,5710,4,45,"Hindu","Female","Rural"
9571,30997,4,52,"Hindu","Male","Rural"
9572,32266,6,31,"Muslim","Female","Rural"
9573,4723,0,32,"Hindu","Female","Rural"
9574,77155,2,22,"Hindu","Female","Rural"
9575,21564,8,49,"Hindu","Female","Rural"
9576,12592,0,47,"Hindu","Male","Urban"
9577,19010,4,36,"Hindu","Male","Rural"
9578,9793,0,35,"Hindu","Male","Urban"
9579,4848,0,20,"Hindu","Male","Urban"
9580,31438,7,47,"Hindu","Male","Urban"
9581,2604,1,38,"Hindu","Male","Rural"
9582,5229,5,34,"Hindu","Female","Rural"
9583,7320,0,41,"Muslim","Male","Rural"
9584,15236,9,40,"Hindu","Female","Rural"
9585,7113,2,39,"Muslim","Female","Rural"
9586,40709,0,36,"Hindu","Male","Rural"
9587,48790,0,29,"Sikh","Male","Rural"
9588,17018,0,52,"Hindu","Male","Rural"
9589,54341,0,57,"Muslim","Male","Urban"
9590,40979,1,50,"Hindu","Female","Rural"
9591,205088,10,58,"Tribal","Male","Urban"
9592,83581,8,28,"Christian","Male","Rural"
9593,42173,15,47,"Hindu","Female","Rural"
9594,19744,5,49,"Muslim","Female","Urban"
9595,83521,13,29,"Hindu","Male","Urban"
9596,37612,12,23,"Hindu","Male","Rural"
9597,19708,2,28,"Hindu","Female","Rural"
9598,6742,0,26,"Hindu","Male","Rural"
9599,42695,7,43,"Hindu","Male","Rural"
9600,7167,8,31,"Hindu","Female","Rural"
9601,30603,3,23,"Hindu","Female","Rural"
9602,5421,0,65,"Hindu","Female","Rural"
9603,80276,8,35,"Hindu","Male","Urban"
9604,2953,2,18,"Hindu","Male","Rural"
9605,23183,6,49,"Hindu","Male","Rural"
9606,43506,0,26,"Hindu","Male","Rural"
9607,15819,8,48,"Christian","Male","Rural"
9608,72757,13,57,"Hindu","Male","Rural"
9609,20639,5,42,"Hindu","Female","Urban"
9610,44173,0,59,"Hindu","Male","Rural"
9611,189414,9,29,"Hindu","Male","Urban"
9612,14765,15,32,"Hindu","Female","Rural"
9613,20233,2,28,"Hindu","Male","Rural"
9614,450798,14,28,"Hindu","Male","Rural"
9615,205787,9,43,"Hindu","Male","Rural"
9616,88026,15,41,"Hindu","Male","Rural"
9617,10226,2,35,"Hindu","Female","Rural"
9618,95102,10,39,"Hindu","Male","Rural"
9619,344625,7,44,"Muslim","Male","Rural"
9620,561750,15,41,"Hindu","Male","Urban"
9621,15507,3,36,"Hindu","Male","Rural"
9622,26972,6,29,"Hindu","Male","Rural"
9623,23037,6,40,"Hindu","Male","Rural"
9624,27460,3,49,"Hindu","Female","Rural"
9625,12397,4,37,"Hindu","Female","Urban"
9626,9102,0,35,"Hindu","Male","Rural"
9627,62594,1,49,"Hindu","Male","Rural"
9628,16241,1,65,"Muslim","Female","Rural"
9629,100588,9,46,"Hindu","Male","Rural"
9630,40186,15,40,"Hindu","Female","Urban"
9631,3848,8,28,"Hindu","Male","Rural"
9632,3645,0,32,"Hindu","Male","Rural"
9633,46957,12,18,"Muslim","Male","Urban"
9634,68927,7,20,"Hindu","Male","Urban"
9635,214233,14,58,"Hindu","Male","Urban"
9636,44074,8,35,"Muslim","Female","Urban"
9637,92926,0,40,"Hindu","Male","Rural"
9638,97232,15,45,"Muslim","Male","Urban"
9639,55014,7,36,"Hindu","Male","Rural"
9640,17115,12,39,"Hindu","Female","Rural"
9641,43115,3,65,"Hindu","Male","Rural"
9642,114269,15,37,"Hindu","Male","Urban"
9643,18890,6,25,"Hindu","Female","Rural"
9644,12347,0,25,"Christian","Female","Rural"
9645,41249,4,42,"Muslim","Male","Rural"
9646,1044,1,25,"Hindu","Male","Rural"
9647,27031,15,58,"Muslim","Female","Rural"
9648,95826,10,35,"Hindu","Female","Rural"
9649,52339,4,34,"Muslim","Male","Urban"
9650,170469,6,31,"Hindu","Male","Rural"
9651,1279,6,44,"Hindu","Male","Rural"
9652,628721,13,55,"Hindu","Male","Urban"
9653,131975,15,42,"Hindu","Male","Urban"
9654,6630,2,38,"Hindu","Female","Rural"
9655,35662,8,34,"Hindu","Male","Rural"
9656,7999,8,27,"Hindu","Male","Rural"
9657,5662,0,35,"Hindu","Male","Rural"
9658,81630,4,65,"Hindu","Male","Rural"
9659,41167,14,34,"Hindu","Male","Urban"
9660,32107,5,41,"Hindu","Male","Rural"
9661,20038,15,32,"Hindu","Female","Urban"
9662,1921,0,48,"Hindu","Female","Rural"
9663,35419,15,33,"Hindu","Male","Urban"
9664,34323,4,57,"Hindu","Female","Urban"
9665,18891,4,42,"Hindu","Male","Rural"
9666,97097,15,23,"Muslim","Male","Urban"
9667,74827,4,41,"Hindu","Male","Rural"
9668,9789,0,42,"Muslim","Female","Rural"
9669,19979,0,43,"Hindu","Male","Rural"
9670,80127,12,27,"Hindu","Female","Rural"
9671,12715,1,54,"Hindu","Male","Rural"
9672,18111,0,38,"Hindu","Male","Rural"
9673,2928,4,55,"Hindu","Female","Rural"
9674,50035,8,52,"Hindu","Male","Rural"
9675,82593,2,41,"Hindu","Male","Urban"
9676,42931,2,37,"Hindu","Male","Rural"
9677,3638,0,51,"Hindu","Female","Rural"
9678,56985,5,46,"Hindu","Male","Rural"
9679,4673,0,35,"Hindu","Male","Rural"
9680,252733,12,21,"Hindu","Male","Rural"
9681,2366,0,29,"Hindu","Female","Rural"
9682,63319,13,43,"Hindu","Female","Urban"
9683,8976,12,27,"Muslim","Female","Rural"
9684,35531,6,47,"Hindu","Male","Rural"
9685,15100,1,34,"Hindu","Male","Rural"
9686,43201,3,56,"Sikh","Male","Rural"
9687,49108,10,39,"Hindu","Female","Rural"
9688,7796,0,26,"Hindu","Male","Rural"
9689,88319,7,50,"Hindu","Male","Rural"
9690,14899,0,18,"Hindu","Male","Rural"
9691,5385,2,21,"Hindu","Male","Urban"
9692,11263,7,37,"Hindu","Female","Rural"
9693,552170,9,50,"Muslim","Male","Urban"
9694,32832,0,51,"Muslim","Male","Rural"
9695,25132,15,30,"Muslim","Male","Rural"
9696,85099,9,21,"Hindu","Male","Rural"
9697,1894,0,38,"Muslim","Male","Rural"
9698,3774,3,53,"Hindu","Female","Rural"
9699,35468,0,33,"Hindu","Male","Rural"
9700,194725,14,32,"Hindu","Male","Rural"
9701,533386,9,54,"Hindu","Male","Urban"
9702,3674,0,38,"Hindu","Male","Rural"
9703,655,0,31,"Hindu","Female","Rural"
9704,2895,3,37,"Hindu","Male","Rural"
9705,11300,0,47,"Muslim","Male","Rural"
9706,302815,15,32,"Hindu","Male","Urban"
9707,22628,1,26,"Hindu","Male","Rural"
9708,40274,4,59,"Hindu","Male","Rural"
9709,2300,0,54,"Hindu","Male","Rural"
9710,8625,10,30,"Hindu","Female","Urban"
9711,55648,9,38,"Hindu","Male","Rural"
9712,12212,3,57,"Hindu","Female","Urban"
9713,12273,6,40,"Hindu","Female","Urban"
9714,62262,2,40,"Hindu","Male","Rural"
9715,16118,11,42,"Muslim","Female","Urban"
9716,40390,11,61,"Hindu","Male","Rural"
9717,8194,0,52,"Muslim","Male","Rural"
9718,15222,2,65,"Hindu","Male","Rural"
9719,63400,4,39,"Hindu","Male","Rural"
9720,58774,10,26,"Hindu","Male","Rural"
9721,39399,5,44,"Hindu","Male","Rural"
9722,8935,5,24,"Hindu","Male","Rural"
9723,159337,9,64,"Hindu","Female","Urban"
9724,26496,0,18,"Hindu","Male","Urban"
9725,1221,5,42,"Jain","Female","Rural"
9726,22821,0,31,"Hindu","Male","Rural"
9727,19514,3,35,"Muslim","Male","Rural"
9728,8839,9,47,"Hindu","Female","Rural"
9729,131175,8,36,"Hindu","Male","Urban"
9730,20739,8,27,"Hindu","Male","Rural"
9731,40954,14,53,"Sikh","Male","Rural"
9732,21636,12,28,"Hindu","Male","Rural"
9733,34225,7,43,"Hindu","Male","Rural"
9734,10622,0,33,"Hindu","Male","Rural"
9735,103791,15,65,"Hindu","Male","Rural"
9736,87119,8,27,"Hindu","Male","Rural"
9737,22388,8,18,"Christian","Male","Rural"
9738,12447,4,37,"Hindu","Male","Rural"
9739,29662,0,55,"Hindu","Male","Rural"
9740,207320,14,39,"Hindu","Male","Rural"
9741,31421,5,65,"Hindu","Female","Urban"
9742,14644,7,57,"Hindu","Male","Rural"
9743,18289,0,55,"Hindu","Female","Rural"
9744,27292,0,47,"Hindu","Male","Rural"
9745,19312,1,40,"Hindu","Male","Rural"
9746,13202,5,65,"Hindu","Female","Rural"
9747,3405,6,34,"Hindu","Male","Rural"
9748,12522,6,39,"Hindu","Male","Rural"
9749,70062,5,35,"Hindu","Female","Urban"
9750,51455,0,20,"Hindu","Male","Urban"
9751,3828,5,18,"Hindu","Female","Rural"
9752,27205,15,34,"Hindu","Male","Urban"
9753,85947,5,43,"Hindu","Male","Urban"
9754,2920,0,37,"Hindu","Female","Rural"
9755,20481,0,55,"Hindu","Male","Urban"
9756,16714,12,42,"Hindu","Female","Rural"
9757,37393,0,31,"Hindu","Male","Rural"
9758,151297,5,37,"Hindu","Male","Urban"
9759,53541,8,46,"Hindu","Female","Urban"
9760,24053,15,39,"Hindu","Female","Urban"
9761,4463,8,39,"Hindu","Female","Rural"
9762,25830,10,43,"Hindu","Male","Rural"
9763,26758,2,35,"Hindu","Female","Rural"
9764,53352,6,33,"Sikh","Female","Urban"
9765,8514,15,64,"Christian","Female","Rural"
9766,35481,7,28,"Sikh","Female","Rural"
9767,108834,11,57,"Sikh","Female","Rural"
9768,31528,9,18,"Hindu","Female","Rural"
9769,12894,0,49,"Muslim","Male","Rural"
9770,31199,0,41,"Hindu","Male","Rural"
9771,11885,15,29,"Hindu","Male","Rural"
9772,36955,1,43,"Hindu","Female","Rural"
9773,9741,12,30,"Hindu","Male","Rural"
9774,87317,8,37,"Hindu","Male","Urban"
9775,38992,7,56,"Hindu","Male","Rural"
9776,115708,0,37,"Muslim","Male","Urban"
9777,137541,13,42,"Hindu","Male","Rural"
9778,28187,13,34,"Hindu","Male","Rural"
9779,16835,0,36,"Hindu","Male","Rural"
9780,122958,12,44,"Hindu","Male","Urban"
9781,55924,0,35,"Hindu","Male","Rural"
9782,33522,4,29,"Sikh","Male","Rural"
9783,1332,0,29,"Hindu","Female","Rural"
9784,19958,2,34,"Hindu","Male","Rural"
9785,44998,15,56,"Hindu","Male","Rural"
9786,6016,0,39,"Muslim","Male","Rural"
9787,10732,0,23,"Hindu","Male","Rural"
9788,15544,1,49,"Hindu","Male","Rural"
9789,23900,3,30,"Hindu","Female","Rural"
9790,12984,2,51,"Hindu","Male","Rural"
9791,32393,2,28,"Hindu","Male","Rural"
9792,8298,0,48,"Hindu","Male","Rural"
9793,107447,15,44,"Hindu","Male","Urban"
9794,3147,7,45,"Hindu","Female","Rural"
9795,39811,12,20,"Hindu","Male","Rural"
9796,12562,0,18,"Hindu","Male","Rural"
9797,78729,4,62,"Hindu","Male","Rural"
9798,84167,1,39,"Hindu","Male","Urban"
9799,5132,0,29,"Hindu","Female","Rural"
9800,13003,15,40,"Hindu","Male","Urban"
9801,118712,9,61,"Hindu","Male","Urban"
9802,43885,6,44,"Muslim","Male","Rural"
9803,86290,15,45,"Hindu","Male","Urban"
9804,11819,0,51,"Hindu","Male","Rural"
9805,22238,5,18,"Hindu","Male","Rural"
9806,11435,0,24,"Hindu","Female","Rural"
9807,154311,11,47,"Hindu","Male","Urban"
9808,24668,5,31,"Hindu","Male","Rural"
9809,8975,9,43,"Hindu","Female","Rural"
9810,3548,0,33,"Hindu","Male","Rural"
9811,160986,5,45,"Hindu","Male","Rural"
9812,11702,0,29,"Hindu","Female","Urban"
9813,269033,8,43,"Hindu","Male","Urban"
9814,94297,2,42,"Hindu","Male","Rural"
9815,43701,2,34,"Hindu","Male","Rural"
9816,36148,12,26,"Hindu","Male","Rural"
9817,14428,0,60,"Hindu","Male","Rural"
9818,96934,5,38,"Hindu","Female","Urban"
9819,54281,2,48,"Hindu","Male","Urban"
9820,37108,5,50,"Hindu","Male","Rural"
9821,23797,0,56,"Hindu","Female","Rural"
9822,15751,0,39,"Hindu","Female","Rural"
9823,367941,6,36,"Hindu","Male","Rural"
9824,50961,8,39,"Hindu","Male","Rural"
9825,2624,0,41,"Hindu","Female","Rural"
9826,29846,5,42,"Hindu","Male","Urban"
9827,2278,0,23,"Hindu","Female","Rural"
9828,6418,5,41,"Hindu","Female","Rural"
9829,7614,1,30,"Hindu","Male","Rural"
9830,12967,10,37,"Hindu","Male","Urban"
9831,35492,15,49,"Hindu","Male","Urban"
9832,171435,4,34,"Hindu","Male","Rural"
9833,46820,15,44,"Hindu","Male","Urban"
9834,121505,8,41,"Hindu","Male","Urban"
9835,15464,1,45,"Hindu","Female","Rural"
9836,38887,2,43,"Hindu","Male","Rural"
9837,30318,8,41,"Hindu","Male","Rural"
9838,19479,0,33,"Hindu","Female","Urban"
9839,51983,15,31,"Christian","Male","Rural"
9840,192826,4,40,"Hindu","Male","Rural"
9841,117122,13,37,"Hindu","Female","Urban"
9842,9250,0,37,"Hindu","Male","Rural"
9843,65603,6,48,"Hindu","Male","Rural"
9844,18225,3,40,"Hindu","Male","Rural"
9845,4390,6,37,"Hindu","Female","Rural"
9846,178877,1,38,"Hindu","Male","Rural"
9847,69917,11,24,"Hindu","Male","Rural"
9848,116652,15,35,"Hindu","Male","Urban"
9849,17548,7,36,"Hindu","Male","Rural"
9850,23854,15,43,"Christian","Female","Rural"
9851,19247,6,38,"Hindu","Male","Rural"
9852,6019,14,34,"Hindu","Male","Rural"
9853,15809,7,40,"Hindu","Female","Urban"
9854,10706,0,54,"Hindu","Female","Rural"
9855,7058,0,27,"Muslim","Female","Rural"
9856,5885,5,48,"Hindu","Female","Rural"
9857,4051,5,39,"Christian","Female","Rural"
9858,146172,8,33,"Hindu","Male","Rural"
9859,464691,15,18,"Hindu","Male","Rural"
9860,8830,0,20,"Hindu","Male","Rural"
9861,10146,4,46,"Hindu","Male","Rural"
9862,22625,10,28,"Christian","Female","Rural"
9863,192529,9,36,"Hindu","Female","Urban"
9864,8790,3,53,"Hindu","Male","Rural"
9865,11535,5,38,"Hindu","Male","Rural"
9866,56422,4,60,"Hindu","Male","Urban"
9867,71159,2,43,"Muslim","Female","Rural"
9868,43598,3,44,"Hindu","Male","Urban"
9869,8420,6,37,"Hindu","Female","Rural"
9870,41127,0,29,"Muslim","Male","Rural"
9871,93041,10,18,"Christian","Male","Rural"
9872,26587,1,46,"Hindu","Male","Rural"
9873,91583,8,50,"Hindu","Male","Rural"
9874,10204,2,27,"Sikh","Male","Rural"
9875,4101,6,56,"Hindu","Female","Rural"
9876,144353,6,62,"Hindu","Male","Rural"
9877,96457,0,38,"Hindu","Male","Urban"
9878,97178,0,50,"Sikh","Male","Urban"
9879,95231,9,65,"Christian","Male","Rural"
9880,15188,11,44,"Hindu","Female","Urban"
9881,20200,8,20,"Hindu","Male","Rural"
9882,5535,0,28,"Hindu","Male","Urban"
9883,24473,2,27,"Hindu","Male","Urban"
9884,39074,11,28,"Hindu","Male","Rural"
9885,99628,3,23,"Hindu","Male","Rural"
9886,9549,2,29,"Hindu","Female","Rural"
9887,47063,14,46,"Hindu","Female","Rural"
9888,1388,2,35,"Hindu","Female","Rural"
9889,15023,2,26,"Hindu","Male","Urban"
9890,80945,14,35,"Hindu","Male","Rural"
9891,6683,9,38,"Hindu","Female","Rural"
9892,17058,0,42,"Hindu","Male","Rural"
9893,9262,0,18,"Hindu","Male","Urban"
9894,27859,0,28,"Hindu","Male","Rural"
9895,51357,0,46,"Muslim","Female","Urban"
9896,36129,6,26,"Hindu","Male","Rural"
9897,59427,12,27,"Hindu","Male","Rural"
9898,24168,0,39,"Hindu","Female","Urban"
9899,13972,0,25,"Hindu","Male","Rural"
9900,39790,8,42,"Hindu","Male","Urban"
9901,12843,12,52,"Hindu","Female","Rural"
9902,115064,11,40,"Muslim","Male","Urban"
9903,11913,2,30,"Hindu","Male","Rural"
9904,2335,0,30,"Hindu","Female","Rural"
9905,69601,0,46,"Hindu","Male","Rural"
9906,30976,9,37,"Hindu","Female","Rural"
9907,219952,3,52,"Hindu","Male","Rural"
9908,5446,0,32,"Hindu","Female","Urban"
9909,10473,4,18,"Hindu","Male","Urban"
9910,145021,15,38,"Hindu","Male","Urban"
9911,10280,8,44,"Hindu","Male","Rural"
9912,3385,8,18,"Christian","Female","Rural"
9913,21956,13,38,"Hindu","Male","Rural"
9914,22077,9,52,"Hindu","Male","Rural"
9915,48248,11,49,"Hindu","Male","Urban"
9916,14449,4,38,"Hindu","Male","Rural"
9917,108823,4,50,"Hindu","Female","Rural"
9918,65016,8,43,"Hindu","Male","Rural"
9919,7959,0,48,"Hindu","Male","Rural"
9920,646997,15,43,"Hindu","Male","Urban"
9921,10235,0,18,"Muslim","Female","Rural"
9922,898,6,46,"Hindu","Female","Rural"
9923,35263,3,48,"Muslim","Female","Rural"
9924,44671,5,37,"Hindu","Male","Urban"
9925,60167,2,32,"Hindu","Male","Rural"
9926,22598,4,22,"Hindu","Male","Urban"
9927,7622,0,37,"Hindu","Female","Rural"
9928,10392,4,24,"Hindu","Female","Urban"
9929,46017,0,42,"Hindu","Female","Rural"
9930,8505,0,26,"Hindu","Female","Rural"
9931,3041,0,55,"Muslim","Male","Rural"
9932,21313,11,29,"Hindu","Male","Rural"
9933,19368,5,37,"Hindu","Male","Urban"
9934,6824,2,24,"Hindu","Female","Rural"
9935,6148,0,45,"Hindu","Male","Urban"
9936,33983,13,48,"Hindu","Male","Urban"
9937,56535,13,39,"Hindu","Male","Urban"
9938,5342,0,51,"Hindu","Male","Rural"
9939,8484,0,24,"Hindu","Female","Rural"
9940,19547,0,28,"Muslim","Female","Urban"
9941,12883,3,49,"Hindu","Female","Rural"
9942,4708,9,45,"Hindu","Female","Rural"
9943,16225,5,51,"Hindu","Female","Rural"
9944,10757,11,48,"Hindu","Female","Rural"
9945,5874,0,21,"Hindu","Male","Rural"
9946,95191,6,53,"Christian","Male","Urban"
9947,6400,0,45,"Hindu","Female","Rural"
9948,47088,12,27,"Hindu","Male","Rural"
9949,101831,3,24,"Hindu","Male","Rural"
9950,38427,0,34,"Hindu","Male","Rural"
9951,19733,10,48,"Hindu","Female","Urban"
9952,813430,10,32,"Hindu","Male","Urban"
9953,40829,2,38,"Hindu","Female","Rural"
9954,45003,0,43,"Buddhist","Female","Rural"
9955,29580,15,39,"Hindu","Male","Urban"
9956,81157,1,36,"Hindu","Male","Urban"
9957,1702,0,30,"Hindu","Female","Rural"
9958,19512,9,37,"Hindu","Male","Rural"
9959,41125,0,49,"Christian","Male","Rural"
9960,110214,8,35,"Hindu","Male","Rural"
9961,22868,7,40,"Hindu","Male","Rural"
9962,35519,0,18,"Hindu","Male","Urban"
9963,36789,0,29,"Hindu","Male","Rural"
9964,93900,10,44,"Hindu","Male","Urban"
9965,1895,4,37,"Buddhist","Female","Rural"
9966,15662,0,34,"Hindu","Male","Urban"
9967,52711,9,58,"Hindu","Female","Rural"
9968,14031,0,51,"Muslim","Male","Rural"
9969,523159,15,35,"Hindu","Male","Urban"
9970,16671,4,19,"Muslim","Male","Rural"
9971,48835,3,27,"Hindu","Male","Rural"
9972,71509,0,47,"Hindu","Male","Rural"
9973,21927,0,32,"Hindu","Male","Rural"
9974,20061,11,31,"Hindu","Male","Urban"
9975,246508,9,44,"Sikh","Male","Urban"
9976,21333,0,51,"Hindu","Female","Rural"
9977,39258,9,46,"Hindu","Male","Rural"
9978,8202,0,36,"Muslim","Male","Urban"
9979,12845,7,23,"Hindu","Male","Urban"
9980,57836,7,29,"Hindu","Female","Urban"
9981,44086,11,50,"Hindu","Male","Urban"
9982,77388,0,42,"Sikh","Male","Rural"
9983,39800,9,21,"Hindu","Male","Rural"
9984,4258,0,41,"Hindu","Female","Rural"
9985,566812,8,40,"Hindu","Male","Urban"
9986,32947,5,28,"Muslim","Male","Rural"
9987,121893,6,47,"Hindu","Male","Rural"
9988,1577,0,38,"Hindu","Male","Rural"
9989,55839,0,18,"Hindu","Male","Rural"
9990,115487,11,44,"Hindu","Female","Urban"
9991,27069,2,52,"Hindu","Male","Rural"
9992,18691,2,33,"Hindu","Male","Rural"
9993,23128,15,37,"Hindu","Male","Rural"
9994,124105,8,38,"Hindu","Male","Rural"
9995,19952,2,29,"Hindu","Male","Urban"
9996,15715,15,22,"Hindu","Male","Rural"
9997,28012,13,28,"Hindu","Female","Rural"
9998,13640,0,18,"Hindu","Male","Rural"
9999,323800,10,20,"Muslim","Male","Urban"
10000,7095,0,44,"Hindu","Male","Rural"
10001,33717,7,49,"Hindu","Female","Urban"
10002,6041,3,31,"Hindu","Female","Rural"
10003,7593,5,33,"Hindu","Male","Rural"
10004,167116,11,47,"Hindu","Male","Urban"
10005,34393,5,28,"Hindu","Female","Urban"
10006,358930,8,48,"Hindu","Female","Rural"
10007,29408,4,26,"Hindu","Male","Urban"
10008,14902,9,46,"Hindu","Male","Rural"
10009,2186,0,40,"Hindu","Female","Rural"
10010,13829,13,34,"Hindu","Female","Rural"
10011,31815,12,25,"Hindu","Female","Rural"
10012,201026,12,48,"Hindu","Male","Urban"
10013,27723,13,46,"Hindu","Male","Rural"
10014,12610,12,30,"Hindu","Female","Rural"
10015,62765,6,49,"Muslim","Female","Rural"
10016,11468,5,45,"Hindu","Male","Rural"
10017,93201,4,43,"Hindu","Male","Urban"
10018,107285,9,42,"Hindu","Male","Rural"
10019,4723,5,55,"Hindu","Male","Rural"
10020,23734,7,19,"Muslim","Male","Rural"
10021,7677,15,31,"Hindu","Female","Urban"
10022,20067,0,23,"Hindu","Male","Rural"
10023,81684,3,49,"Hindu","Female","Rural"
10024,5487,0,46,"Hindu","Male","Rural"
10025,453299,10,54,"Muslim","Male","Urban"
10026,20062,0,48,"Hindu","Male","Rural"
10027,2864,1,18,"Hindu","Male","Rural"
10028,12937,0,40,"Hindu","Male","Rural"
10029,2197,7,23,"Muslim","Female","Rural"
10030,22185,15,25,"Hindu","Male","Urban"
10031,717,0,30,"Hindu","Female","Rural"
10032,1319,0,45,"Hindu","Female","Rural"
10033,22484,10,37,"Hindu","Male","Rural"
10034,11871,0,52,"Hindu","Male","Rural"
10035,51295,15,45,"Hindu","Female","Rural"
10036,4087,9,44,"Hindu","Male","Rural"
10037,131133,14,33,"Hindu","Male","Urban"
10038,183817,3,41,"Hindu","Male","Urban"
10039,52461,15,53,"Hindu","Female","Urban"
10040,11064,4,39,"Hindu","Male","Urban"
10041,20742,1,41,"Hindu","Female","Rural"
10042,18845,8,44,"Hindu","Male","Rural"
10043,61580,0,37,"Hindu","Male","Rural"
10044,12413,1,38,"Hindu","Male","Rural"
10045,16302,10,41,"Hindu","Male","Rural"
10046,10954,4,37,"Hindu","Female","Rural"
10047,71146,13,44,"Muslim","Male","Rural"
10048,37030,11,41,"Hindu","Male","Rural"
10049,10918,9,45,"Hindu","Male","Rural"
10050,9119,5,27,"Hindu","Male","Rural"
10051,94656,13,33,"Christian","Male","Rural"
10052,21208,1,20,"Hindu","Male","Urban"
10053,61950,1,33,"Christian","Male","Rural"
10054,17070,4,29,"Muslim","Male","Rural"
10055,28419,0,34,"Hindu","Female","Rural"
10056,16616,4,33,"Muslim","Female","Rural"
10057,10651,8,26,"Hindu","Male","Rural"
10058,62935,0,27,"Hindu","Male","Rural"
10059,11351,1,52,"Hindu","Male","Rural"
10060,103275,7,43,"Hindu","Male","Rural"
10061,12590,0,51,"Hindu","Female","Rural"
10062,10674,7,50,"Hindu","Male","Rural"
10063,18167,10,44,"Hindu","Female","Rural"
10064,18694,6,22,"Hindu","Male","Rural"
10065,27095,14,58,"Hindu","Male","Urban"
10066,96226,7,35,"Hindu","Male","Rural"
10067,3923,0,46,"Hindu","Male","Rural"
10068,143008,11,41,"Christian","Female","Rural"
10069,3959,1,43,"Hindu","Male","Rural"
10070,32099,4,31,"Hindu","Female","Rural"
10071,23685,8,28,"Hindu","Male","Rural"
10072,34277,5,39,"Hindu","Male","Rural"
10073,396099,9,43,"Hindu","Female","Urban"
10074,23411,0,24,"Hindu","Male","Urban"
10075,20418,0,32,"Hindu","Male","Rural"
10076,11008,3,34,"Hindu","Male","Rural"
10077,144605,7,56,"Sikh","Male","Rural"
10078,32180,0,28,"Hindu","Male","Rural"
10079,130881,9,18,"Hindu","Male","Rural"
10080,126175,8,25,"Muslim","Male","Urban"
10081,11819,10,39,"Hindu","Male","Rural"
10082,16928,15,34,"Hindu","Female","Urban"
10083,114949,4,36,"Hindu","Male","Urban"
10084,21881,15,24,"Hindu","Female","Urban"
10085,10044,0,39,"Hindu","Male","Rural"
10086,49912,10,36,"Hindu","Male","Rural"
10087,8698,1,26,"Hindu","Male","Rural"
10088,11373,0,31,"Hindu","Male","Rural"
10089,44371,15,41,"Hindu","Male","Urban"
10090,49975,13,39,"Hindu","Male","Urban"
10091,4591,0,39,"Hindu","Male","Rural"
10092,222411,10,38,"Hindu","Male","Urban"
10093,24583,2,52,"Hindu","Female","Rural"
10094,18835,0,40,"Hindu","Male","Rural"
10095,31655,0,18,"Sikh","Male","Rural"
10096,4411,2,30,"Sikh","Female","Rural"
10097,55009,12,30,"Hindu","Male","Rural"
10098,10667,1,39,"Hindu","Male","Rural"
10099,42702,15,37,"Hindu","Male","Urban"
10100,4805,0,24,"Tribal","Female","Rural"
10101,107737,10,51,"Hindu","Male","Urban"
10102,2771,0,38,"Hindu","Female","Rural"
10103,26229,5,26,"Hindu","Female","Urban"
10104,116570,7,37,"Hindu","Male","Rural"
10105,83691,12,33,"Hindu","Male","Rural"
10106,21467,9,37,"Hindu","Female","Rural"
10107,33301,5,39,"Hindu","Male","Rural"
10108,15663,0,34,"Hindu","Male","Rural"
10109,9353,0,26,"Hindu","Male","Rural"
10110,4029,15,18,"Hindu","Female","Urban"
10111,15420,0,24,"Hindu","Male","Rural"
10112,21391,1,35,"Hindu","Male","Rural"
10113,3618,8,40,"Hindu","Female","Rural"
10114,17120,2,55,"Hindu","Female","Urban"
10115,2378,0,38,"Hindu","Female","Rural"
10116,29637,8,45,"Hindu","Male","Rural"
10117,85064,5,44,"Hindu","Male","Rural"
10118,6598,0,18,"Hindu","Female","Rural"
10119,24539,5,50,"Hindu","Male","Rural"
10120,223410,5,51,"Hindu","Male","Rural"
10121,17463,13,29,"Hindu","Male","Rural"
10122,33073,3,34,"Muslim","Female","Rural"
10123,6745,8,65,"Hindu","Female","Rural"
10124,30064,2,42,"Hindu","Female","Rural"
10125,13629,0,23,"Hindu","Male","Rural"
10126,8665,14,33,"Buddhist","Female","Rural"
10127,87802,13,39,"Hindu","Female","Urban"
10128,16673,4,41,"Hindu","Male","Urban"
10129,34176,12,26,"Hindu","Male","Urban"
10130,22956,0,50,"Hindu","Male","Rural"
10131,61163,3,20,"Muslim","Male","Rural"
10132,166532,12,35,"Hindu","Male","Rural"
10133,7067,6,53,"Muslim","Male","Urban"
10134,4116,6,30,"Hindu","Male","Rural"
10135,7331,9,43,"Hindu","Female","Rural"
10136,48474,0,40,"Tribal","Male","Rural"
10137,106383,15,49,"Hindu","Male","Urban"
10138,4675,0,18,"Muslim","Male","Rural"
10139,64246,9,18,"Hindu","Male","Rural"
10140,23612,6,28,"Hindu","Male","Rural"
10141,22050,0,53,"Hindu","Male","Rural"
10142,13697,9,35,"Hindu","Female","Rural"
10143,35667,0,41,"Hindu","Male","Rural"
10144,53751,4,29,"Sikh","Male","Urban"
10145,20884,8,50,"Muslim","Female","Rural"
10146,69512,12,46,"Hindu","Male","Rural"
10147,126884,0,23,"Sikh","Male","Urban"
10148,51253,12,33,"Hindu","Male","Rural"
10149,30037,0,18,"Hindu","Male","Urban"
10150,3613,6,51,"Hindu","Male","Rural"
10151,14064,3,31,"Hindu","Female","Rural"
10152,11034,0,52,"Sikh","Male","Rural"
10153,164988,15,34,"Hindu","Male","Urban"
10154,21258,2,51,"Hindu","Female","Rural"
10155,135286,13,37,"Hindu","Male","Urban"
10156,44629,5,64,"Muslim","Male","Urban"
10157,5160,9,22,"Hindu","Female","Rural"
10158,12132,0,41,"Hindu","Female","Rural"
10159,5006,10,35,"Hindu","Female","Urban"
10160,39645,13,55,"Hindu","Male","Rural"
10161,95072,9,23,"Hindu","Male","Urban"
10162,54168,0,48,"Hindu","Male","Rural"
10163,10367,4,27,"Hindu","Female","Rural"
10164,32642,13,28,"Hindu","Male","Rural"
10165,1312,10,40,"Hindu","Male","Rural"
10166,40630,6,41,"Hindu","Male","Rural"
10167,34370,2,30,"Hindu","Male","Rural"
10168,10230,1,20,"Hindu","Male","Rural"
10169,482835,4,32,"Hindu","Male","Urban"
10170,7875,13,18,"Hindu","Male","Rural"
10171,28441,8,32,"Muslim","Male","Rural"
10172,8629,11,38,"Hindu","Female","Rural"
10173,543425,9,49,"Hindu","Male","Urban"
10174,72975,3,32,"Hindu","Male","Urban"
10175,42988,6,28,"Muslim","Male","Rural"
10176,79429,5,42,"Hindu","Male","Urban"
10177,9385,3,34,"Hindu","Male","Rural"
10178,36736,5,36,"Hindu","Male","Rural"
10179,52024,0,53,"Hindu","Male","Rural"
10180,6453,8,33,"Hindu","Male","Rural"
10181,7666,0,47,"Hindu","Female","Rural"
10182,29681,15,23,"Buddhist","Male","Urban"
10183,4847,9,29,"Hindu","Female","Urban"
10184,47118,4,22,"Hindu","Male","Urban"
10185,54545,0,45,"Hindu","Male","Urban"
10186,62299,12,18,"Hindu","Male","Rural"
10187,53186,15,25,"Hindu","Male","Urban"
10188,279895,3,28,"Hindu","Male","Rural"
10189,30053,9,34,"Hindu","Male","Rural"
10190,11438,4,43,"Hindu","Male","Rural"
10191,18646,7,57,"Muslim","Female","Rural"
10192,69612,0,42,"Hindu","Female","Rural"
10193,19646,5,18,"Hindu","Male","Urban"
10194,26746,8,30,"Hindu","Male","Rural"
10195,1853,6,27,"Hindu","Female","Rural"
10196,12496,0,45,"Hindu","Male","Urban"
10197,26486,5,54,"Hindu","Female","Rural"
10198,5004,0,18,"Hindu","Male","Rural"
10199,5712,5,33,"Hindu","Male","Rural"
10200,4984,5,40,"Hindu","Female","Rural"
10201,69931,14,33,"Hindu","Female","Rural"
10202,233775,15,49,"Muslim","Female","Rural"
10203,37237,10,31,"Christian","Female","Rural"
10204,13118,0,43,"Hindu","Male","Rural"
10205,11164,15,50,"Hindu","Male","Rural"
10206,13182,11,44,"Hindu","Male","Rural"
10207,10228,2,48,"Hindu","Male","Urban"
10208,42497,0,18,"Hindu","Male","Rural"
10209,20959,11,56,"Hindu","Male","Rural"
10210,151693,9,52,"Muslim","Male","Rural"
10211,7446,8,43,"Muslim","Female","Rural"
10212,32320,10,30,"Hindu","Male","Rural"
10213,1784,1,46,"Hindu","Female","Rural"
10214,6287,4,27,"Hindu","Male","Rural"
10215,3010,9,40,"Hindu","Male","Rural"
10216,52920,13,55,"Hindu","Male","Urban"
10217,9684,8,52,"Hindu","Female","Rural"
10218,45776,3,50,"Hindu","Male","Rural"
10219,7198,0,46,"Hindu","Female","Rural"
10220,11627,9,42,"Hindu","Male","Rural"
10221,15814,9,27,"Hindu","Male","Rural"
10222,5456,2,26,"Muslim","Female","Rural"
10223,25825,2,49,"Hindu","Male","Urban"
10224,5155,11,20,"Hindu","Female","Rural"
10225,14243,3,49,"Hindu","Male","Rural"
10226,5776,0,56,"Buddhist","Male","Rural"
10227,28111,15,27,"Hindu","Male","Rural"
10228,43235,1,27,"Sikh","Male","Rural"
10229,80559,3,18,"Hindu","Male","Urban"
10230,8921,10,48,"Hindu","Female","Rural"
10231,17705,0,44,"Muslim","Male","Urban"
10232,14416,0,18,"Muslim","Male","Rural"
10233,16860,9,54,"Hindu","Male","Rural"
10234,113169,12,20,"Muslim","Male","Urban"
10235,288837,15,60,"Muslim","Male","Urban"
10236,6249,1,25,"Hindu","Female","Rural"
10237,3318,0,55,"Hindu","Male","Rural"
10238,25611,0,32,"Hindu","Male","Rural"
10239,46747,7,35,"Hindu","Male","Rural"
10240,35156,4,48,"Hindu","Male","Rural"
10241,2074493,12,48,"Christian","Male","Rural"
10242,32962,13,46,"Hindu","Male","Rural"
10243,25056,7,49,"Hindu","Male","Rural"
10244,19920,6,48,"Hindu","Male","Urban"
10245,27457,11,30,"Hindu","Male","Rural"
10246,24498,11,39,"Hindu","Male","Urban"
10247,20156,0,30,"Hindu","Male","Urban"
10248,10484,4,18,"Hindu","Female","Rural"
10249,38441,15,49,"Hindu","Male","Urban"
10250,18623,6,50,"Hindu","Male","Rural"
10251,115677,2,35,"Hindu","Male","Urban"
10252,5495,0,29,"Hindu","Male","Rural"
10253,10915,5,33,"Hindu","Male","Rural"
10254,21441,0,51,"Muslim","Female","Rural"
10255,11852,8,31,"Hindu","Male","Rural"
10256,88725,8,45,"Hindu","Male","Rural"
10257,74913,13,56,"Muslim","Male","Rural"
10258,4683,0,36,"Muslim","Male","Rural"
10259,5296,6,52,"Hindu","Male","Rural"
10260,12927,0,37,"Hindu","Male","Rural"
10261,31845,0,52,"Hindu","Male","Rural"
10262,29334,0,50,"Hindu","Male","Urban"
10263,8276,3,32,"Hindu","Male","Rural"
10264,18929,9,41,"Buddhist","Female","Urban"
10265,64181,9,47,"Hindu","Male","Rural"
10266,30376,15,28,"Hindu","Female","Urban"
10267,25485,14,65,"Buddhist","Female","Urban"
10268,1886,7,48,"Hindu","Male","Rural"
10269,4816,0,37,"Hindu","Male","Rural"
10270,11243,1,30,"Hindu","Male","Rural"
10271,39880,0,39,"Hindu","Male","Rural"
10272,9754,0,53,"Hindu","Male","Rural"
10273,41122,0,60,"Hindu","Female","Rural"
10274,17769,15,26,"Tribal","Male","Rural"
10275,85618,6,30,"Hindu","Male","Rural"
10276,6242,3,18,"Hindu","Male","Rural"
10277,33500,10,48,"Hindu","Male","Rural"
10278,3501,3,42,"Hindu","Male","Urban"
10279,35763,0,65,"Hindu","Male","Rural"
10280,117505,11,42,"Muslim","Male","Urban"
10281,49483,11,39,"Hindu","Male","Rural"
10282,10747,8,50,"Hindu","Male","Rural"
10283,166523,3,50,"Hindu","Female","Rural"
10284,7117,0,19,"Hindu","Male","Rural"
10285,7634,9,42,"Muslim","Female","Rural"
10286,38771,0,47,"Sikh","Male","Rural"
10287,3234,0,33,"Hindu","Female","Rural"
10288,9874,4,36,"Hindu","Male","Urban"
10289,141186,0,34,"Hindu","Male","Rural"
10290,3905,3,18,"Hindu","Female","Rural"
10291,62618,2,44,"Hindu","Male","Rural"
10292,11213,0,22,"Hindu","Male","Rural"
10293,21904,8,46,"Hindu","Male","Rural"
10294,18043,13,19,"Hindu","Female","Rural"
10295,20396,6,18,"Hindu","Male","Rural"
10296,34417,12,30,"Hindu","Male","Rural"
10297,145126,15,21,"Jain","Male","Rural"
10298,98204,11,42,"Hindu","Male","Urban"
10299,13431,2,48,"Hindu","Male","Rural"
10300,29096,10,41,"Hindu","Male","Urban"
10301,5586,11,45,"Hindu","Male","Rural"
10302,53231,0,37,"Hindu","Male","Rural"
10303,16522,2,30,"Muslim","Male","Urban"
10304,176451,15,43,"Hindu","Male","Rural"
10305,25489,1,65,"Hindu","Female","Urban"
10306,23146,3,61,"Hindu","Male","Rural"
10307,155379,15,46,"Hindu","Male","Urban"
10308,5361,4,51,"Christian","Female","Rural"
10309,11240,2,33,"Hindu","Female","Rural"
10310,10383,4,58,"Muslim","Male","Urban"
10311,2408,0,40,"Hindu","Male","Rural"
10312,7375,0,40,"Hindu","Male","Rural"
10313,5094,2,37,"Hindu","Female","Rural"
10314,8701,10,20,"Hindu","Male","Rural"
10315,137063,3,58,"Hindu","Male","Rural"
10316,2629,6,36,"Muslim","Male","Rural"
10317,26464,3,59,"Hindu","Male","Rural"
10318,30895,0,28,"Muslim","Female","Rural"
10319,11299,7,36,"Sikh","Male","Rural"
10320,36381,10,19,"Hindu","Male","Urban"
10321,26789,2,32,"Hindu","Male","Rural"
10322,46773,7,39,"Hindu","Male","Rural"
10323,5407,0,52,"Hindu","Female","Rural"
10324,3362,0,18,"Hindu","Female","Rural"
10325,65431,15,18,"Hindu","Male","Urban"
10326,17540,13,39,"Hindu","Male","Rural"
10327,71702,15,35,"Hindu","Female","Urban"
10328,19779,6,22,"Hindu","Male","Urban"
10329,33551,11,43,"Christian","Male","Rural"
10330,9873,5,39,"Muslim","Female","Rural"
10331,141060,0,28,"Hindu","Male","Urban"
10332,38108,9,41,"Christian","Female","Urban"
10333,78523,14,49,"Hindu","Female","Urban"
10334,194373,12,32,"Hindu","Male","Rural"
10335,101482,3,31,"Hindu","Male","Urban"
10336,14192,0,34,"Muslim","Male","Rural"
10337,72489,15,43,"Hindu","Male","Urban"
10338,7891,0,39,"Hindu","Male","Rural"
10339,17793,9,49,"Hindu","Male","Rural"
10340,3529,2,24,"Hindu","Male","Rural"
10341,44182,8,24,"Hindu","Female","Urban"
10342,35126,4,31,"Muslim","Male","Rural"
10343,12685,0,31,"Hindu","Male","Urban"
10344,50202,1,48,"Hindu","Female","Rural"
10345,60739,11,26,"Hindu","Female","Rural"
10346,35367,14,60,"Hindu","Female","Rural"
10347,179614,12,27,"Sikh","Male","Urban"
10348,88130,13,61,"Hindu","Male","Urban"
10349,21828,2,18,"Sikh","Male","Rural"
10350,18345,0,21,"Hindu","Male","Rural"
10351,4609,0,56,"Hindu","Female","Rural"
10352,13838,0,46,"Hindu","Male","Rural"
10353,69827,6,57,"Hindu","Male","Rural"
10354,29790,6,31,"Muslim","Male","Rural"
10355,12380,3,40,"Hindu","Male","Rural"
10356,14031,8,28,"Hindu","Female","Rural"
10357,45741,15,44,"Hindu","Male","Urban"
10358,22656,9,21,"Hindu","Male","Rural"
10359,5326,0,46,"Hindu","Male","Rural"
10360,9203,12,28,"Christian","Female","Rural"
10361,18047,13,54,"Hindu","Male","Rural"
10362,10306,0,30,"Hindu","Female","Rural"
10363,4307,5,35,"Hindu","Female","Rural"
10364,8862,5,41,"Muslim","Female","Rural"
10365,11508,2,35,"Hindu","Female","Rural"
10366,17126,9,44,"Hindu","Male","Rural"
10367,5428,4,18,"Hindu","Female","Rural"
10368,30786,11,28,"Hindu","Male","Rural"
10369,3005,0,38,"Hindu","Male","Rural"
10370,19010,6,42,"Hindu","Female","Rural"
10371,8506,0,31,"Hindu","Female","Rural"
10372,140827,9,29,"Hindu","Male","Rural"
10373,242285,12,32,"Hindu","Male","Urban"
10374,4061,2,23,"Hindu","Female","Rural"
10375,6690,5,35,"Hindu","Female","Rural"
10376,29190,5,23,"Hindu","Male","Rural"
10377,2326,0,32,"Hindu","Male","Rural"
10378,20741,6,65,"Hindu","Male","Rural"
10379,138143,12,48,"Hindu","Male","Rural"
10380,4092,5,54,"Hindu","Female","Rural"
10381,25640,9,42,"Hindu","Male","Rural"
10382,15750,0,49,"Hindu","Male","Rural"
10383,13757,2,19,"Hindu","Male","Urban"
10384,43561,0,18,"Hindu","Male","Rural"
10385,569576,6,38,"Hindu","Male","Urban"
10386,25849,7,46,"Hindu","Male","Urban"
10387,18572,0,65,"Hindu","Female","Rural"
10388,119520,5,51,"Hindu","Male","Rural"
10389,41427,15,38,"Hindu","Female","Rural"
10390,49872,11,43,"Hindu","Male","Rural"
10391,7765,0,40,"Hindu","Female","Rural"
10392,9865,0,57,"Hindu","Male","Rural"
10393,28251,0,44,"Christian","Male","Rural"
10394,25862,15,40,"Hindu","Male","Urban"
10395,60591,0,42,"Christian","Female","Rural"
10396,123540,8,29,"Hindu","Male","Urban"
10397,89708,9,30,"Hindu","Male","Urban"
10398,27464,6,37,"Hindu","Male","Rural"
10399,90137,7,42,"Muslim","Male","Rural"
10400,242795,10,43,"Muslim","Male","Urban"
10401,9232,6,53,"Hindu","Female","Rural"
10402,93159,13,18,"Hindu","Female","Urban"
10403,14950,6,56,"Hindu","Female","Urban"
10404,121637,6,37,"Christian","Male","Rural"
10405,31627,4,50,"Hindu","Male","Rural"
10406,19442,10,31,"Hindu","Male","Rural"
10407,12555,4,55,"Hindu","Female","Rural"
10408,62852,0,39,"Hindu","Male","Urban"
10409,95123,13,29,"Christian","Male","Urban"
10410,28513,5,32,"Hindu","Male","Urban"
10411,46411,9,33,"Sikh","Male","Rural"
10412,64815,12,27,"Hindu","Female","Urban"
10413,316811,4,48,"Hindu","Male","Urban"
10414,2242,0,26,"Hindu","Female","Rural"
10415,53390,3,40,"Hindu","Male","Urban"
10416,89472,12,49,"Hindu","Female","Urban"
10417,5678,1,44,"Hindu","Male","Rural"
10418,20222,8,37,"Hindu","Male","Urban"
10419,789,4,20,"Hindu","Female","Rural"
10420,42652,9,39,"Hindu","Male","Rural"
10421,9943,0,34,"Hindu","Male","Rural"
10422,47549,0,26,"Hindu","Male","Rural"
10423,9285,0,38,"Hindu","Female","Urban"
10424,27348,5,36,"Hindu","Male","Urban"
10425,30955,2,18,"Hindu","Male","Rural"
10426,5957,11,36,"Hindu","Male","Rural"
10427,12539,3,44,"Hindu","Female","Rural"
10428,24234,0,32,"Hindu","Male","Rural"
10429,31377,6,34,"Hindu","Female","Rural"
10430,10189,0,31,"Hindu","Male","Rural"
10431,5032,0,39,"Hindu","Male","Rural"
10432,37110,15,33,"Hindu","Female","Rural"
10433,143054,15,33,"Hindu","Female","Rural"
10434,35782,4,22,"Hindu","Male","Urban"
10435,26201,0,37,"Hindu","Female","Rural"
10436,95253,13,45,"Muslim","Male","Rural"
10437,11465,0,39,"Hindu","Female","Rural"
10438,12349,0,23,"Hindu","Male","Rural"
10439,39487,4,23,"Sikh","Male","Urban"
10440,16025,4,47,"Hindu","Male","Rural"
10441,39960,0,60,"Hindu","Male","Rural"
10442,181667,10,41,"Hindu","Male","Rural"
10443,27415,15,20,"Hindu","Female","Rural"
10444,11420,0,58,"Hindu","Female","Rural"
10445,25354,9,33,"Hindu","Female","Rural"
10446,54456,5,42,"Hindu","Female","Urban"
10447,30081,2,30,"Hindu","Male","Rural"
10448,50054,10,47,"Hindu","Male","Rural"
10449,2632,5,43,"Hindu","Male","Rural"
10450,6792,14,41,"Hindu","Female","Rural"
10451,37696,7,47,"Hindu","Male","Rural"
10452,5089,1,25,"Hindu","Female","Rural"
10453,100564,15,61,"Hindu","Male","Urban"
10454,29968,1,45,"Hindu","Male","Rural"
10455,122622,0,39,"Hindu","Male","Urban"
10456,110916,4,48,"Hindu","Male","Urban"
10457,86238,3,45,"Hindu","Male","Urban"
10458,59232,13,32,"Buddhist","Male","Urban"
10459,28072,2,18,"Hindu","Male","Rural"
10460,48151,2,18,"Hindu","Male","Rural"
10461,28092,0,48,"Hindu","Male","Rural"
10462,13392,2,44,"Hindu","Male","Rural"
10463,34501,8,36,"Hindu","Male","Rural"
10464,39647,7,19,"Hindu","Female","Rural"
10465,162162,10,43,"Hindu","Male","Rural"
10466,4906,0,30,"Hindu","Female","Rural"
10467,32622,3,64,"Hindu","Male","Rural"
10468,21852,4,29,"Hindu","Male","Rural"
10469,148818,0,31,"Buddhist","Male","Urban"
10470,58343,7,40,"Hindu","Male","Urban"
10471,16904,2,39,"Hindu","Male","Rural"
10472,54997,0,51,"Hindu","Male","Rural"
10473,18482,7,45,"Hindu","Male","Urban"
10474,29866,0,47,"Hindu","Female","Rural"
10475,22523,15,43,"Hindu","Male","Rural"
10476,20018,7,43,"Hindu","Female","Urban"
10477,117880,0,44,"Hindu","Male","Rural"
10478,36092,0,53,"Hindu","Male","Rural"
10479,8236,10,38,"Hindu","Female","Rural"
10480,160357,0,40,"Hindu","Male","Urban"
10481,33323,4,42,"Hindu","Male","Rural"
10482,101951,14,47,"Hindu","Male","Rural"
10483,18035,8,21,"Hindu","Male","Rural"
10484,39200,13,26,"Hindu","Male","Urban"
10485,17775,7,59,"Hindu","Female","Rural"
10486,38419,9,34,"Hindu","Male","Rural"
10487,51443,5,23,"Hindu","Male","Rural"
10488,58010,2,18,"Hindu","Male","Urban"
10489,48159,0,35,"Muslim","Male","Rural"
10490,25458,10,42,"Buddhist","Male","Rural"
10491,9258,0,30,"Hindu","Male","Rural"
10492,23435,3,18,"Hindu","Female","Rural"
10493,31825,13,36,"Hindu","Male","Rural"
10494,65367,13,38,"Hindu","Male","Rural"
10495,18054,13,39,"Hindu","Male","Rural"
10496,94415,9,29,"Muslim","Male","Rural"
10497,27665,0,32,"Christian","Female","Rural"
10498,24070,7,33,"Hindu","Male","Rural"
10499,113903,6,34,"Hindu","Male","Urban"
10500,61477,13,26,"Hindu","Male","Rural"
10501,281672,8,45,"Hindu","Male","Urban"
10502,9177,11,33,"Hindu","Male","Rural"
10503,21044,7,42,"Hindu","Male","Rural"
10504,20340,0,18,"Hindu","Female","Urban"
10505,8615,0,18,"Hindu","Male","Rural"
10506,28858,6,31,"Hindu","Female","Rural"
10507,11019,8,45,"Hindu","Male","Rural"
10508,4983,0,18,"Hindu","Male","Rural"
10509,10062,9,53,"Hindu","Male","Rural"
10510,13309,0,18,"Hindu","Female","Rural"
10511,147910,9,51,"Hindu","Male","Rural"
10512,120936,14,47,"Hindu","Male","Urban"
10513,44725,0,33,"Hindu","Male","Urban"
10514,29869,0,43,"Hindu","Male","Rural"
10515,259039,6,41,"Hindu","Male","Rural"
10516,44281,15,34,"Hindu","Male","Rural"
10517,11826,13,40,"Christian","Female","Rural"
10518,61631,5,22,"Hindu","Male","Rural"
10519,9400,0,45,"Hindu","Male","Rural"
10520,14484,3,30,"Hindu","Male","Rural"
10521,51191,0,41,"Hindu","Male","Urban"
10522,55617,15,29,"Tribal","Female","Urban"
10523,106776,6,47,"Hindu","Male","Rural"
10524,13676,6,40,"Muslim","Male","Rural"
10525,183227,8,50,"Muslim","Male","Urban"
10526,263188,5,52,"Hindu","Female","Urban"
10527,36838,8,65,"Hindu","Female","Rural"
10528,50466,6,46,"Hindu","Male","Rural"
10529,37634,0,38,"Hindu","Male","Rural"
10530,12039,6,22,"Hindu","Female","Rural"
10531,2977,10,31,"Christian","Female","Rural"
10532,129227,15,18,"Sikh","Male","Urban"
10533,12833,13,29,"Hindu","Female","Rural"
10534,17255,0,42,"Christian","Male","Rural"
10535,107545,2,36,"Hindu","Male","Urban"
10536,1444,4,45,"Muslim","Male","Urban"
10537,676,0,18,"Hindu","Female","Rural"
10538,3427,0,28,"Hindu","Female","Rural"
10539,67394,10,30,"Muslim","Male","Urban"
10540,17268,7,47,"Muslim","Male","Rural"
10541,56367,12,29,"Christian","Male","Rural"
10542,59502,12,30,"Hindu","Male","Urban"
10543,40823,11,37,"Hindu","Male","Urban"
10544,66461,13,38,"Hindu","Male","Rural"
10545,196605,5,24,"Sikh","Male","Urban"
10546,50501,0,20,"Christian","Female","Rural"
10547,33101,0,46,"Hindu","Male","Rural"
10548,6904,11,22,"Hindu","Female","Rural"
10549,32091,13,25,"Hindu","Male","Rural"
10550,19944,8,53,"Hindu","Female","Rural"
10551,68460,8,37,"Hindu","Male","Rural"
10552,21727,4,51,"Hindu","Male","Rural"
10553,4121,1,57,"Hindu","Female","Rural"
10554,21937,4,26,"Hindu","Male","Rural"
10555,3260,0,40,"Hindu","Male","Rural"
10556,3050,0,42,"Muslim","Male","Rural"
10557,34835,0,65,"Muslim","Male","Rural"
10558,5590,1,21,"Hindu","Female","Rural"
10559,5723,3,39,"Hindu","Male","Rural"
10560,12091,3,32,"Hindu","Male","Urban"
10561,4765,0,46,"Hindu","Female","Rural"
10562,17642,0,39,"Buddhist","Male","Rural"
10563,20861,4,62,"Hindu","Male","Rural"
10564,17670,2,29,"Hindu","Male","Rural"
10565,47228,13,24,"Hindu","Male","Urban"
10566,21391,10,32,"Hindu","Male","Urban"
10567,32336,0,36,"Muslim","Male","Rural"
10568,23454,6,37,"Hindu","Male","Rural"
10569,107986,6,22,"Hindu","Male","Urban"
10570,159208,15,52,"Hindu","Male","Urban"
10571,50011,1,33,"Buddhist","Male","Rural"
10572,12229,5,53,"Hindu","Male","Urban"
10573,27251,7,18,"Hindu","Male","Rural"
10574,1207,0,46,"Hindu","Male","Rural"
10575,63720,2,24,"Hindu","Male","Urban"
10576,6811,7,28,"Hindu","Male","Rural"
10577,12668,1,60,"Hindu","Male","Rural"
10578,21820,14,18,"Hindu","Female","Rural"
10579,53445,13,23,"Hindu","Male","Rural"
10580,8795,0,46,"Hindu","Female","Rural"
10581,28715,7,25,"Hindu","Male","Rural"
10582,6928,0,37,"Hindu","Female","Rural"
10583,8234,10,39,"Hindu","Female","Rural"
10584,33894,0,38,"Hindu","Male","Rural"
10585,10864,3,44,"Hindu","Male","Rural"
10586,23506,10,31,"Hindu","Male","Rural"
10587,2727,1,28,"Hindu","Female","Rural"
10588,45269,9,35,"Hindu","Male","Urban"
10589,17167,0,57,"Hindu","Male","Rural"
10590,1716,0,18,"Hindu","Female","Rural"
10591,7763,0,26,"Hindu","Female","Rural"
10592,2559,2,24,"Christian","Male","Rural"
10593,51730,15,39,"Hindu","Female","Rural"
10594,20472,0,61,"Hindu","Male","Rural"
10595,18260,8,21,"Hindu","Male","Rural"
10596,94718,14,57,"Hindu","Female","Rural"
10597,35371,0,27,"Hindu","Male","Rural"
10598,21278,11,27,"Hindu","Female","Rural"
10599,3270,3,31,"Hindu","Female","Rural"
10600,22602,2,31,"Hindu","Male","Rural"
10601,21413,2,39,"Muslim","Male","Rural"
10602,43329,12,50,"Hindu","Male","Rural"
10603,6832,11,43,"Muslim","Female","Rural"
10604,41813,0,36,"Hindu","Male","Rural"
10605,17056,12,47,"Hindu","Female","Rural"
10606,37777,7,65,"Hindu","Female","Rural"
10607,22808,1,45,"Hindu","Female","Rural"
10608,174751,15,59,"Hindu","Male","Rural"
10609,32558,8,48,"Hindu","Female","Rural"
10610,8861,0,39,"Hindu","Female","Rural"
10611,193840,10,44,"Hindu","Male","Urban"
10612,45499,7,37,"Hindu","Female","Rural"
10613,68631,0,59,"Hindu","Male","Rural"
10614,128219,2,38,"Hindu","Male","Rural"
10615,8426,5,62,"Hindu","Female","Rural"
10616,44854,8,47,"Hindu","Male","Urban"
10617,10440,1,30,"Muslim","Male","Rural"
10618,19178,0,40,"Muslim","Male","Rural"
10619,38817,8,65,"Hindu","Male","Rural"
10620,23928,0,24,"Hindu","Male","Rural"
10621,25783,7,52,"Sikh","Male","Rural"
10622,49390,2,28,"Hindu","Male","Rural"
10623,13242,10,56,"Hindu","Male","Rural"
10624,33931,8,49,"Hindu","Male","Rural"
10625,5944,6,28,"Hindu","Female","Rural"
10626,7232,6,32,"Hindu","Female","Rural"
10627,82871,6,45,"Hindu","Male","Rural"
10628,22684,6,53,"Hindu","Male","Rural"
10629,3132,9,35,"Hindu","Female","Rural"
10630,51820,15,26,"Hindu","Male","Urban"
10631,18078,15,18,"Hindu","Female","Urban"
10632,41060,4,43,"Hindu","Male","Rural"
10633,2272,5,29,"Hindu","Male","Rural"
10634,195479,12,49,"Hindu","Male","Rural"
10635,64342,2,41,"Hindu","Male","Urban"
10636,21019,10,40,"Hindu","Male","Urban"
10637,15233,9,52,"Hindu","Male","Rural"
10638,118936,3,63,"Hindu","Male","Urban"
10639,279098,5,28,"Hindu","Male","Rural"
10640,63084,12,29,"Hindu","Male","Urban"
10641,3506,1,50,"Hindu","Female","Rural"
10642,39131,1,18,"Hindu","Male","Rural"
10643,7288,1,23,"Muslim","Female","Rural"
10644,46010,5,40,"Sikh","Male","Rural"
10645,49561,15,62,"Hindu","Female","Urban"
10646,51232,6,27,"Hindu","Male","Rural"
10647,2711,0,50,"Hindu","Female","Rural"
10648,21194,0,27,"Muslim","Male","Urban"
10649,8617,6,33,"Hindu","Male","Rural"
10650,199756,10,51,"Hindu","Male","Urban"
10651,48807,0,43,"Hindu","Male","Rural"
10652,2400,1,18,"Hindu","Female","Rural"
10653,13120,8,49,"Hindu","Male","Rural"
10654,3783,6,29,"Hindu","Female","Rural"
10655,425158,12,48,"Hindu","Male","Rural"
10656,7389,7,42,"Hindu","Male","Rural"
10657,378420,4,46,"Muslim","Male","Urban"
10658,22438,2,55,"Jain","Male","Rural"
10659,11391,10,25,"Hindu","Male","Rural"
10660,30858,7,50,"Hindu","Male","Rural"
10661,5661,0,32,"Hindu","Male","Rural"
10662,13399,13,48,"Hindu","Male","Rural"
10663,7732,13,27,"Hindu","Female","Rural"
10664,96318,9,32,"Muslim","Female","Urban"
10665,99912,7,25,"Muslim","Male","Rural"
10666,3307,4,42,"Muslim","Female","Rural"
10667,10056,13,44,"Hindu","Female","Rural"
10668,35646,0,43,"Hindu","Male","Rural"
10669,128519,1,32,"Christian","Male","Urban"
10670,68723,6,41,"Hindu","Male","Urban"
10671,9817,1,25,"Hindu","Female","Rural"
10672,59748,5,46,"Hindu","Male","Urban"
10673,15922,0,35,"Muslim","Male","Urban"
10674,32934,2,30,"Hindu","Male","Urban"
10675,26618,5,23,"Hindu","Male","Rural"
10676,1479,4,22,"Hindu","Male","Rural"
10677,6333,2,36,"Hindu","Female","Rural"
10678,3622,6,18,"Hindu","Female","Rural"
10679,31170,1,28,"Hindu","Male","Rural"
10680,25154,8,20,"Hindu","Male","Urban"
10681,88381,12,57,"Hindu","Male","Rural"
10682,26307,11,65,"Hindu","Male","Urban"
10683,12080,10,20,"Hindu","Female","Urban"
10684,20912,3,39,"Sikh","Male","Rural"
10685,13258,5,39,"Hindu","Female","Rural"
10686,17617,8,53,"Hindu","Male","Rural"
10687,5234,0,37,"Hindu","Female","Rural"
10688,2746,1,41,"Hindu","Female","Rural"
10689,141156,11,64,"Muslim","Male","Urban"
10690,30353,5,31,"Hindu","Male","Urban"
10691,39318,10,24,"Sikh","Male","Rural"
10692,9738,2,58,"Muslim","Male","Rural"
10693,29904,4,42,"Hindu","Male","Rural"
10694,16125,3,41,"Muslim","Male","Rural"
10695,10887,11,55,"Hindu","Female","Rural"
10696,42771,4,39,"Hindu","Male","Rural"
10697,11427,2,33,"Hindu","Male","Rural"
10698,137891,12,47,"Hindu","Male","Urban"
10699,40408,13,48,"Hindu","Female","Rural"
10700,102474,15,53,"Hindu","Male","Urban"
10701,32968,1,30,"Muslim","Male","Rural"
10702,9504,1,38,"Hindu","Male","Rural"
10703,180377,4,38,"Hindu","Male","Rural"
10704,13560,0,30,"Hindu","Male","Rural"
10705,152847,10,39,"Hindu","Male","Rural"
10706,231421,11,25,"Hindu","Male","Urban"
10707,5770,12,41,"Hindu","Male","Rural"
10708,16699,15,43,"Hindu","Female","Rural"
10709,189976,4,57,"Hindu","Male","Urban"
10710,98339,0,41,"Hindu","Male","Urban"
10711,933,2,35,"Buddhist","Female","Rural"
10712,130861,10,27,"Hindu","Male","Urban"
10713,11235,0,18,"Hindu","Male","Rural"
10714,185611,15,18,"Hindu","Female","Rural"
10715,49633,15,35,"Hindu","Male","Urban"
10716,5340,0,35,"Hindu","Female","Urban"
10717,44122,4,34,"Hindu","Male","Rural"
10718,8375,4,18,"Muslim","Female","Rural"
10719,331415,13,18,"Hindu","Female","Urban"
10720,6272,7,33,"Hindu","Male","Rural"
10721,15691,0,20,"Christian","Male","Rural"
10722,40867,4,20,"Hindu","Male","Urban"
10723,253222,15,20,"Hindu","Female","Urban"
10724,134033,6,46,"Hindu","Male","Urban"
10725,35182,12,20,"Hindu","Male","Rural"
10726,10858,0,34,"Hindu","Male","Rural"
10727,17790,5,43,"Hindu","Male","Rural"
10728,22292,3,51,"Hindu","Male","Rural"
10729,25335,12,50,"Hindu","Female","Rural"
10730,5331,0,58,"Hindu","Male","Rural"
10731,118345,15,39,"Christian","Male","Rural"
10732,49542,14,29,"Hindu","Male","Urban"
10733,3423,1,41,"Hindu","Male","Rural"
10734,18052,0,39,"Christian","Male","Rural"
10735,1437,1,26,"Hindu","Female","Rural"
10736,8037,5,33,"Hindu","Male","Rural"
10737,16665,7,42,"Hindu","Male","Urban"
10738,2127,9,40,"Hindu","Female","Rural"
10739,27450,12,49,"Christian","Male","Urban"
10740,15914,0,59,"Hindu","Female","Rural"
10741,52663,13,30,"Hindu","Male","Urban"
10742,14511,9,44,"Hindu","Female","Urban"
10743,1639,0,18,"Hindu","Female","Rural"
10744,22144,0,59,"Christian","Male","Rural"
10745,241912,11,56,"Hindu","Male","Urban"
10746,4306,0,36,"Hindu","Male","Rural"
10747,124158,11,34,"Hindu","Male","Rural"
10748,3618,2,41,"Hindu","Female","Rural"
10749,22392,0,34,"Hindu","Male","Urban"
10750,273916,12,38,"Hindu","Male","Urban"
10751,7959,10,24,"Hindu","Female","Rural"
10752,6669,8,61,"Hindu","Male","Rural"
10753,3523,0,31,"Buddhist","Male","Rural"
10754,71812,0,57,"Hindu","Male","Urban"
10755,1541388,15,48,"Hindu","Male","Urban"
10756,40726,0,40,"Hindu","Female","Rural"
10757,3755,7,44,"Hindu","Male","Rural"
10758,44886,13,33,"Hindu","Male","Urban"
10759,39036,8,44,"Hindu","Male","Rural"
10760,9585,8,30,"Hindu","Male","Rural"
10761,58819,9,24,"Hindu","Male","Urban"
10762,1458,6,30,"Hindu","Female","Rural"
10763,30946,7,48,"Hindu","Female","Rural"
10764,96119,4,41,"Hindu","Male","Urban"
10765,10492,8,30,"Hindu","Male","Urban"
10766,13119,0,33,"Hindu","Male","Rural"
10767,86477,1,49,"Muslim","Male","Urban"
10768,221771,13,39,"Hindu","Male","Urban"
10769,1429831,14,39,"Christian","Male","Rural"
10770,9582,15,31,"Hindu","Male","Rural"
10771,10351,9,31,"Hindu","Female","Rural"
10772,6289,0,57,"Hindu","Female","Rural"
10773,13278,12,45,"Hindu","Female","Urban"
10774,3797,4,34,"Hindu","Male","Rural"
10775,24760,10,33,"Hindu","Male","Rural"
10776,36105,8,37,"Hindu","Male","Rural"
10777,13129,0,39,"Hindu","Male","Rural"
10778,30931,9,35,"Hindu","Male","Rural"
10779,9340,11,27,"Hindu","Female","Rural"
10780,312026,15,58,"Sikh","Male","Rural"
10781,3137,0,33,"Hindu","Male","Rural"
10782,16068,0,38,"Hindu","Male","Rural"
10783,3355,0,62,"Hindu","Female","Rural"
10784,21832,3,47,"Hindu","Male","Rural"
10785,4873,0,29,"Hindu","Female","Rural"
10786,4022,0,38,"Tribal","Female","Rural"
10787,62615,13,46,"Hindu","Female","Rural"
10788,992,0,42,"Hindu","Female","Rural"
10789,1660,0,42,"Hindu","Male","Rural"
10790,11594,0,30,"Hindu","Male","Rural"
10791,28162,7,39,"Muslim","Male","Urban"
10792,9201,0,44,"Hindu","Male","Rural"
10793,64541,11,51,"Muslim","Female","Rural"
10794,14037,5,59,"Muslim","Female","Rural"
10795,50170,7,49,"Muslim","Female","Rural"
10796,66163,13,41,"Christian","Male","Rural"
10797,61714,4,61,"Hindu","Male","Rural"
10798,40103,3,33,"Muslim","Male","Urban"
10799,27665,5,38,"Hindu","Male","Rural"
10800,155566,1,22,"Hindu","Male","Urban"
10801,422116,12,34,"Hindu","Male","Urban"
10802,18189,1,42,"Hindu","Male","Rural"
10803,2908,0,31,"Hindu","Female","Rural"
10804,36465,4,46,"Hindu","Male","Rural"
10805,8327,3,42,"Muslim","Male","Rural"
10806,14012,10,36,"Muslim","Female","Rural"
10807,129367,6,51,"Hindu","Male","Rural"
10808,109130,15,55,"Hindu","Female","Rural"
10809,15236,7,39,"Muslim","Male","Rural"
10810,14058,9,34,"Hindu","Female","Rural"
10811,11712,0,33,"Hindu","Male","Rural"
10812,18338,7,41,"Hindu","Male","Rural"
10813,9966,0,53,"Muslim","Male","Rural"
10814,39329,8,44,"Hindu","Male","Rural"
10815,49596,6,49,"Muslim","Female","Urban"
10816,429914,15,41,"Hindu","Female","Urban"
10817,258908,14,65,"Hindu","Male","Urban"
10818,7614,0,64,"Hindu","Female","Rural"
10819,22488,9,36,"Hindu","Male","Rural"
10820,24055,2,49,"Hindu","Female","Rural"
10821,11035,4,24,"Hindu","Female","Rural"
10822,271073,7,32,"Hindu","Male","Urban"
10823,24505,4,50,"Hindu","Female","Rural"
10824,69791,15,37,"Hindu","Male","Urban"
10825,11341,0,29,"Hindu","Male","Rural"
10826,115693,0,43,"Hindu","Male","Urban"
10827,1617,4,41,"Hindu","Female","Rural"
10828,174696,15,38,"Hindu","Male","Urban"
10829,286858,13,23,"Hindu","Male","Urban"
10830,17455,3,58,"Hindu","Female","Rural"
10831,95992,0,59,"Hindu","Male","Rural"
10832,36936,8,47,"Hindu","Male","Rural"
10833,20123,0,34,"Hindu","Female","Rural"
10834,79444,15,27,"Hindu","Male","Urban"
10835,6525,15,37,"Hindu","Female","Rural"
10836,19023,7,43,"Hindu","Female","Rural"
10837,12484,3,34,"Hindu","Female","Urban"
10838,11924,3,47,"Hindu","Female","Rural"
10839,58996,11,34,"Muslim","Male","Urban"
10840,89479,10,42,"Hindu","Male","Rural"
10841,12850,0,47,"Hindu","Male","Rural"
10842,25043,10,28,"Hindu","Male","Urban"
10843,41273,0,22,"Hindu","Male","Urban"
10844,44977,15,31,"Hindu","Male","Urban"
10845,4453,0,18,"Hindu","Female","Rural"
10846,9466,6,20,"Hindu","Female","Rural"
10847,51968,8,41,"Hindu","Male","Rural"
10848,10411,4,46,"Hindu","Male","Rural"
10849,5159,8,35,"Hindu","Female","Rural"
10850,4311,12,42,"Hindu","Female","Rural"
10851,44425,6,54,"Hindu","Male","Rural"
10852,3314,0,33,"Hindu","Male","Rural"
10853,17292,2,44,"Muslim","Female","Rural"
10854,22087,0,52,"Hindu","Female","Rural"
10855,2482,7,44,"Hindu","Female","Rural"
10856,189259,0,28,"Hindu","Male","Urban"
10857,18029,3,46,"Hindu","Male","Rural"
10858,12499,0,45,"Hindu","Female","Rural"
10859,72984,2,29,"Hindu","Male","Urban"
10860,7106,8,40,"Hindu","Male","Rural"
10861,25174,7,35,"Tribal","Female","Urban"
10862,67096,11,21,"Hindu","Male","Rural"
10863,14718,0,42,"Hindu","Male","Rural"
10864,33669,11,37,"Muslim","Female","Urban"
10865,47224,8,44,"Hindu","Male","Rural"
10866,7867,2,50,"Hindu","Female","Rural"
10867,21324,1,40,"Hindu","Male","Rural"
10868,38186,2,33,"Muslim","Male","Rural"
10869,9970,9,37,"Hindu","Male","Rural"
10870,97320,12,48,"Hindu","Male","Urban"
10871,58404,0,39,"Hindu","Male","Rural"
10872,25124,3,31,"Hindu","Male","Urban"
10873,93403,4,18,"Hindu","Male","Rural"
10874,19309,0,45,"Buddhist","Male","Rural"
10875,42771,0,28,"Hindu","Male","Rural"
10876,15813,7,41,"Hindu","Male","Rural"
10877,924,0,43,"Hindu","Male","Rural"
10878,31601,0,42,"Muslim","Male","Rural"
10879,29616,0,22,"Hindu","Male","Rural"
10880,2429,3,37,"Hindu","Female","Rural"
10881,5126,7,45,"Hindu","Female","Rural"
10882,24356,4,48,"Muslim","Male","Rural"
10883,153879,9,33,"Hindu","Female","Urban"
10884,24503,5,54,"Christian","Female","Urban"
10885,26332,11,38,"Hindu","Male","Rural"
10886,69698,15,44,"Muslim","Female","Rural"
10887,28971,0,32,"Hindu","Male","Rural"
10888,2891,0,47,"Hindu","Female","Rural"
10889,29382,0,64,"Hindu","Male","Rural"
10890,12748,3,47,"Hindu","Male","Rural"
10891,6896,0,46,"Muslim","Male","Rural"
10892,2667,8,18,"Muslim","Male","Rural"
10893,94649,15,44,"Hindu","Male","Rural"
10894,12698,3,42,"Hindu","Male","Urban"
10895,5291,0,45,"Hindu","Male","Rural"
10896,27438,0,24,"Hindu","Male","Rural"
10897,36836,15,29,"Hindu","Male","Rural"
10898,54873,6,48,"Muslim","Female","Urban"
10899,21325,11,36,"Hindu","Male","Urban"
10900,60922,15,31,"Hindu","Male","Rural"
10901,7422,0,44,"Hindu","Female","Rural"
10902,20446,7,41,"Hindu","Male","Urban"
10903,11714,4,32,"Hindu","Male","Rural"
10904,115740,14,37,"Hindu","Male","Rural"
10905,30656,8,47,"Hindu","Male","Urban"
10906,145896,15,43,"Muslim","Female","Rural"
10907,3001,0,25,"Hindu","Male","Rural"
10908,158243,2,18,"Muslim","Male","Urban"
10909,62897,15,53,"Hindu","Female","Rural"
10910,70983,15,54,"Hindu","Male","Rural"
10911,219960,7,41,"Hindu","Male","Rural"
10912,285493,10,42,"Hindu","Male","Rural"
10913,55749,13,49,"Hindu","Male","Rural"
10914,20497,7,29,"Hindu","Male","Urban"
10915,4867,3,36,"Hindu","Male","Rural"
10916,9508,9,52,"Hindu","Male","Urban"
10917,45394,9,18,"Hindu","Male","Urban"
10918,111014,6,33,"Hindu","Male","Urban"
10919,117481,9,38,"Hindu","Male","Rural"
10920,15734,2,18,"Hindu","Male","Urban"
10921,9776,12,22,"Hindu","Male","Rural"
10922,231563,15,41,"Hindu","Male","Urban"
10923,26019,14,35,"Hindu","Female","Rural"
10924,8209,0,49,"Christian","Female","Rural"
10925,9654,7,35,"Hindu","Male","Urban"
10926,29329,12,44,"Muslim","Male","Urban"
10927,898,3,47,"Hindu","Female","Rural"
10928,6368,6,46,"Hindu","Male","Rural"
10929,74579,11,42,"Hindu","Male","Rural"
10930,8020,4,28,"Hindu","Female","Rural"
10931,54552,3,37,"Hindu","Male","Rural"
10932,49762,3,51,"Hindu","Male","Rural"
10933,15458,0,46,"Hindu","Male","Rural"
10934,24973,0,31,"Hindu","Male","Rural"
10935,73929,15,42,"Hindu","Female","Rural"
10936,7469,1,22,"Hindu","Male","Rural"
10937,14764,5,18,"Hindu","Male","Rural"
10938,20231,2,30,"Hindu","Male","Rural"
10939,594573,0,52,"Hindu","Male","Urban"
10940,24227,8,45,"Hindu","Male","Rural"
10941,16076,4,51,"Hindu","Male","Rural"
10942,5079,2,32,"Hindu","Male","Rural"
10943,9305,7,33,"Hindu","Female","Rural"
10944,16194,5,41,"Hindu","Male","Rural"
10945,83700,11,21,"Hindu","Female","Urban"
10946,87773,2,50,"Hindu","Female","Urban"
10947,36684,9,27,"Buddhist","Female","Rural"
10948,44545,3,18,"Hindu","Male","Rural"
10949,30342,8,25,"Hindu","Male","Urban"
10950,7605,1,29,"Hindu","Female","Rural"
10951,26144,5,47,"Hindu","Female","Rural"
10952,33897,9,48,"Sikh","Male","Rural"
10953,7694,5,30,"Hindu","Male","Rural"
10954,44452,10,31,"Hindu","Male","Urban"
10955,15321,8,24,"Hindu","Male","Urban"
10956,16694,0,52,"Christian","Male","Rural"
10957,37293,1,18,"Hindu","Male","Urban"
10958,9957,5,29,"Hindu","Male","Rural"
10959,18986,8,47,"Muslim","Female","Urban"
10960,34469,2,65,"Hindu","Male","Rural"
10961,9226,7,27,"Hindu","Male","Rural"
10962,67905,8,58,"Hindu","Male","Urban"
10963,9435,0,59,"Hindu","Male","Rural"
10964,5675,5,29,"Hindu","Male","Rural"
10965,2600,0,31,"Hindu","Male","Rural"
10966,46809,15,26,"Hindu","Female","Urban"
10967,104411,9,44,"Hindu","Male","Rural"
10968,42207,15,34,"Hindu","Male","Rural"
10969,21310,0,28,"Hindu","Male","Rural"
10970,4654,10,44,"Tribal","Female","Rural"
10971,19872,0,18,"Hindu","Male","Rural"
10972,19126,4,65,"Hindu","Male","Urban"
10973,12136,9,30,"Hindu","Male","Rural"
10974,19467,0,40,"Hindu","Male","Rural"
10975,72312,8,49,"Hindu","Male","Urban"
10976,26271,0,41,"Muslim","Female","Rural"
10977,34814,1,28,"Hindu","Male","Urban"
10978,187015,11,48,"Sikh","Male","Rural"
10979,7427,0,55,"Muslim","Male","Rural"
10980,4017,5,32,"Hindu","Female","Rural"
10981,80352,8,62,"Hindu","Male","Urban"
10982,16254,2,64,"Hindu","Male","Rural"
10983,42253,11,24,"Hindu","Female","Rural"
10984,72797,0,31,"Muslim","Male","Urban"
10985,35930,15,40,"Hindu","Female","Rural"
10986,5410,7,41,"Hindu","Male","Urban"
10987,55504,0,37,"Hindu","Male","Rural"
10988,63767,9,18,"Hindu","Male","Rural"
10989,20423,13,54,"Hindu","Male","Rural"
10990,116518,8,54,"Muslim","Female","Urban"
10991,4126,0,52,"Muslim","Male","Rural"
10992,26808,1,51,"Hindu","Male","Rural"
10993,175228,0,53,"Hindu","Male","Rural"
10994,14898,2,55,"Hindu","Female","Rural"
10995,12039,4,27,"Hindu","Male","Rural"
10996,33043,6,41,"Hindu","Male","Urban"
10997,16540,5,27,"Muslim","Female","Rural"
10998,40731,15,65,"Hindu","Female","Rural"
10999,217799,11,55,"Hindu","Male","Urban"
11000,2491,2,24,"Hindu","Female","Rural"
11001,16874,7,36,"Hindu","Male","Rural"
11002,93336,13,38,"Hindu","Male","Rural"
11003,3826,0,44,"Hindu","Female","Rural"
11004,73276,13,22,"Hindu","Male","Rural"
11005,49858,0,40,"Hindu","Male","Rural"
11006,52826,7,36,"Hindu","Male","Urban"
11007,2676,0,54,"Hindu","Male","Rural"
11008,121460,0,47,"Hindu","Male","Urban"
11009,27175,3,45,"Buddhist","Male","Rural"
11010,10840,0,40,"Muslim","Male","Rural"
11011,13255,6,18,"Hindu","Female","Rural"
11012,46007,14,21,"Hindu","Female","Rural"
11013,2151,3,43,"Hindu","Male","Rural"
11014,33039,4,48,"Sikh","Male","Urban"
11015,4177,2,34,"Muslim","Female","Rural"
11016,22683,13,49,"Hindu","Female","Rural"
11017,17252,6,19,"Hindu","Male","Rural"
11018,7776,8,33,"Muslim","Male","Rural"
11019,17369,4,32,"Hindu","Male","Rural"
11020,43950,6,47,"Hindu","Male","Rural"
11021,7943,0,18,"Sikh","Male","Rural"
11022,18946,4,41,"Hindu","Male","Rural"
11023,35581,1,30,"Hindu","Male","Rural"
11024,398707,15,29,"Christian","Male","Urban"
11025,14453,3,26,"Hindu","Male","Urban"
11026,55775,3,49,"Hindu","Female","Rural"
11027,108883,10,44,"Hindu","Male","Urban"
11028,12176,0,43,"Hindu","Male","Rural"
11029,136601,14,34,"Hindu","Male","Rural"
11030,880178,15,35,"Christian","Male","Rural"
11031,6165,4,29,"Hindu","Male","Rural"
11032,11294,0,28,"Hindu","Male","Rural"
11033,61492,11,32,"Hindu","Male","Urban"
11034,125159,0,44,"Muslim","Male","Urban"
11035,175065,15,30,"Hindu","Male","Urban"
11036,23360,10,19,"Hindu","Male","Urban"
11037,2110,0,42,"Hindu","Male","Rural"
11038,128041,9,18,"Hindu","Male","Urban"
11039,27809,5,34,"Hindu","Male","Rural"
11040,10707,0,39,"Hindu","Male","Rural"
11041,161227,13,33,"Hindu","Female","Urban"
11042,11750,1,36,"Hindu","Female","Rural"
11043,33557,15,32,"Hindu","Male","Urban"
11044,14341,9,31,"Muslim","Male","Rural"
11045,21165,5,53,"Hindu","Male","Rural"
11046,2180,9,49,"Hindu","Male","Rural"
11047,58395,9,18,"Hindu","Female","Rural"
11048,615239,10,42,"Hindu","Male","Urban"
11049,20470,3,65,"Muslim","Female","Urban"
11050,39523,0,32,"Hindu","Male","Rural"
11051,11233,5,25,"Hindu","Female","Rural"
11052,12856,0,46,"Hindu","Female","Rural"
11053,5132,12,49,"Hindu","Female","Urban"
11054,10041,2,35,"Hindu","Male","Rural"
11055,6496,1,42,"Hindu","Female","Rural"
11056,20550,11,37,"Christian","Male","Rural"
11057,2866,6,27,"Hindu","Female","Rural"
11058,49275,7,62,"Hindu","Male","Rural"
11059,3318,10,18,"Hindu","Female","Rural"
11060,12370,9,40,"Hindu","Male","Rural"
11061,45611,5,45,"Hindu","Male","Urban"
11062,4726,3,29,"Hindu","Male","Rural"
11063,35137,9,57,"Hindu","Male","Rural"
11064,41905,3,48,"Hindu","Male","Rural"
11065,17706,8,42,"Hindu","Male","Rural"
11066,20175,0,35,"Hindu","Male","Urban"
11067,22226,0,32,"Hindu","Male","Rural"
11068,6388,0,41,"Hindu","Male","Rural"
11069,59743,15,57,"Hindu","Male","Rural"
11070,89891,11,48,"Hindu","Male","Rural"
11071,373145,15,55,"Christian","Male","Urban"
11072,8028,0,64,"Hindu","Male","Rural"
11073,22382,5,43,"Hindu","Female","Rural"
11074,6081,0,49,"Hindu","Female","Rural"
11075,12110,0,53,"Hindu","Male","Rural"
11076,5201,5,47,"Hindu","Male","Rural"
11077,18038,9,29,"Hindu","Male","Urban"
11078,12729,6,59,"Hindu","Male","Urban"
11079,4680,0,38,"Muslim","Male","Rural"
11080,9055,0,52,"Muslim","Male","Rural"
11081,8203,14,26,"Hindu","Female","Rural"
11082,7326,0,37,"Hindu","Female","Rural"
11083,44582,10,38,"Hindu","Male","Rural"
11084,69054,0,46,"Hindu","Female","Rural"
11085,158979,15,44,"Hindu","Male","Rural"
11086,167334,7,26,"Hindu","Male","Urban"
11087,86860,15,28,"Hindu","Male","Urban"
11088,35586,0,27,"Hindu","Male","Rural"
11089,5892,9,59,"Hindu","Male","Rural"
11090,27490,4,36,"Hindu","Male","Rural"
11091,31784,0,28,"Hindu","Male","Rural"
11092,32417,6,33,"Hindu","Male","Rural"
11093,10104,4,43,"Hindu","Male","Rural"
11094,45374,1,55,"Hindu","Male","Urban"
11095,35763,15,50,"Muslim","Female","Rural"
11096,41032,0,56,"Hindu","Male","Rural"
11097,45043,3,49,"Tribal","Male","Rural"
11098,26697,0,36,"Hindu","Female","Rural"
11099,46808,15,35,"Hindu","Female","Urban"
11100,37327,14,18,"Hindu","Female","Rural"
11101,37612,6,51,"Hindu","Male","Urban"
11102,22005,9,30,"Hindu","Male","Rural"
11103,25127,8,38,"Hindu","Male","Rural"
11104,46820,8,35,"Hindu","Male","Rural"
11105,97819,5,29,"Muslim","Male","Rural"
11106,8176,15,22,"Hindu","Male","Rural"
11107,35266,8,27,"Hindu","Male","Rural"
11108,29337,0,47,"Hindu","Male","Rural"
11109,23012,11,32,"Hindu","Female","Rural"
11110,6655,2,45,"Hindu","Female","Rural"
11111,6102,1,53,"Hindu","Female","Rural"
11112,15667,7,38,"Christian","Male","Rural"
11113,7428,4,45,"Hindu","Female","Rural"
11114,8898,0,39,"Hindu","Male","Rural"
11115,30183,7,49,"Hindu","Male","Urban"
11116,40062,0,54,"Hindu","Male","Rural"
11117,114705,15,65,"Hindu","Male","Urban"
11118,203651,6,54,"Hindu","Male","Urban"
11119,16600,8,44,"Christian","Female","Rural"
11120,446265,9,24,"Hindu","Male","Urban"
11121,2397,0,41,"Muslim","Female","Rural"
11122,33228,3,23,"Hindu","Male","Rural"
11123,47454,0,48,"Hindu","Male","Rural"
11124,124864,14,24,"Hindu","Male","Urban"
11125,26408,3,57,"Hindu","Male","Urban"
11126,2358,0,40,"Hindu","Male","Rural"
11127,49198,0,43,"Hindu","Male","Rural"
11128,28192,4,38,"Hindu","Male","Rural"
11129,27920,1,60,"Hindu","Male","Rural"
11130,2090,2,26,"Hindu","Male","Rural"
11131,135268,4,58,"Hindu","Male","Rural"
11132,42789,9,35,"Hindu","Male","Urban"
11133,19721,0,56,"Hindu","Female","Rural"
11134,23306,6,18,"Hindu","Male","Urban"
11135,183724,6,58,"Hindu","Male","Rural"
11136,61442,8,45,"Hindu","Male","Rural"
11137,32897,0,44,"Hindu","Female","Urban"
11138,27165,14,50,"Hindu","Female","Rural"
11139,159950,6,37,"Hindu","Male","Urban"
11140,6222,6,35,"Hindu","Male","Rural"
11141,83008,12,59,"Muslim","Female","Urban"
11142,27060,11,49,"Hindu","Male","Rural"
11143,7171,5,29,"Christian","Male","Rural"
11144,56408,4,39,"Hindu","Male","Rural"
11145,7494,10,65,"Hindu","Female","Rural"
11146,1894,2,29,"Muslim","Male","Rural"
11147,32810,4,57,"Hindu","Male","Rural"
11148,4441,5,47,"Hindu","Male","Rural"
11149,6408,10,54,"Hindu","Male","Rural"
11150,13490,3,18,"Hindu","Male","Rural"
11151,2179,0,41,"Muslim","Female","Rural"
11152,15101,0,54,"Hindu","Male","Rural"
11153,20643,11,42,"Muslim","Female","Urban"
11154,69234,13,41,"Hindu","Male","Urban"
11155,11698,15,47,"Hindu","Male","Urban"
11156,66380,6,29,"Hindu","Female","Rural"
11157,10839,3,54,"Hindu","Female","Urban"
11158,12588,0,37,"Muslim","Male","Rural"
11159,76805,10,42,"Hindu","Male","Urban"
11160,106170,10,31,"Hindu","Male","Urban"
11161,7299,0,30,"Christian","Male","Rural"
11162,26868,0,38,"Christian","Male","Rural"
11163,21800,0,47,"Hindu","Male","Rural"
11164,15179,9,31,"Hindu","Male","Rural"
11165,3434,6,48,"Hindu","Female","Rural"
11166,72190,11,27,"Hindu","Male","Urban"
11167,699719,15,18,"Hindu","Male","Urban"
11168,10763,4,25,"Hindu","Female","Rural"
11169,11643,6,29,"Hindu","Male","Rural"
11170,1144,1,48,"Christian","Female","Rural"
11171,26102,2,31,"Hindu","Male","Rural"
11172,30329,11,39,"Hindu","Male","Urban"
11173,88384,15,26,"Hindu","Female","Urban"
11174,43326,0,46,"Hindu","Male","Rural"
11175,147442,12,39,"Hindu","Male","Urban"
11176,16257,12,38,"Hindu","Male","Rural"
11177,25077,6,21,"Hindu","Female","Rural"
11178,1289,2,37,"Hindu","Female","Rural"
11179,86034,15,40,"Hindu","Male","Urban"
11180,2232,6,33,"Hindu","Female","Rural"
11181,50480,0,56,"Muslim","Male","Urban"
11182,3842,7,49,"Muslim","Male","Rural"
11183,23188,0,31,"Hindu","Male","Rural"
11184,169053,4,24,"Hindu","Male","Urban"
11185,10722,6,42,"Christian","Male","Rural"
11186,201160,13,33,"Hindu","Male","Urban"
11187,8664,3,37,"Hindu","Male","Rural"
11188,13836,0,42,"Hindu","Male","Rural"
11189,7045,2,28,"Hindu","Female","Rural"
11190,227315,15,54,"Hindu","Male","Rural"
11191,13829,7,46,"Muslim","Male","Rural"
11192,67075,4,39,"Muslim","Male","Urban"
11193,85841,5,42,"Hindu","Male","Rural"
11194,4661,3,25,"Hindu","Female","Rural"
11195,200725,0,46,"Hindu","Male","Urban"
11196,6971,10,20,"Hindu","Female","Rural"
11197,3018,0,30,"Muslim","Male","Rural"
11198,148364,7,33,"Hindu","Male","Rural"
11199,1794,1,43,"Hindu","Male","Rural"
11200,25549,11,34,"Muslim","Male","Rural"
11201,38085,0,39,"Hindu","Male","Rural"
11202,53730,8,31,"Hindu","Male","Rural"
11203,187256,9,37,"Hindu","Male","Rural"
11204,14279,7,29,"Muslim","Female","Rural"
11205,65488,4,33,"Hindu","Female","Urban"
11206,28657,0,24,"Hindu","Female","Rural"
11207,172858,3,29,"Hindu","Male","Rural"
11208,42417,9,35,"Hindu","Male","Rural"
11209,48355,5,32,"Hindu","Male","Rural"
11210,14597,15,31,"Hindu","Female","Rural"
11211,12162,9,49,"Hindu","Male","Rural"
11212,5048,2,18,"Hindu","Female","Rural"
11213,6066,7,18,"Hindu","Female","Rural"
11214,122614,5,29,"Muslim","Male","Urban"
11215,135832,15,51,"Hindu","Female","Urban"
11216,32037,0,46,"Hindu","Male","Rural"
11217,65341,15,43,"Hindu","Male","Rural"
11218,18677,13,44,"Hindu","Male","Rural"
11219,64416,15,41,"Hindu","Female","Rural"
11220,32861,11,46,"Hindu","Male","Rural"
11221,7268,5,38,"Hindu","Male","Rural"
11222,32698,5,37,"Hindu","Male","Urban"
11223,105114,3,25,"Hindu","Male","Rural"
11224,71369,11,36,"Hindu","Female","Rural"
11225,35594,0,28,"Hindu","Male","Rural"
11226,17184,0,21,"Hindu","Female","Rural"
11227,40173,8,40,"Hindu","Male","Urban"
11228,99115,0,55,"Hindu","Male","Rural"
11229,4254,0,27,"Hindu","Male","Rural"
11230,4217,0,29,"Hindu","Female","Rural"
11231,142518,9,36,"Hindu","Male","Urban"
11232,11584,2,31,"Christian","Male","Rural"
11233,12609,9,41,"Hindu","Male","Rural"
11234,11141,3,52,"Muslim","Male","Rural"
11235,5301,0,18,"Hindu","Female","Rural"
11236,22809,6,22,"Hindu","Male","Urban"
11237,4983,2,34,"Hindu","Female","Rural"
11238,28828,0,49,"Hindu","Male","Rural"
11239,23737,9,45,"Hindu","Male","Rural"
11240,8074,4,29,"Hindu","Male","Urban"
11241,52668,7,54,"Hindu","Male","Rural"
11242,22218,0,42,"Hindu","Male","Rural"
11243,29657,7,45,"Hindu","Male","Rural"
11244,9390,0,64,"Hindu","Male","Urban"
11245,154663,14,65,"Hindu","Male","Urban"
11246,812,1,40,"Hindu","Male","Rural"
11247,77188,5,28,"Hindu","Male","Rural"
11248,30103,6,38,"Muslim","Male","Rural"
11249,166798,7,24,"Hindu","Male","Urban"
11250,4890,0,38,"Hindu","Female","Rural"
11251,20993,15,36,"Hindu","Male","Rural"
11252,197018,0,35,"Hindu","Male","Rural"
11253,30938,10,44,"Muslim","Male","Urban"
11254,44811,0,49,"Hindu","Male","Rural"
11255,14340,15,19,"Hindu","Male","Urban"
11256,331820,14,54,"Hindu","Male","Rural"
11257,27569,3,28,"Hindu","Male","Rural"
11258,31306,9,37,"Hindu","Male","Urban"
11259,6616,5,30,"Hindu","Female","Rural"
11260,3765,3,32,"Hindu","Male","Rural"
11261,8767,6,38,"Hindu","Female","Rural"
11262,14980,9,49,"Muslim","Female","Rural"
11263,138516,8,19,"Hindu","Male","Rural"
11264,45785,7,43,"Hindu","Male","Rural"
11265,43698,0,41,"Hindu","Male","Rural"
11266,34173,15,52,"Hindu","Male","Rural"
11267,102184,9,42,"Muslim","Male","Rural"
11268,38611,15,45,"Hindu","Female","Rural"
11269,20419,15,32,"Hindu","Male","Urban"
11270,59779,4,18,"Hindu","Male","Urban"
11271,87513,10,65,"Hindu","Male","Urban"
11272,347526,15,32,"Hindu","Female","Urban"
11273,280052,10,32,"Hindu","Male","Rural"
11274,629593,14,46,"Hindu","Male","Urban"
11275,69729,15,37,"Hindu","Male","Urban"
11276,4953,2,39,"Muslim","Female","Rural"
11277,36675,0,18,"Hindu","Male","Urban"
11278,5298,0,41,"Muslim","Male","Rural"
11279,14809,3,29,"Hindu","Male","Rural"
11280,63819,15,44,"Hindu","Male","Urban"
11281,8959,2,46,"Christian","Male","Urban"
11282,59348,4,43,"Hindu","Male","Rural"
11283,6965,0,45,"Hindu","Male","Rural"
11284,2125,0,59,"Hindu","Female","Rural"
11285,85941,0,30,"Hindu","Male","Rural"
11286,2070,0,35,"Hindu","Male","Rural"
11287,21449,1,23,"Hindu","Male","Rural"
11288,14262,1,44,"Hindu","Male","Rural"
11289,4215,5,18,"Hindu","Male","Rural"
11290,81935,3,36,"Hindu","Female","Urban"
11291,86870,0,50,"Hindu","Male","Rural"
11292,60057,0,53,"Hindu","Male","Rural"
11293,15048,2,42,"Hindu","Male","Rural"
11294,48029,9,57,"Buddhist","Male","Rural"
11295,79808,6,45,"Christian","Male","Rural"
11296,4834,2,45,"Hindu","Female","Rural"
11297,47058,15,43,"Hindu","Male","Urban"
11298,6549,10,51,"Hindu","Male","Rural"
11299,7228,1,42,"Hindu","Female","Rural"
11300,17552,15,43,"Hindu","Female","Rural"
11301,9522,0,38,"Hindu","Male","Rural"
11302,14367,0,20,"Muslim","Male","Rural"
11303,4601,12,42,"Hindu","Female","Rural"
11304,240766,15,33,"Hindu","Male","Urban"
11305,229748,8,43,"Hindu","Male","Urban"
11306,5119,1,18,"Hindu","Male","Rural"
11307,127189,9,33,"Hindu","Male","Urban"
11308,13790,9,23,"Hindu","Female","Rural"
11309,51615,7,40,"Hindu","Male","Rural"
11310,13836,14,46,"Hindu","Male","Rural"
11311,5860,8,44,"Hindu","Female","Rural"
11312,29046,0,48,"Hindu","Male","Urban"
11313,24419,5,53,"Muslim","Male","Urban"
11314,40222,15,65,"Hindu","Female","Rural"
11315,35193,3,41,"Hindu","Male","Urban"
11316,34477,0,18,"Hindu","Male","Rural"
11317,1033,2,58,"Christian","Female","Rural"
11318,67478,0,26,"Hindu","Male","Rural"
11319,30130,6,43,"Hindu","Male","Rural"
11320,26506,0,36,"Hindu","Male","Rural"
11321,216591,15,38,"Hindu","Male","Urban"
11322,4763,4,18,"Hindu","Female","Rural"
11323,108325,9,41,"Sikh","Male","Rural"
11324,12298,0,44,"Hindu","Female","Urban"
11325,20716,0,42,"Muslim","Female","Urban"
11326,57036,15,47,"Hindu","Male","Urban"
11327,73563,6,49,"Muslim","Male","Rural"
11328,30650,2,27,"Hindu","Male","Rural"
11329,69023,1,58,"Hindu","Male","Rural"
11330,1418,0,18,"Hindu","Male","Rural"
11331,3458,0,47,"Muslim","Male","Rural"
11332,49568,5,51,"Hindu","Male","Rural"
11333,127436,4,30,"Hindu","Male","Rural"
11334,28509,0,39,"Hindu","Female","Rural"
11335,15862,1,40,"Hindu","Male","Rural"
11336,7912,12,46,"Hindu","Male","Rural"
11337,24032,0,43,"Hindu","Male","Rural"
11338,1430,4,26,"Hindu","Female","Rural"
11339,6447,3,38,"Hindu","Female","Rural"
11340,175986,15,49,"Hindu","Male","Rural"
11341,124077,11,47,"Muslim","Male","Rural"
11342,26825,5,24,"Hindu","Male","Rural"
11343,44161,3,22,"Hindu","Male","Rural"
11344,1703,2,34,"Hindu","Female","Rural"
11345,13129,0,47,"Hindu","Female","Rural"
11346,5947,0,34,"Hindu","Female","Rural"
11347,21246,0,19,"Hindu","Female","Rural"
11348,13501,0,33,"Tribal","Male","Urban"
11349,11230,3,47,"Hindu","Female","Rural"
11350,94466,12,25,"Hindu","Male","Rural"
11351,754,0,48,"Hindu","Female","Rural"
11352,88276,13,47,"Christian","Female","Rural"
11353,1413,8,28,"Hindu","Female","Rural"
11354,29918,5,45,"Muslim","Male","Rural"
11355,7437,5,22,"Muslim","Male","Rural"
11356,168243,11,37,"Hindu","Female","Rural"
11357,19287,3,50,"Hindu","Male","Urban"
11358,163235,15,26,"Hindu","Male","Urban"
11359,32957,12,43,"Hindu","Male","Rural"
11360,16508,0,23,"Hindu","Male","Rural"
11361,121063,6,28,"Hindu","Male","Urban"
11362,31520,4,41,"Hindu","Male","Urban"
11363,5866,0,46,"Hindu","Male","Rural"
11364,25447,11,39,"Hindu","Male","Urban"
11365,38681,15,35,"Hindu","Male","Rural"
11366,18891,9,29,"Hindu","Female","Rural"
11367,21316,12,24,"Hindu","Male","Urban"
11368,40096,3,56,"Hindu","Male","Rural"
11369,35851,0,22,"Hindu","Male","Urban"
11370,38548,0,30,"Hindu","Male","Urban"
11371,94134,1,38,"Hindu","Male","Urban"
11372,5123,0,35,"Hindu","Male","Rural"
11373,5404,4,33,"Hindu","Male","Rural"
11374,70236,12,19,"Hindu","Female","Urban"
11375,10851,0,44,"Hindu","Male","Rural"
11376,54226,0,37,"Hindu","Female","Rural"
11377,64709,15,24,"Hindu","Male","Urban"
11378,36463,8,27,"Hindu","Male","Urban"
11379,6819,0,34,"Hindu","Female","Rural"
11380,3796,0,31,"Hindu","Female","Rural"
11381,2945,0,46,"Hindu","Female","Rural"
11382,14028,0,45,"Hindu","Female","Rural"
11383,5105,5,21,"Hindu","Male","Rural"
11384,6586,0,39,"Hindu","Female","Rural"
11385,52637,3,60,"Hindu","Male","Rural"
11386,21011,3,37,"Hindu","Male","Rural"
11387,30680,0,58,"Hindu","Male","Rural"
11388,267278,11,32,"Hindu","Female","Urban"
11389,10319,0,49,"Muslim","Male","Rural"
11390,19204,8,33,"Hindu","Male","Rural"
11391,194405,0,59,"Hindu","Male","Urban"
11392,38285,15,39,"Hindu","Male","Rural"
11393,12953,11,53,"Hindu","Male","Rural"
11394,16185,3,30,"Hindu","Female","Rural"
11395,139288,7,27,"Hindu","Male","Rural"
11396,5433,15,45,"Hindu","Male","Rural"
11397,61526,8,59,"Hindu","Male","Urban"
11398,20675,5,18,"Muslim","Male","Rural"
11399,48264,1,49,"Hindu","Male","Rural"
11400,47403,4,42,"Hindu","Male","Rural"
11401,3126,2,40,"Hindu","Female","Rural"
11402,48978,4,42,"Hindu","Male","Urban"
11403,16921,0,33,"Hindu","Male","Rural"
11404,17675,11,30,"Muslim","Male","Urban"
11405,6986,1,18,"Hindu","Male","Rural"
11406,23057,0,40,"Hindu","Male","Rural"
11407,18955,15,22,"Hindu","Female","Rural"
11408,26272,8,41,"Hindu","Male","Urban"
11409,96482,11,33,"Hindu","Male","Rural"
11410,2678,0,46,"Hindu","Male","Rural"
11411,24518,0,46,"Tribal","Male","Rural"
11412,34099,0,42,"Hindu","Male","Rural"
11413,10145,9,50,"Hindu","Female","Rural"
11414,39239,0,34,"Hindu","Male","Rural"
11415,63699,3,48,"Hindu","Male","Rural"
11416,16955,7,30,"Hindu","Male","Rural"
11417,17729,0,31,"Hindu","Male","Rural"
11418,92543,0,23,"Hindu","Male","Urban"
11419,382861,15,34,"Christian","Male","Urban"
11420,52300,10,23,"Hindu","Male","Rural"
11421,101776,15,24,"Hindu","Male","Rural"
11422,18465,5,45,"Muslim","Male","Rural"
11423,20642,2,52,"Hindu","Male","Urban"
11424,22200,2,45,"Christian","Male","Rural"
11425,112595,0,54,"Hindu","Female","Rural"
11426,16579,5,41,"Hindu","Female","Rural"
11427,3429,1,49,"Hindu","Female","Rural"
11428,17494,15,25,"Hindu","Female","Rural"
11429,55183,0,43,"Hindu","Male","Urban"
11430,702,1,39,"Hindu","Female","Rural"
11431,14369,6,57,"Muslim","Male","Rural"
11432,12124,12,47,"Hindu","Female","Rural"
11433,10650,10,32,"Hindu","Female","Rural"
11434,105508,5,33,"Hindu","Male","Urban"
11435,89850,7,28,"Hindu","Male","Rural"
11436,9629,0,44,"Hindu","Male","Rural"
11437,31751,6,65,"Hindu","Male","Rural"
11438,58473,14,50,"Hindu","Male","Urban"
11439,14890,0,35,"Hindu","Female","Rural"
11440,90015,3,59,"Hindu","Male","Rural"
11441,12027,0,47,"Hindu","Male","Rural"
11442,76057,4,25,"Sikh","Male","Rural"
11443,6773,6,52,"Hindu","Male","Urban"
11444,43786,0,45,"Hindu","Male","Rural"
11445,1874,0,33,"Hindu","Male","Rural"
11446,161155,2,25,"Hindu","Male","Rural"
11447,12745,7,18,"Hindu","Male","Rural"
11448,33146,6,34,"Hindu","Male","Rural"
11449,6278,4,54,"Hindu","Female","Rural"
11450,16986,3,18,"Hindu","Male","Rural"
11451,11132,10,25,"Hindu","Male","Rural"
11452,8679,7,36,"Hindu","Male","Urban"
11453,37899,15,46,"Hindu","Female","Urban"
11454,46401,7,20,"Hindu","Male","Urban"
11455,14765,1,21,"Hindu","Male","Rural"
11456,97517,8,35,"Sikh","Male","Rural"
11457,110403,6,65,"Hindu","Male","Urban"
11458,31838,1,35,"Hindu","Male","Rural"
11459,11528,1,50,"Buddhist","Male","Rural"
11460,26836,13,18,"Hindu","Male","Rural"
11461,78797,15,65,"Hindu","Male","Urban"
11462,246342,7,20,"Hindu","Male","Urban"
11463,54321,1,18,"Hindu","Female","Urban"
11464,90027,4,41,"Sikh","Male","Rural"
11465,89405,4,53,"Hindu","Male","Rural"
11466,5939,3,65,"Hindu","Female","Rural"
11467,40857,0,49,"Muslim","Male","Urban"
11468,154173,7,56,"Hindu","Male","Urban"
11469,71523,11,28,"Hindu","Male","Rural"
11470,102972,15,27,"Hindu","Male","Rural"
11471,2325,0,43,"Hindu","Female","Rural"
11472,5395,0,20,"Hindu","Male","Rural"
11473,3225,5,31,"Hindu","Female","Rural"
11474,16937,0,18,"Hindu","Female","Rural"
11475,27283,3,32,"Christian","Male","Rural"
11476,31525,4,56,"Hindu","Male","Rural"
11477,10076,10,33,"Hindu","Male","Rural"
11478,17664,12,50,"Hindu","Male","Rural"
11479,8790,7,35,"Hindu","Male","Rural"
11480,38331,10,60,"Hindu","Female","Rural"
11481,38812,0,52,"Hindu","Male","Rural"
11482,27002,3,46,"Hindu","Male","Urban"
11483,2881,1,33,"Hindu","Female","Rural"
11484,328181,4,36,"Hindu","Male","Urban"
11485,116678,0,46,"Hindu","Male","Urban"
11486,2807,6,43,"Hindu","Female","Rural"
11487,25088,6,52,"Hindu","Male","Rural"
11488,15238,10,40,"Hindu","Male","Rural"
11489,62829,8,30,"Hindu","Male","Urban"
11490,10586,0,25,"Hindu","Female","Rural"
11491,52803,12,39,"Christian","Male","Rural"
11492,10621,4,44,"Hindu","Male","Rural"
11493,7035,2,47,"Hindu","Male","Rural"
11494,22185,8,38,"Hindu","Male","Urban"
11495,80418,5,40,"Hindu","Male","Rural"
11496,9793,4,43,"Hindu","Male","Rural"
11497,29660,5,40,"Hindu","Male","Urban"
11498,27568,6,33,"Hindu","Male","Rural"
11499,82952,5,47,"Hindu","Female","Urban"
11500,5940,2,38,"Hindu","Male","Rural"
11501,26103,11,55,"Hindu","Male","Rural"
11502,22327,9,39,"Hindu","Male","Rural"
11503,40263,6,42,"Hindu","Male","Rural"
11504,35802,7,48,"Hindu","Female","Rural"
11505,7274,0,27,"Hindu","Male","Rural"
11506,11496,12,53,"Hindu","Female","Rural"
11507,24521,0,29,"Hindu","Female","Rural"
11508,132912,6,42,"Christian","Male","Rural"
11509,7789,5,27,"Hindu","Male","Rural"
11510,243176,9,46,"Tribal","Male","Urban"
11511,46174,6,41,"Hindu","Male","Rural"
11512,139302,9,39,"Muslim","Male","Rural"
11513,12657,10,44,"Hindu","Male","Rural"
11514,28311,1,28,"Hindu","Female","Urban"
11515,120359,9,52,"Muslim","Male","Urban"
11516,40251,15,25,"Hindu","Female","Rural"
11517,12880,6,38,"Hindu","Male","Urban"
11518,28208,0,39,"Hindu","Male","Rural"
11519,4779,0,39,"Hindu","Male","Rural"
11520,208864,12,55,"Hindu","Male","Urban"
11521,32293,9,49,"Hindu","Male","Rural"
11522,3711,2,27,"Buddhist","Male","Rural"
11523,83572,15,38,"Hindu","Female","Urban"
11524,45803,5,46,"Hindu","Male","Rural"
11525,14752,0,42,"Hindu","Female","Urban"
11526,5581,1,33,"Hindu","Male","Rural"
11527,10220,14,32,"Hindu","Male","Rural"
11528,49648,6,50,"Hindu","Male","Rural"
11529,13865,4,46,"Hindu","Female","Rural"
11530,16097,0,31,"Hindu","Male","Rural"
11531,82025,12,26,"Hindu","Male","Rural"
11532,15934,10,45,"Christian","Male","Rural"
11533,26406,11,23,"Hindu","Male","Rural"
11534,29241,0,39,"Muslim","Male","Rural"
11535,7318,2,40,"Hindu","Male","Rural"
11536,63359,2,44,"Hindu","Male","Urban"
11537,12791,0,42,"Hindu","Female","Urban"
11538,35169,2,40,"Hindu","Male","Urban"
11539,164910,7,42,"Hindu","Male","Urban"
11540,49060,13,37,"Hindu","Male","Urban"
11541,17239,4,34,"Hindu","Female","Rural"
11542,29493,12,56,"Hindu","Male","Rural"
11543,8593,0,18,"Muslim","Male","Rural"
11544,16563,0,27,"Hindu","Male","Rural"
11545,39982,6,38,"Hindu","Female","Urban"
11546,24505,15,45,"Hindu","Male","Rural"
11547,102795,15,26,"Hindu","Male","Urban"
11548,4286,0,35,"Hindu","Female","Rural"
11549,27840,0,43,"Hindu","Male","Rural"
11550,10341,4,52,"Hindu","Male","Rural"
11551,24102,10,59,"Hindu","Female","Rural"
11552,45643,0,65,"Hindu","Female","Rural"
11553,68853,15,43,"Hindu","Female","Urban"
11554,101558,11,42,"Muslim","Male","Urban"
11555,54991,15,39,"Hindu","Male","Rural"
11556,61624,8,26,"Hindu","Male","Rural"
11557,56031,5,26,"Tribal","Male","Urban"
11558,76599,9,18,"Hindu","Female","Urban"
11559,12149,0,18,"Hindu","Female","Rural"
11560,40672,5,43,"Sikh","Female","Rural"
11561,25607,3,34,"Hindu","Female","Urban"
11562,21319,0,35,"Hindu","Female","Rural"
11563,6957,5,43,"Hindu","Male","Rural"
11564,9977,5,57,"Hindu","Male","Rural"
11565,74648,14,38,"Hindu","Male","Urban"
11566,6933,0,51,"Hindu","Female","Rural"
11567,4722,0,42,"Hindu","Male","Rural"
11568,19044,0,58,"Hindu","Female","Rural"
11569,6507,2,26,"Hindu","Male","Rural"
11570,30164,8,37,"Hindu","Female","Rural"
11571,130252,6,40,"Christian","Male","Rural"
11572,25659,15,31,"Hindu","Male","Urban"
11573,18249,0,19,"Hindu","Male","Rural"
11574,11498,7,44,"Hindu","Male","Rural"
11575,5718,0,29,"Muslim","Male","Rural"
11576,78675,1,61,"Hindu","Female","Urban"
11577,13323,0,20,"Hindu","Female","Rural"
11578,32398,1,36,"Hindu","Male","Rural"
11579,7009,3,55,"Muslim","Female","Rural"
11580,19071,5,23,"Hindu","Male","Urban"
11581,6384,0,60,"Hindu","Male","Rural"
11582,3304,15,18,"Hindu","Female","Rural"
11583,39551,4,57,"Hindu","Male","Rural"
11584,29811,5,41,"Hindu","Male","Rural"
11585,237586,11,48,"Hindu","Male","Rural"
11586,16189,8,57,"Hindu","Male","Rural"
11587,4907,4,38,"Muslim","Female","Rural"
11588,39717,11,34,"Hindu","Male","Urban"
11589,110614,3,34,"Hindu","Male","Rural"
11590,18543,1,48,"Hindu","Male","Urban"
11591,6465,4,33,"Hindu","Male","Rural"
11592,226791,15,50,"Hindu","Male","Rural"
11593,16614,7,58,"Hindu","Male","Rural"
11594,133864,7,40,"Sikh","Male","Rural"
11595,6301,4,32,"Hindu","Female","Rural"
11596,110040,11,35,"Christian","Male","Urban"
11597,107194,10,18,"Hindu","Male","Urban"
11598,3662,10,29,"Hindu","Male","Rural"
11599,3955,0,36,"Hindu","Female","Rural"
11600,97401,0,41,"Hindu","Male","Rural"
11601,40067,0,62,"Hindu","Female","Rural"
11602,206128,14,29,"Hindu","Male","Urban"
11603,18909,15,44,"Hindu","Male","Rural"
11604,24877,2,36,"Hindu","Male","Urban"
11605,116255,3,47,"Hindu","Female","Urban"
11606,123281,1,32,"Hindu","Female","Rural"
11607,27937,3,31,"Sikh","Female","Rural"
11608,10813,0,31,"Hindu","Male","Rural"
11609,6146,7,19,"Hindu","Male","Rural"
11610,13619,5,39,"Hindu","Male","Rural"
11611,12932,8,26,"Hindu","Male","Rural"
11612,30628,6,18,"Hindu","Male","Rural"
11613,26467,3,30,"Hindu","Male","Urban"
11614,29687,0,59,"Hindu","Male","Rural"
11615,8437,0,30,"Hindu","Male","Rural"
11616,9107,11,21,"Hindu","Male","Rural"
11617,1288247,10,45,"Hindu","Male","Urban"
11618,31569,7,59,"Hindu","Male","Rural"
11619,127204,11,29,"Hindu","Male","Rural"
11620,16427,0,57,"Hindu","Male","Rural"
11621,9752,6,48,"Hindu","Male","Rural"
11622,425876,6,40,"Hindu","Male","Urban"
11623,451049,11,37,"Hindu","Male","Urban"
11624,116660,15,64,"Hindu","Male","Rural"
11625,118845,4,55,"Muslim","Male","Rural"
11626,345363,12,35,"Hindu","Male","Urban"
11627,42484,15,37,"Hindu","Male","Urban"
11628,11375,3,51,"Hindu","Female","Rural"
11629,2640,0,39,"Hindu","Female","Rural"
11630,5318,4,41,"Hindu","Female","Rural"
11631,7040,0,34,"Hindu","Male","Rural"
11632,58250,11,50,"Buddhist","Male","Urban"
11633,169032,4,22,"Hindu","Male","Rural"
11634,26254,3,42,"Hindu","Male","Urban"
11635,36175,0,35,"Hindu","Male","Rural"
11636,33060,12,36,"Muslim","Male","Urban"
11637,32654,5,47,"Hindu","Male","Rural"
11638,6065,0,52,"Hindu","Female","Rural"
11639,11799,5,40,"Muslim","Male","Rural"
11640,8952,3,46,"Muslim","Male","Rural"
11641,11022,10,24,"Hindu","Male","Rural"
11642,21403,0,50,"Hindu","Female","Rural"
11643,4838,0,27,"Hindu","Male","Rural"
11644,302211,7,30,"Hindu","Male","Urban"
11645,83787,8,52,"Hindu","Male","Rural"
11646,2150,0,37,"Hindu","Female","Rural"
11647,7910,7,18,"Hindu","Female","Rural"
11648,54639,2,37,"Hindu","Male","Urban"
11649,155840,0,53,"Hindu","Male","Rural"
11650,165032,7,39,"Hindu","Male","Rural"
11651,3124,0,43,"Hindu","Female","Rural"
11652,26947,8,39,"Hindu","Male","Rural"
11653,6567,2,51,"Hindu","Male","Rural"
11654,21714,15,24,"Muslim","Female","Rural"
11655,8230,6,47,"Hindu","Male","Rural"
11656,3004,2,25,"Hindu","Male","Rural"
11657,23095,4,48,"Hindu","Female","Urban"
11658,5774,0,51,"Hindu","Male","Rural"
11659,28862,0,41,"Hindu","Male","Rural"
11660,15372,3,50,"Hindu","Female","Rural"
11661,12743,15,52,"Muslim","Female","Rural"
11662,133833,8,42,"Hindu","Male","Rural"
11663,59337,8,47,"Muslim","Male","Urban"
11664,13981,6,50,"Sikh","Male","Rural"
11665,37901,9,54,"Hindu","Male","Urban"
11666,27676,12,21,"Muslim","Male","Rural"
11667,87447,2,34,"Tribal","Male","Rural"
11668,58951,0,49,"Hindu","Male","Urban"
11669,111647,14,32,"Hindu","Male","Rural"
11670,125231,15,36,"Hindu","Male","Rural"
11671,68421,0,61,"Muslim","Male","Rural"
11672,4019,13,28,"Hindu","Male","Rural"
11673,41320,15,28,"Hindu","Male","Rural"
11674,136474,9,36,"Hindu","Male","Urban"
11675,14545,0,46,"Hindu","Male","Rural"
11676,22638,8,53,"Hindu","Female","Urban"
11677,78442,13,50,"Hindu","Male","Urban"
11678,154394,15,37,"Christian","Male","Urban"
11679,54005,14,22,"Hindu","Female","Urban"
11680,58933,3,18,"Hindu","Male","Urban"
11681,8753,2,40,"Hindu","Female","Urban"
11682,149458,5,35,"Hindu","Male","Rural"
11683,18560,4,18,"Hindu","Male","Urban"
11684,42811,1,29,"Hindu","Male","Rural"
11685,57463,0,18,"Hindu","Male","Urban"
11686,69347,8,29,"Hindu","Male","Rural"
11687,40928,12,49,"Muslim","Male","Urban"
11688,8342,9,42,"Muslim","Female","Rural"
11689,7896,10,38,"Muslim","Male","Rural"
11690,117855,13,59,"Hindu","Male","Rural"
11691,123701,9,22,"Hindu","Male","Urban"
11692,48295,12,18,"Hindu","Male","Urban"
11693,12822,10,43,"Hindu","Female","Rural"
11694,10369,1,44,"Hindu","Female","Rural"
11695,34887,3,42,"Hindu","Male","Urban"
11696,19899,8,46,"Hindu","Male","Rural"
11697,55540,2,49,"Hindu","Male","Rural"
11698,9953,5,41,"Hindu","Male","Urban"
11699,63889,9,41,"Muslim","Male","Urban"
11700,46643,0,50,"Hindu","Male","Rural"
11701,65775,8,60,"Christian","Female","Rural"
11702,21138,5,29,"Hindu","Male","Rural"
11703,92574,11,40,"Hindu","Male","Urban"
11704,51065,6,31,"Hindu","Male","Rural"
11705,23438,3,37,"Hindu","Male","Rural"
11706,88585,14,38,"Hindu","Male","Urban"
11707,14390,0,36,"Hindu","Male","Rural"
11708,19634,4,41,"Hindu","Male","Rural"
11709,12023,0,33,"Hindu","Male","Rural"
11710,31786,5,46,"Hindu","Female","Rural"
11711,46900,0,41,"Hindu","Male","Urban"
11712,209400,4,54,"Hindu","Male","Urban"
11713,23979,0,51,"Hindu","Male","Urban"
11714,13992,0,36,"Hindu","Male","Rural"
11715,45549,0,34,"Hindu","Male","Rural"
11716,24088,3,38,"Hindu","Male","Rural"
11717,25189,0,39,"Hindu","Male","Rural"
11718,3321,0,30,"Hindu","Female","Rural"
11719,7749,15,47,"Hindu","Male","Rural"
11720,6145,6,41,"Hindu","Male","Rural"
11721,12250,5,30,"Hindu","Male","Rural"
11722,1259,5,53,"Hindu","Female","Rural"
11723,237594,7,57,"Muslim","Male","Urban"
11724,3824,0,18,"Hindu","Female","Rural"
11725,37538,3,39,"Hindu","Female","Rural"
11726,3911,0,23,"Hindu","Female","Rural"
11727,68950,0,26,"Hindu","Male","Rural"
11728,8038,1,37,"Hindu","Female","Rural"
11729,24627,9,47,"Hindu","Male","Rural"
11730,453,1,39,"Hindu","Male","Rural"
11731,6448,2,56,"Muslim","Male","Rural"
11732,34185,3,36,"Hindu","Male","Rural"
11733,20790,0,58,"Tribal","Male","Urban"
11734,10412,8,41,"Muslim","Female","Rural"
11735,4552,1,39,"Hindu","Female","Rural"
11736,64328,0,60,"Hindu","Male","Urban"
11737,18835,7,44,"Hindu","Male","Rural"
11738,94320,15,40,"Hindu","Male","Rural"
11739,19270,5,34,"Hindu","Male","Urban"
11740,4585,0,36,"Hindu","Male","Urban"
11741,78574,4,49,"Muslim","Female","Urban"
11742,4221,6,19,"Hindu","Female","Rural"
11743,2845,1,42,"Hindu","Male","Rural"
11744,17767,0,18,"Muslim","Male","Rural"
11745,26387,9,38,"Muslim","Male","Rural"
11746,64620,0,50,"Hindu","Male","Urban"
11747,59876,0,38,"Muslim","Female","Urban"
11748,109179,15,18,"Christian","Male","Rural"
11749,27333,15,61,"Muslim","Female","Rural"
11750,12937,0,35,"Muslim","Female","Rural"
11751,13869,10,26,"Hindu","Female","Rural"
11752,25980,3,21,"Hindu","Female","Urban"
11753,12730,0,64,"Hindu","Female","Rural"
11754,61769,15,18,"Hindu","Male","Rural"
11755,75237,14,33,"Hindu","Male","Urban"
11756,75003,9,29,"Hindu","Male","Urban"
11757,35723,3,31,"Hindu","Male","Rural"
11758,31001,6,43,"Hindu","Male","Rural"
11759,56391,2,25,"Hindu","Male","Urban"
11760,56789,6,29,"Hindu","Male","Urban"
11761,8093,8,28,"Hindu","Male","Rural"
11762,2912,8,33,"Hindu","Female","Rural"
11763,138158,15,50,"Hindu","Female","Urban"
11764,17785,5,35,"Hindu","Male","Rural"
11765,44772,6,30,"Christian","Male","Rural"
11766,6525,0,36,"Muslim","Male","Rural"
11767,19959,1,31,"Hindu","Male","Rural"
11768,1755,3,57,"Hindu","Female","Rural"
11769,14871,8,61,"Hindu","Male","Rural"
11770,2304,3,22,"Hindu","Female","Rural"
11771,18558,0,34,"Hindu","Male","Rural"
11772,16434,0,38,"Hindu","Male","Rural"
11773,253321,15,47,"Hindu","Male","Urban"
11774,121771,12,32,"Hindu","Male","Urban"
11775,18525,6,18,"Hindu","Male","Urban"
11776,34960,15,63,"Hindu","Female","Rural"
11777,39515,3,32,"Muslim","Female","Urban"
11778,28342,14,19,"Hindu","Female","Rural"
11779,16709,4,49,"Muslim","Female","Rural"
11780,5947,5,39,"Muslim","Male","Rural"
11781,117731,12,35,"Hindu","Female","Rural"
11782,168645,9,56,"Hindu","Female","Urban"
11783,378749,5,43,"Hindu","Female","Rural"
11784,1653,4,40,"Hindu","Female","Rural"
11785,13042,9,18,"Hindu","Female","Rural"
11786,40472,3,51,"Hindu","Male","Urban"
11787,57522,7,57,"Hindu","Male","Rural"
11788,44479,5,55,"Hindu","Female","Urban"
11789,18877,14,28,"Hindu","Male","Rural"
11790,17154,4,46,"Hindu","Female","Urban"
11791,379603,5,53,"Muslim","Male","Urban"
11792,34263,3,44,"Hindu","Female","Urban"
11793,35985,0,30,"Hindu","Male","Urban"
11794,3365,0,18,"Hindu","Female","Rural"
11795,74187,0,49,"Hindu","Male","Urban"
11796,53608,1,36,"Hindu","Male","Rural"
11797,4559,5,40,"Hindu","Female","Rural"
11798,68326,5,30,"Hindu","Male","Urban"
11799,66985,8,41,"Hindu","Male","Urban"
11800,15899,0,60,"Muslim","Female","Rural"
11801,62088,10,36,"Hindu","Male","Rural"
11802,41504,0,18,"Hindu","Male","Rural"
11803,13188,4,37,"Hindu","Male","Rural"
11804,33466,9,31,"Hindu","Male","Rural"
11805,59530,0,53,"Hindu","Male","Urban"
11806,33784,8,31,"Hindu","Female","Rural"
11807,35269,0,35,"Hindu","Male","Rural"
11808,10795,11,18,"Hindu","Female","Rural"
11809,6568,0,34,"Hindu","Male","Rural"
11810,22356,11,45,"Hindu","Male","Rural"
11811,6618,11,33,"Hindu","Male","Urban"
11812,135230,8,47,"Hindu","Male","Rural"
11813,10892,0,35,"Hindu","Male","Rural"
11814,14699,12,34,"Hindu","Female","Rural"
11815,13620,0,37,"Hindu","Male","Rural"
11816,44068,1,49,"Hindu","Male","Urban"
11817,37010,4,51,"Hindu","Male","Rural"
11818,80337,15,42,"Hindu","Female","Rural"
11819,80923,6,40,"Hindu","Male","Urban"
11820,11817,0,26,"Hindu","Male","Urban"
11821,139943,5,22,"Hindu","Female","Rural"
11822,35549,9,42,"Hindu","Female","Rural"
11823,1165,0,23,"Muslim","Female","Rural"
11824,60835,6,32,"Hindu","Male","Rural"
11825,16901,0,31,"Muslim","Female","Rural"
11826,17369,15,39,"Hindu","Female","Rural"
11827,12725,14,18,"Muslim","Female","Rural"
11828,76694,0,54,"Hindu","Female","Rural"
11829,184091,2,52,"Sikh","Male","Urban"
11830,294579,11,30,"Hindu","Male","Rural"
11831,54691,4,57,"Hindu","Male","Urban"
11832,3897,3,27,"Hindu","Male","Rural"
11833,944991,15,42,"Muslim","Male","Urban"
11834,40374,14,18,"Hindu","Male","Rural"
11835,4213,7,40,"Hindu","Female","Rural"
11836,18441,9,40,"Hindu","Female","Rural"
11837,11609,9,32,"Hindu","Male","Rural"
11838,197509,15,43,"Hindu","Male","Rural"
11839,58268,10,35,"Hindu","Male","Urban"
11840,1999,4,61,"Hindu","Female","Rural"
11841,29644,2,62,"Hindu","Male","Rural"
11842,29046,6,29,"Hindu","Male","Rural"
11843,25910,5,24,"Hindu","Male","Rural"
11844,13004,15,37,"Hindu","Male","Urban"
11845,12503,4,18,"Hindu","Male","Urban"
11846,440,1,22,"Hindu","Female","Rural"
11847,4793,0,25,"Hindu","Female","Rural"
11848,5323,0,43,"Muslim","Female","Rural"
11849,6842,0,31,"Hindu","Male","Rural"
11850,5611,2,44,"Hindu","Male","Rural"
11851,205405,12,42,"Hindu","Male","Urban"
11852,26950,15,35,"Hindu","Male","Urban"
11853,28779,8,54,"Hindu","Male","Rural"
11854,78915,10,46,"Hindu","Male","Rural"
11855,16575,5,34,"Hindu","Male","Urban"
11856,25844,4,41,"Muslim","Male","Rural"
11857,34396,7,51,"Hindu","Male","Rural"
11858,20708,13,25,"Hindu","Male","Urban"
11859,19861,8,43,"Hindu","Female","Rural"
11860,21678,3,35,"Hindu","Female","Rural"
11861,418474,14,51,"Christian","Male","Rural"
11862,127612,7,43,"Hindu","Male","Rural"
11863,40810,9,35,"Hindu","Male","Rural"
11864,27304,2,59,"Hindu","Male","Urban"
11865,4469,0,39,"Hindu","Male","Rural"
11866,28813,12,41,"Hindu","Female","Rural"
11867,7599,1,54,"Hindu","Female","Rural"
11868,409495,5,21,"Hindu","Male","Urban"
11869,12938,4,41,"Hindu","Male","Rural"
11870,7402,0,21,"Muslim","Male","Rural"
11871,12232,0,18,"Hindu","Male","Rural"
11872,248563,8,33,"Hindu","Female","Urban"
11873,5675,0,36,"Hindu","Male","Rural"
11874,9715,0,51,"Hindu","Male","Rural"
11875,7084,2,41,"Hindu","Female","Rural"
11876,58649,2,47,"Hindu","Male","Rural"
11877,30009,0,46,"Hindu","Male","Rural"
11878,2155,2,47,"Hindu","Male","Rural"
11879,40094,5,41,"Hindu","Male","Rural"
11880,4022,7,20,"Hindu","Female","Rural"
11881,28612,0,46,"Hindu","Male","Rural"
11882,9440,1,30,"Hindu","Male","Rural"
11883,55194,11,58,"Hindu","Male","Urban"
11884,643096,13,37,"Muslim","Male","Urban"
11885,71129,8,46,"Hindu","Female","Urban"
11886,3930,1,44,"Hindu","Male","Rural"
11887,6293,7,39,"Hindu","Female","Rural"
11888,6826,0,30,"Hindu","Male","Rural"
11889,82146,0,59,"Hindu","Male","Urban"
11890,125600,8,28,"Hindu","Male","Urban"
11891,17642,5,30,"Hindu","Male","Rural"
11892,27138,7,43,"Hindu","Male","Rural"
11893,117272,10,65,"Hindu","Male","Urban"
11894,134737,12,48,"Christian","Male","Urban"
11895,68070,14,57,"Hindu","Male","Rural"
11896,21329,10,49,"Hindu","Female","Rural"
11897,47659,10,50,"Hindu","Male","Rural"
11898,47492,1,52,"Hindu","Male","Urban"
11899,20226,5,56,"Hindu","Female","Rural"
11900,2445,6,47,"Hindu","Male","Rural"
11901,10577,2,18,"Hindu","Male","Rural"
11902,10941,13,56,"Hindu","Female","Rural"
11903,90496,3,44,"Muslim","Male","Rural"
11904,13899,15,49,"Hindu","Female","Rural"
11905,284,7,37,"Hindu","Female","Rural"
11906,99272,2,46,"Muslim","Male","Urban"
11907,14212,6,45,"Hindu","Male","Rural"
11908,64821,10,40,"Hindu","Male","Urban"
11909,234198,7,37,"Sikh","Male","Urban"
11910,30203,2,36,"Hindu","Male","Rural"
11911,62661,15,48,"Hindu","Male","Urban"
11912,7828,13,47,"Hindu","Female","Rural"
11913,7033,0,32,"Hindu","Female","Rural"
11914,38542,7,42,"Hindu","Male","Urban"
11915,243272,15,33,"Hindu","Male","Rural"
11916,37105,2,40,"Christian","Male","Rural"
11917,54607,0,29,"Hindu","Male","Rural"
11918,7068,0,29,"Hindu","Male","Urban"
11919,86988,15,54,"Buddhist","Male","Rural"
11920,49620,3,28,"Hindu","Male","Rural"
11921,85457,10,51,"Hindu","Male","Rural"
11922,21739,8,43,"Hindu","Male","Rural"
11923,11931,3,34,"Hindu","Male","Rural"
11924,36595,1,47,"Hindu","Female","Rural"
11925,18979,0,54,"Muslim","Female","Rural"
11926,119698,9,55,"Muslim","Male","Rural"
11927,19820,3,30,"Muslim","Male","Rural"
11928,2807,3,50,"Muslim","Male","Rural"
11929,14889,0,28,"Hindu","Male","Rural"
11930,90818,15,25,"Hindu","Male","Urban"
11931,79379,12,35,"Hindu","Male","Rural"
11932,17275,0,50,"Hindu","Male","Rural"
11933,2975,3,34,"Hindu","Female","Rural"
11934,56228,3,62,"Muslim","Female","Rural"
11935,1911,1,48,"Hindu","Male","Rural"
11936,282462,5,44,"Hindu","Male","Urban"
11937,18987,12,25,"Hindu","Female","Urban"
11938,329871,12,44,"Hindu","Male","Urban"
11939,6728,4,18,"Hindu","Male","Urban"
11940,38109,11,33,"Hindu","Male","Rural"
11941,21806,9,39,"Hindu","Female","Rural"
11942,33773,8,25,"Hindu","Male","Urban"
11943,75175,5,56,"Hindu","Male","Rural"
11944,9546,9,39,"Hindu","Male","Urban"
11945,8012,9,34,"Hindu","Male","Rural"
11946,41487,7,48,"Sikh","Female","Urban"
11947,179482,5,56,"Muslim","Male","Rural"
11948,59669,0,34,"Muslim","Male","Rural"
11949,20542,0,50,"Hindu","Male","Rural"
11950,7673,0,38,"Hindu","Female","Rural"
11951,20225,10,28,"Muslim","Female","Urban"
11952,97959,0,56,"Hindu","Female","Urban"
11953,56547,4,22,"Hindu","Male","Urban"
11954,39682,1,41,"Hindu","Male","Rural"
11955,56882,0,40,"Hindu","Male","Rural"
11956,127726,10,49,"Hindu","Male","Urban"
11957,11632,13,33,"Hindu","Male","Urban"
11958,30567,4,40,"Hindu","Female","Rural"
11959,9503,7,28,"Hindu","Male","Rural"
11960,33010,6,23,"Hindu","Male","Rural"
11961,27036,0,41,"Hindu","Female","Rural"
11962,135358,7,39,"Hindu","Male","Rural"
11963,23696,8,18,"Hindu","Male","Rural"
11964,35177,1,23,"Hindu","Male","Urban"
11965,31005,0,18,"Muslim","Male","Rural"
11966,27220,11,41,"Hindu","Male","Rural"
11967,13700,7,36,"Hindu","Male","Rural"
11968,57975,0,58,"Hindu","Male","Rural"
11969,13266,5,38,"Hindu","Male","Rural"
11970,50392,8,43,"Hindu","Male","Rural"
11971,32615,2,34,"Hindu","Male","Rural"
11972,196122,0,29,"Hindu","Male","Rural"
11973,19910,2,35,"Hindu","Male","Rural"
11974,8384,5,37,"Hindu","Male","Rural"
11975,116567,15,28,"Hindu","Male","Urban"
11976,34196,11,40,"Hindu","Male","Urban"
11977,26548,10,52,"Hindu","Male","Rural"
11978,18687,7,44,"Muslim","Male","Urban"
11979,10406,8,30,"Muslim","Male","Rural"
11980,35560,4,42,"Hindu","Male","Rural"
11981,4423,7,45,"Hindu","Female","Rural"
11982,78123,7,50,"Hindu","Female","Urban"
11983,15340,11,25,"Hindu","Male","Rural"
11984,35466,15,34,"Hindu","Male","Urban"
11985,4986,6,37,"Hindu","Female","Rural"
11986,105746,15,45,"Hindu","Male","Urban"
11987,5295,0,31,"Hindu","Male","Rural"
11988,19085,0,26,"Hindu","Male","Urban"
11989,21981,7,50,"Hindu","Female","Rural"
11990,52897,0,46,"Hindu","Male","Urban"
11991,26916,10,18,"Hindu","Male","Rural"
11992,75714,15,53,"Christian","Male","Rural"
11993,2565,1,19,"Hindu","Male","Rural"
11994,88769,0,63,"Hindu","Male","Rural"
11995,13373,0,49,"Sikh","Male","Rural"
11996,40302,6,49,"Muslim","Male","Rural"
11997,14737,0,51,"Hindu","Male","Rural"
11998,17386,4,24,"Hindu","Female","Rural"
11999,23235,4,30,"Hindu","Female","Urban"
12000,69787,8,39,"Hindu","Female","Rural"
12001,17344,1,37,"Hindu","Male","Rural"
12002,12517,12,29,"Hindu","Male","Urban"
12003,24950,8,37,"Christian","Male","Rural"
12004,26208,9,40,"Muslim","Male","Rural"
12005,42060,6,41,"Hindu","Male","Urban"
12006,145904,5,46,"Hindu","Male","Rural"
12007,4635,0,39,"Hindu","Female","Rural"
12008,7075,6,49,"Muslim","Male","Rural"
12009,9225,0,25,"Hindu","Male","Rural"
12010,55666,15,43,"Hindu","Male","Rural"
12011,59482,0,26,"Hindu","Female","Rural"
12012,8732,3,25,"Hindu","Female","Rural"
12013,12806,5,45,"Muslim","Female","Rural"
12014,43587,15,61,"Hindu","Male","Urban"
12015,9550,7,30,"Hindu","Male","Urban"
12016,6795,3,45,"Hindu","Female","Rural"
12017,21168,10,51,"Hindu","Female","Rural"
12018,19446,5,52,"Hindu","Male","Rural"
12019,109748,11,60,"Hindu","Male","Rural"
12020,36993,2,33,"Hindu","Male","Urban"
12021,53946,5,34,"Hindu","Male","Rural"
12022,11609,1,43,"Muslim","Male","Rural"
12023,25135,5,43,"Hindu","Male","Rural"
12024,13264,1,35,"Hindu","Male","Rural"
12025,50667,0,32,"Hindu","Female","Rural"
12026,11144,10,24,"Hindu","Female","Rural"
12027,51438,0,53,"Hindu","Male","Rural"
12028,58598,7,45,"Hindu","Male","Rural"
12029,36496,6,35,"Hindu","Male","Urban"
12030,2214,8,46,"Hindu","Female","Rural"
12031,106439,1,26,"Hindu","Male","Urban"
12032,52718,1,19,"Sikh","Male","Urban"
12033,4934,0,28,"Hindu","Male","Rural"
12034,60716,15,27,"Hindu","Female","Rural"
12035,82847,0,21,"Hindu","Male","Rural"
12036,7283,6,44,"Hindu","Female","Rural"
12037,38706,6,18,"Hindu","Male","Rural"
12038,25162,14,41,"Hindu","Male","Urban"
12039,8556,10,32,"Hindu","Female","Rural"
12040,373328,6,32,"Hindu","Male","Urban"
12041,18268,0,43,"Hindu","Female","Rural"
12042,83182,15,51,"Hindu","Male","Rural"
12043,78331,0,53,"Hindu","Male","Urban"
12044,7115,3,40,"Hindu","Male","Rural"
12045,60269,7,38,"Hindu","Male","Rural"
12046,44808,3,26,"Muslim","Male","Rural"
12047,4770,0,44,"Hindu","Male","Rural"
12048,4704,0,19,"Hindu","Female","Rural"
12049,4573,0,36,"Muslim","Female","Rural"
12050,142291,15,24,"Hindu","Female","Urban"
12051,22243,10,23,"Muslim","Female","Rural"
12052,23691,3,18,"Hindu","Male","Rural"
12053,49240,0,34,"Tribal","Male","Urban"
12054,124773,15,38,"Muslim","Male","Rural"
12055,174967,11,46,"Hindu","Male","Urban"
12056,3141,3,24,"Hindu","Male","Rural"
12057,13278,0,34,"Hindu","Male","Rural"
12058,4213,0,28,"Muslim","Female","Rural"
12059,5820,0,47,"Hindu","Female","Rural"
12060,34808,9,50,"Muslim","Male","Rural"
12061,10753,3,31,"Hindu","Male","Rural"
12062,5812,8,35,"Muslim","Male","Rural"
12063,164013,12,31,"Hindu","Male","Rural"
12064,21890,0,51,"Hindu","Male","Rural"
12065,30656,15,27,"Hindu","Male","Rural"
12066,17812,0,48,"Hindu","Female","Rural"
12067,7979,15,26,"Hindu","Male","Rural"
12068,84480,5,50,"Hindu","Male","Rural"
12069,8929,15,24,"Hindu","Male","Rural"
12070,23978,4,34,"Hindu","Male","Rural"
12071,82365,2,41,"Tribal","Male","Urban"
12072,157671,7,46,"Hindu","Male","Urban"
12073,14669,7,44,"Hindu","Female","Rural"
12074,6019,3,45,"Muslim","Male","Rural"
12075,31516,15,37,"Hindu","Male","Rural"
12076,42383,0,29,"Hindu","Male","Rural"
12077,17494,8,36,"Hindu","Female","Urban"
12078,22081,15,32,"Hindu","Male","Rural"
12079,8363,12,42,"Hindu","Male","Rural"
12080,32268,13,39,"Muslim","Female","Rural"
12081,74866,14,31,"Hindu","Male","Urban"
12082,5124,0,44,"Hindu","Male","Rural"
12083,13966,7,55,"Hindu","Male","Rural"
12084,2967,9,52,"Hindu","Female","Rural"
12085,172786,8,45,"Hindu","Male","Rural"
12086,24278,0,25,"Hindu","Male","Rural"
12087,3257,0,38,"Hindu","Male","Rural"
12088,3140,5,18,"Hindu","Male","Rural"
12089,47753,9,35,"Hindu","Female","Urban"
12090,25169,10,47,"Muslim","Male","Rural"
12091,12585,0,50,"Hindu","Male","Rural"
12092,6331,8,18,"Muslim","Female","Rural"
12093,36853,8,31,"Hindu","Male","Rural"
12094,15497,11,37,"Hindu","Male","Urban"
12095,14548,0,35,"Hindu","Female","Rural"
12096,66604,0,27,"Hindu","Male","Rural"
12097,47116,7,39,"Hindu","Male","Urban"
12098,282524,15,47,"Hindu","Male","Urban"
12099,2442,0,42,"Hindu","Female","Urban"
12100,60854,4,49,"Hindu","Male","Rural"
12101,27755,10,65,"Hindu","Male","Rural"
12102,269320,0,18,"Hindu","Male","Urban"
12103,22460,12,30,"Hindu","Female","Rural"
12104,36346,15,25,"Hindu","Male","Urban"
12105,612,0,18,"Hindu","Female","Rural"
12106,43648,11,36,"Hindu","Male","Urban"
12107,5375,0,31,"Hindu","Male","Rural"
12108,107740,0,28,"Hindu","Male","Rural"
12109,9497,15,25,"Hindu","Female","Rural"
12110,25697,0,47,"Hindu","Male","Rural"
12111,50505,11,50,"Buddhist","Female","Rural"
12112,34650,15,35,"Hindu","Female","Rural"
12113,23799,8,57,"Hindu","Male","Rural"
12114,21026,7,22,"Hindu","Male","Rural"
12115,11750,3,38,"Hindu","Female","Rural"
12116,27071,6,56,"Hindu","Male","Urban"
12117,26264,1,42,"Hindu","Male","Rural"
12118,79846,9,40,"Hindu","Male","Rural"
12119,9389,0,25,"Hindu","Female","Rural"
12120,49736,4,38,"Hindu","Male","Rural"
12121,5856,6,32,"Hindu","Male","Urban"
12122,4012,1,45,"Hindu","Male","Rural"
12123,17523,4,38,"Hindu","Female","Urban"
12124,15338,0,38,"Hindu","Male","Rural"
12125,26404,11,18,"Hindu","Female","Urban"
12126,14063,1,45,"Muslim","Male","Rural"
12127,7224,0,51,"Hindu","Female","Rural"
12128,50908,1,42,"Hindu","Female","Rural"
12129,132589,15,43,"Hindu","Male","Urban"
12130,818,0,45,"Hindu","Female","Rural"
12131,119388,1,18,"Sikh","Male","Urban"
12132,1299,3,18,"Hindu","Male","Rural"
12133,29192,11,25,"Hindu","Female","Rural"
12134,3428,0,49,"Hindu","Female","Rural"
12135,325235,9,57,"Hindu","Male","Urban"
12136,51383,11,60,"Buddhist","Male","Rural"
12137,539836,4,18,"Hindu","Male","Urban"
12138,20497,9,47,"Hindu","Female","Rural"
12139,75840,9,43,"Hindu","Female","Rural"
12140,147938,11,31,"Hindu","Male","Urban"
12141,43095,0,41,"Hindu","Male","Rural"
12142,40725,10,32,"Hindu","Male","Rural"
12143,6320,0,23,"Hindu","Male","Rural"
12144,49895,1,18,"Muslim","Female","Rural"
12145,18084,3,33,"Hindu","Female","Rural"
12146,1731169,15,52,"Sikh","Male","Urban"
12147,208303,1,36,"Hindu","Male","Rural"
12148,18393,12,24,"Hindu","Male","Rural"
12149,50676,14,25,"Hindu","Male","Urban"
12150,1410,2,33,"Hindu","Female","Rural"
12151,2683,2,40,"Hindu","Male","Rural"
12152,18102,4,54,"Tribal","Male","Rural"
12153,5925,0,30,"Sikh","Female","Rural"
12154,82802,7,35,"Hindu","Male","Urban"
12155,52574,0,42,"Hindu","Male","Rural"
12156,112965,6,39,"Hindu","Male","Rural"
12157,10703,0,63,"Hindu","Female","Rural"
12158,3713,6,38,"Hindu","Male","Rural"
12159,5228,8,34,"Muslim","Male","Rural"
12160,15563,0,18,"Hindu","Male","Rural"
12161,5749,0,57,"Tribal","Male","Rural"
12162,26948,3,55,"Hindu","Male","Rural"
12163,17792,0,31,"Hindu","Male","Urban"
12164,51416,12,31,"Hindu","Male","Urban"
12165,433,0,51,"Muslim","Male","Rural"
12166,8495,4,25,"Hindu","Male","Rural"
12167,25481,3,36,"Hindu","Male","Rural"
12168,57950,4,38,"Hindu","Male","Rural"
12169,8576,6,40,"Hindu","Female","Rural"
12170,12964,5,22,"Hindu","Male","Rural"
12171,195181,5,38,"Hindu","Male","Urban"
12172,336115,4,52,"Christian","Male","Urban"
12173,3690,10,26,"Hindu","Male","Rural"
12174,74841,15,42,"Hindu","Male","Rural"
12175,42344,2,49,"Hindu","Male","Rural"
12176,32933,9,50,"Hindu","Male","Rural"
12177,17338,2,43,"Hindu","Male","Rural"
12178,4940,2,35,"Muslim","Female","Rural"
12179,34224,9,52,"Hindu","Female","Rural"
12180,28924,2,54,"Hindu","Male","Rural"
12181,11706,0,46,"Hindu","Female","Rural"
12182,6330,1,41,"Hindu","Female","Rural"
12183,25416,3,49,"Christian","Male","Rural"
12184,8432,10,30,"Hindu","Female","Rural"
12185,3610,0,31,"Hindu","Female","Rural"
12186,20664,2,30,"Hindu","Male","Urban"
12187,36199,0,42,"Hindu","Male","Urban"
12188,34636,9,33,"Hindu","Male","Urban"
12189,14118,4,39,"Muslim","Male","Rural"
12190,102305,15,18,"Hindu","Female","Rural"
12191,1033,5,18,"Buddhist","Male","Rural"
12192,64394,15,63,"Hindu","Female","Rural"
12193,19710,0,23,"Hindu","Female","Rural"
12194,3300,0,38,"Hindu","Female","Rural"
12195,271724,12,37,"Muslim","Male","Rural"
12196,10764,2,41,"Tribal","Female","Rural"
12197,17997,0,37,"Hindu","Male","Rural"
12198,295317,8,41,"Hindu","Male","Rural"
12199,26104,10,46,"Muslim","Male","Rural"
12200,25885,0,22,"Hindu","Male","Rural"
12201,12232,1,37,"Hindu","Female","Rural"
12202,4511,11,39,"Hindu","Female","Rural"
12203,2045,0,29,"Hindu","Male","Rural"
12204,50196,9,44,"Hindu","Male","Urban"
12205,21952,8,37,"Hindu","Female","Urban"
12206,18929,5,19,"Christian","Female","Rural"
12207,65330,15,39,"Sikh","Female","Rural"
12208,4542,1,18,"Hindu","Female","Rural"
12209,73550,15,46,"Hindu","Male","Urban"
12210,16513,5,34,"Muslim","Female","Rural"
12211,24830,11,19,"Hindu","Female","Urban"
12212,44358,0,48,"Hindu","Male","Rural"
12213,27571,3,50,"Hindu","Male","Rural"
12214,5377,0,37,"Hindu","Male","Rural"
12215,10788,0,22,"Hindu","Male","Urban"
12216,4991,2,35,"Hindu","Male","Rural"
12217,316183,15,22,"Hindu","Male","Urban"
12218,28281,14,46,"Hindu","Female","Rural"
12219,9734,12,37,"Hindu","Male","Rural"
12220,8334,4,25,"Muslim","Female","Rural"
12221,23034,12,51,"Hindu","Male","Rural"
12222,8483,10,36,"Hindu","Male","Rural"
12223,11766,0,35,"Christian","Male","Rural"
12224,331658,14,37,"Hindu","Male","Urban"
12225,51126,0,37,"Muslim","Male","Rural"
12226,7400,0,39,"Muslim","Female","Rural"
12227,13455,11,36,"Hindu","Female","Urban"
12228,46966,2,49,"Hindu","Male","Rural"
12229,58873,0,43,"Hindu","Male","Rural"
12230,131502,15,43,"Hindu","Female","Urban"
12231,14442,13,22,"Hindu","Male","Rural"
12232,10387,4,25,"Hindu","Male","Urban"
12233,13889,0,40,"Muslim","Female","Rural"
12234,153504,6,35,"Christian","Male","Rural"
12235,92670,0,38,"Muslim","Male","Rural"
12236,36227,0,31,"Hindu","Male","Rural"
12237,44487,3,55,"Hindu","Male","Rural"
12238,12905,5,54,"Hindu","Male","Rural"
12239,12398,12,21,"Hindu","Male","Urban"
12240,3968,11,37,"Hindu","Female","Rural"
12241,184645,12,45,"Hindu","Male","Urban"
12242,10643,5,43,"Hindu","Male","Rural"
12243,47712,0,33,"Hindu","Male","Rural"
12244,29780,3,18,"Muslim","Female","Rural"
12245,26973,7,18,"Hindu","Male","Rural"
12246,28637,7,38,"Hindu","Male","Rural"
12247,91305,10,23,"Hindu","Male","Rural"
12248,56853,15,57,"Hindu","Male","Urban"
12249,17020,4,30,"Hindu","Male","Urban"
12250,10337,2,41,"Hindu","Male","Rural"
12251,2987,0,35,"Hindu","Female","Rural"
12252,163767,15,27,"Hindu","Male","Urban"
12253,58772,13,45,"Hindu","Female","Urban"
12254,20374,15,34,"Hindu","Male","Rural"
12255,40581,9,61,"Hindu","Male","Urban"
12256,114614,9,28,"Hindu","Male","Urban"
12257,8952,0,18,"Hindu","Male","Rural"
12258,33905,0,34,"Hindu","Female","Urban"
12259,4217,5,35,"Hindu","Female","Rural"
12260,12076,0,21,"Christian","Male","Rural"
12261,111153,8,58,"Hindu","Female","Urban"
12262,5846,0,23,"Hindu","Male","Urban"
12263,59146,4,65,"Hindu","Male","Rural"
12264,22500,5,41,"Hindu","Male","Rural"
12265,93273,5,42,"Buddhist","Male","Rural"
12266,1906,3,27,"Hindu","Female","Rural"
12267,24363,14,38,"Hindu","Male","Rural"
12268,8269,2,45,"Hindu","Female","Rural"
12269,21106,6,23,"Hindu","Female","Rural"
12270,32417,0,44,"Hindu","Female","Rural"
12271,55636,7,34,"Hindu","Male","Urban"
12272,499,0,54,"Hindu","Female","Rural"
12273,4707,4,46,"Hindu","Female","Rural"
12274,436186,15,36,"Hindu","Male","Urban"
12275,1140,0,26,"Hindu","Male","Rural"
12276,182035,7,41,"Hindu","Male","Urban"
12277,52087,3,32,"Hindu","Female","Rural"
12278,15925,12,52,"Sikh","Male","Urban"
12279,88010,0,31,"Muslim","Male","Urban"
12280,212319,15,35,"Christian","Male","Urban"
12281,11395,0,51,"Hindu","Male","Urban"
12282,27836,8,30,"Muslim","Male","Urban"
12283,214791,8,34,"Hindu","Male","Urban"
12284,30032,0,27,"Christian","Female","Urban"
12285,21300,15,37,"Hindu","Female","Rural"
12286,5215,4,18,"Hindu","Female","Rural"
12287,41001,0,46,"Hindu","Male","Rural"
12288,4381,1,52,"Hindu","Female","Rural"
12289,30731,4,45,"Muslim","Male","Rural"
12290,2727,12,18,"Hindu","Female","Urban"
12291,39591,0,61,"Hindu","Male","Urban"
12292,24539,3,47,"Hindu","Male","Urban"
12293,99783,15,42,"Hindu","Male","Rural"
12294,28305,13,34,"Hindu","Female","Rural"
12295,39667,0,32,"Sikh","Male","Rural"
12296,9292,8,42,"Hindu","Female","Rural"
12297,67053,4,38,"Hindu","Male","Urban"
12298,11939,5,50,"Hindu","Male","Rural"
12299,376824,4,44,"Sikh","Male","Urban"
12300,59682,11,18,"Hindu","Male","Urban"
12301,154132,6,58,"Christian","Male","Rural"
12302,36378,0,32,"Sikh","Male","Rural"
12303,8782,6,35,"Hindu","Male","Rural"
12304,5709,3,43,"Hindu","Female","Rural"
12305,147338,0,28,"Hindu","Male","Urban"
12306,3516,7,36,"Muslim","Male","Rural"
12307,21838,11,39,"Hindu","Female","Rural"
12308,9608,14,42,"Muslim","Female","Urban"
12309,10788,0,49,"Hindu","Male","Urban"
12310,49948,6,30,"Christian","Male","Rural"
12311,17405,0,34,"Hindu","Male","Rural"
12312,3034,0,27,"Hindu","Male","Rural"
12313,28612,7,26,"Hindu","Male","Urban"
12314,59360,15,36,"Hindu","Male","Rural"
12315,10033,1,42,"Hindu","Male","Rural"
12316,27143,0,33,"Muslim","Male","Rural"
12317,33915,0,30,"Hindu","Male","Rural"
12318,40384,7,40,"Hindu","Male","Rural"
12319,19758,0,49,"Hindu","Female","Urban"
12320,7571,2,44,"Hindu","Female","Rural"
12321,61942,10,46,"Muslim","Male","Urban"
12322,22993,0,51,"Hindu","Male","Rural"
12323,24455,5,44,"Hindu","Female","Rural"
12324,95953,8,54,"Hindu","Male","Urban"
12325,28351,1,38,"Hindu","Male","Rural"
12326,17808,0,37,"Hindu","Female","Rural"
12327,422376,11,43,"Hindu","Male","Urban"
12328,5961,0,28,"Hindu","Male","Rural"
12329,39689,6,34,"Hindu","Male","Rural"
12330,58923,14,53,"Hindu","Male","Urban"
12331,3493,1,22,"Hindu","Male","Rural"
12332,65646,0,45,"Hindu","Male","Rural"
12333,23817,14,37,"Sikh","Female","Rural"
12334,6472,7,52,"Hindu","Male","Urban"
12335,35488,10,37,"Hindu","Male","Rural"
12336,4559,1,31,"Hindu","Male","Rural"
12337,30408,11,32,"Sikh","Male","Rural"
12338,41245,2,30,"Hindu","Male","Urban"
12339,21701,0,44,"Hindu","Male","Rural"
12340,102330,15,29,"Hindu","Male","Urban"
12341,30774,0,57,"Hindu","Male","Rural"
12342,11214,5,50,"Hindu","Female","Rural"
12343,42919,9,18,"Hindu","Male","Rural"
12344,103497,7,45,"Muslim","Male","Urban"
12345,41843,13,51,"Hindu","Female","Rural"
12346,28495,8,49,"Muslim","Female","Rural"
12347,8512,0,40,"Hindu","Male","Rural"
12348,35473,2,43,"Hindu","Male","Rural"
12349,29403,2,32,"Muslim","Male","Rural"
12350,32983,0,23,"Hindu","Male","Urban"
12351,52377,4,43,"Hindu","Female","Rural"
12352,34819,6,38,"Hindu","Male","Urban"
12353,25691,8,50,"Muslim","Male","Rural"
12354,26438,0,44,"Muslim","Male","Urban"
12355,51193,0,43,"Hindu","Male","Rural"
12356,19183,5,37,"Hindu","Female","Urban"
12357,146504,11,56,"Hindu","Male","Urban"
12358,31071,0,32,"Hindu","Male","Rural"
12359,20927,0,51,"Hindu","Male","Rural"
12360,30255,6,33,"Hindu","Male","Rural"
12361,21067,15,33,"Hindu","Female","Rural"
12362,6738,0,60,"Hindu","Female","Rural"
12363,7797,11,37,"Hindu","Female","Rural"
12364,27220,15,43,"Hindu","Male","Urban"
12365,24556,2,45,"Hindu","Female","Rural"
12366,630546,15,23,"Sikh","Male","Urban"
12367,8253,0,35,"Hindu","Male","Rural"
12368,52279,2,28,"Hindu","Female","Rural"
12369,6334,3,33,"Hindu","Female","Rural"
12370,9426,10,31,"Muslim","Male","Rural"
12371,17505,7,65,"Hindu","Female","Rural"
12372,24227,4,53,"Hindu","Male","Rural"
12373,196884,0,43,"Hindu","Male","Rural"
12374,12059,7,40,"Hindu","Male","Rural"
12375,120519,12,44,"Hindu","Male","Urban"
12376,25749,7,54,"Hindu","Male","Rural"
12377,87664,1,55,"Muslim","Female","Urban"
12378,15320,0,20,"Hindu","Male","Urban"
12379,31231,0,18,"Hindu","Male","Rural"
12380,191108,0,41,"Hindu","Male","Rural"
12381,192040,7,47,"Buddhist","Male","Urban"
12382,23704,1,39,"Hindu","Male","Rural"
12383,6594,1,65,"Hindu","Male","Rural"
12384,34378,15,30,"Christian","Male","Urban"
12385,73298,2,37,"Hindu","Male","Rural"
12386,17001,8,21,"Hindu","Male","Urban"
12387,16336,3,37,"Hindu","Male","Urban"
12388,227941,9,23,"Hindu","Male","Urban"
12389,8534,3,51,"Muslim","Female","Rural"
12390,19398,12,45,"Hindu","Male","Rural"
12391,100429,12,23,"Hindu","Male","Urban"
12392,68396,5,48,"Hindu","Male","Rural"
12393,11104,15,27,"Hindu","Female","Rural"
12394,5213,10,65,"Hindu","Male","Rural"
12395,179936,9,55,"Hindu","Male","Urban"
12396,19049,9,26,"Hindu","Female","Rural"
12397,78863,1,34,"Sikh","Male","Rural"
12398,440207,14,58,"Hindu","Male","Rural"
12399,8203,4,18,"Hindu","Female","Rural"
12400,17910,0,35,"Hindu","Female","Rural"
12401,13832,3,50,"Hindu","Male","Rural"
12402,133496,12,53,"Hindu","Male","Rural"
12403,36006,6,40,"Hindu","Male","Urban"
12404,3911,0,42,"Sikh","Female","Rural"
12405,2316,3,18,"Hindu","Female","Rural"
12406,24617,0,35,"Hindu","Male","Urban"
12407,10418,9,43,"Hindu","Male","Urban"
12408,27001,0,54,"Hindu","Male","Urban"
12409,16159,0,54,"Hindu","Male","Urban"
12410,73479,8,47,"Hindu","Male","Urban"
12411,16030,1,28,"Hindu","Male","Rural"
12412,18875,3,30,"Hindu","Male","Rural"
12413,9106,0,34,"Hindu","Female","Rural"
12414,3693,14,29,"Hindu","Male","Rural"
12415,38447,15,29,"Hindu","Male","Urban"
12416,33810,6,25,"Muslim","Male","Urban"
12417,3996,0,39,"Hindu","Female","Rural"
12418,22942,0,48,"Muslim","Male","Rural"
12419,81199,2,35,"Muslim","Male","Rural"
12420,11581,2,19,"Muslim","Male","Rural"
12421,10628,0,46,"Hindu","Male","Rural"
12422,7760,2,26,"Hindu","Female","Rural"
12423,21453,4,50,"Muslim","Male","Rural"
12424,49079,8,31,"Hindu","Male","Rural"
12425,9305,10,26,"Hindu","Male","Rural"
12426,6247,1,42,"Hindu","Male","Rural"
12427,49803,13,18,"Hindu","Female","Urban"
12428,4582,0,45,"Hindu","Male","Rural"
12429,7160,0,34,"Sikh","Female","Rural"
12430,8217,0,33,"Hindu","Male","Urban"
12431,287502,14,54,"Jain","Male","Rural"
12432,4044,0,21,"Muslim","Male","Rural"
12433,106808,15,44,"Hindu","Male","Rural"
12434,114301,7,52,"Hindu","Male","Rural"
12435,13548,15,42,"Sikh","Male","Rural"
12436,147329,11,42,"Sikh","Male","Urban"
12437,5874,3,63,"Hindu","Female","Rural"
12438,12331,3,53,"Hindu","Male","Rural"
12439,23367,15,34,"Hindu","Male","Rural"
12440,39075,0,49,"Hindu","Male","Urban"
12441,25406,2,41,"Hindu","Male","Rural"
12442,192960,13,47,"Hindu","Male","Urban"
12443,3420,0,27,"Hindu","Male","Rural"
12444,97039,3,39,"Hindu","Male","Urban"
12445,36933,7,42,"Hindu","Male","Rural"
12446,48785,0,51,"Hindu","Male","Urban"
12447,273411,14,53,"Hindu","Male","Urban"
12448,209665,0,58,"Christian","Male","Urban"
12449,6949,4,27,"Hindu","Male","Rural"
12450,43442,1,46,"Hindu","Female","Urban"
12451,47301,11,25,"Muslim","Male","Rural"
12452,214612,13,31,"Christian","Male","Rural"
12453,5251,6,33,"Hindu","Male","Rural"
12454,1917,2,24,"Hindu","Male","Rural"
12455,19370,9,38,"Hindu","Male","Rural"
12456,10458,15,29,"Hindu","Female","Rural"
12457,17740,14,40,"Hindu","Male","Urban"
12458,10264,9,27,"Hindu","Male","Rural"
12459,56565,15,43,"Hindu","Male","Rural"
12460,42557,0,43,"Muslim","Male","Rural"
12461,22263,2,46,"Hindu","Male","Rural"
12462,12541,2,43,"Hindu","Female","Rural"
12463,381974,4,63,"Hindu","Male","Urban"
12464,8322,0,24,"Hindu","Female","Rural"
12465,54006,13,38,"Hindu","Male","Rural"
12466,11873,10,39,"Hindu","Male","Rural"
12467,27779,0,40,"Tribal","Male","Rural"
12468,168120,9,45,"Tribal","Male","Rural"
12469,6849,4,30,"Hindu","Male","Rural"
12470,175018,5,36,"Hindu","Male","Urban"
12471,13285,0,32,"Hindu","Male","Rural"
12472,6203,0,47,"Hindu","Female","Rural"
12473,59000,8,32,"Muslim","Male","Rural"
12474,40479,0,35,"Hindu","Male","Rural"
12475,13930,13,25,"Hindu","Male","Rural"
12476,16562,5,33,"Hindu","Female","Rural"
12477,354659,11,30,"Tribal","Male","Urban"
12478,56515,0,32,"Muslim","Male","Rural"
12479,3093,0,24,"Hindu","Male","Rural"
12480,92582,9,51,"Hindu","Male","Urban"
12481,3426,0,41,"Muslim","Male","Rural"
12482,3191,5,35,"Hindu","Female","Rural"
12483,28384,3,50,"Hindu","Male","Rural"
12484,5300,3,29,"Hindu","Male","Rural"
12485,46359,0,41,"Hindu","Male","Rural"
12486,3277,9,24,"Hindu","Male","Rural"
12487,15709,0,19,"Muslim","Male","Urban"
12488,9033,6,29,"Hindu","Male","Rural"
12489,1421,0,48,"Hindu","Male","Rural"
12490,468993,13,40,"Muslim","Male","Urban"
12491,18555,15,49,"Hindu","Male","Rural"
12492,28766,0,41,"Hindu","Male","Rural"
12493,77598,4,42,"Sikh","Male","Urban"
12494,174622,7,65,"Sikh","Male","Urban"
12495,21956,3,51,"Hindu","Male","Rural"
12496,29030,2,18,"Hindu","Male","Rural"
12497,20395,0,41,"Hindu","Male","Rural"
12498,80841,3,30,"Hindu","Male","Rural"
12499,110422,6,56,"Hindu","Male","Rural"
12500,23055,5,22,"Hindu","Male","Urban"
12501,305410,14,18,"Hindu","Male","Urban"
12502,7475,2,44,"Hindu","Female","Rural"
12503,3924,0,47,"Muslim","Male","Rural"
12504,1046250,15,36,"Hindu","Male","Rural"
12505,17551,2,26,"Hindu","Male","Urban"
12506,4638,5,44,"Hindu","Female","Rural"
12507,5793,14,43,"Jain","Male","Rural"
12508,12076,5,27,"Hindu","Male","Rural"
12509,25495,0,41,"Hindu","Female","Rural"
12510,16654,0,39,"Hindu","Female","Rural"
12511,7419,1,47,"Hindu","Female","Rural"
12512,63762,10,65,"Muslim","Male","Rural"
12513,70964,5,37,"Muslim","Male","Rural"
12514,44880,9,24,"Hindu","Male","Urban"
12515,2349,2,52,"Hindu","Female","Rural"
12516,45889,5,22,"Hindu","Male","Urban"
12517,86736,0,37,"Hindu","Female","Rural"
12518,4170,0,28,"Hindu","Female","Rural"
12519,29124,7,35,"Hindu","Male","Rural"
12520,18795,1,48,"Hindu","Male","Rural"
12521,25229,15,44,"Christian","Female","Rural"
12522,126275,0,34,"Hindu","Male","Rural"
12523,36524,9,18,"Hindu","Male","Urban"
12524,237566,6,65,"Hindu","Male","Rural"
12525,14919,4,53,"Hindu","Male","Urban"
12526,71062,9,45,"Hindu","Male","Rural"
12527,18839,3,37,"Hindu","Male","Rural"
12528,28802,8,46,"Hindu","Male","Rural"
12529,41997,2,45,"Hindu","Female","Rural"
12530,37599,4,30,"Muslim","Male","Rural"
12531,36837,5,62,"Hindu","Male","Urban"
12532,26553,2,51,"Hindu","Male","Rural"
12533,12256,10,39,"Hindu","Female","Urban"
12534,20188,3,23,"Hindu","Male","Rural"
12535,10413,4,31,"Hindu","Male","Rural"
12536,6041,3,44,"Hindu","Female","Rural"
12537,137343,0,37,"Hindu","Male","Rural"
12538,6251,7,25,"Hindu","Male","Urban"
12539,20580,2,38,"Hindu","Female","Rural"
12540,17683,9,39,"Hindu","Male","Rural"
12541,45288,10,42,"Hindu","Male","Rural"
12542,20682,0,23,"Muslim","Male","Rural"
12543,161377,3,38,"Christian","Male","Urban"
12544,111760,10,31,"Hindu","Female","Rural"
12545,12387,1,22,"Hindu","Male","Rural"
12546,53162,2,54,"Hindu","Male","Urban"
12547,65007,0,49,"Hindu","Male","Rural"
12548,23086,0,31,"Hindu","Male","Rural"
12549,64261,15,33,"Hindu","Male","Rural"
12550,560705,14,35,"Hindu","Male","Rural"
12551,14431,8,26,"Hindu","Male","Rural"
12552,84183,14,34,"Hindu","Male","Rural"
12553,11228,3,48,"Hindu","Male","Rural"
12554,10505,8,47,"Hindu","Male","Rural"
12555,11021,0,33,"Christian","Female","Rural"
12556,91558,7,39,"Hindu","Male","Urban"
12557,17791,0,28,"Hindu","Female","Rural"
12558,38894,0,44,"Hindu","Male","Rural"
12559,30292,1,26,"Hindu","Male","Urban"
12560,105964,15,43,"Hindu","Female","Rural"
12561,80804,15,23,"Hindu","Male","Rural"
12562,743358,8,34,"Hindu","Male","Urban"
12563,21519,8,40,"Hindu","Male","Rural"
12564,6962,0,30,"Hindu","Male","Rural"
12565,2708,0,33,"Hindu","Male","Rural"
12566,897,0,28,"Hindu","Male","Urban"
12567,18136,7,65,"Hindu","Male","Urban"
12568,258001,9,22,"Muslim","Male","Urban"
12569,11773,7,59,"Hindu","Female","Rural"
12570,21156,7,60,"Hindu","Male","Rural"
12571,23572,15,58,"Hindu","Male","Rural"
12572,2715,0,25,"Hindu","Female","Rural"
12573,29215,3,38,"Hindu","Male","Urban"
12574,158063,8,58,"Hindu","Male","Rural"
12575,139834,9,33,"Hindu","Male","Rural"
12576,15971,5,51,"Hindu","Male","Rural"
12577,110986,0,65,"Hindu","Male","Urban"
12578,68844,2,41,"Hindu","Male","Rural"
12579,15864,6,33,"Hindu","Male","Rural"
12580,1336416,10,41,"Hindu","Male","Urban"
12581,7629,3,65,"Hindu","Female","Rural"
12582,46136,6,50,"Hindu","Male","Rural"
12583,71952,6,65,"Hindu","Male","Rural"
12584,22156,0,42,"Hindu","Male","Rural"
12585,8126,1,33,"Hindu","Male","Rural"
12586,47621,5,37,"Hindu","Male","Urban"
12587,18207,4,20,"Hindu","Male","Rural"
12588,736,0,29,"Hindu","Female","Rural"
12589,41534,0,52,"Hindu","Male","Rural"
12590,44643,9,35,"Hindu","Male","Rural"
12591,14348,0,28,"Hindu","Female","Rural"
12592,14083,1,25,"Hindu","Female","Rural"
12593,37629,9,43,"Hindu","Female","Urban"
12594,2783,0,44,"Muslim","Female","Rural"
12595,25188,5,40,"Hindu","Female","Rural"
12596,29041,4,18,"Hindu","Male","Rural"
12597,6248,12,38,"Hindu","Male","Rural"
12598,33140,8,37,"Hindu","Female","Rural"
12599,107595,3,25,"Hindu","Male","Urban"
12600,22261,10,18,"Hindu","Male","Urban"
12601,75135,3,52,"Hindu","Male","Rural"
12602,2167,1,34,"Hindu","Female","Rural"
12603,99741,6,18,"Hindu","Male","Rural"
12604,18575,4,48,"Hindu","Male","Rural"
12605,4061,4,37,"Hindu","Male","Rural"
12606,496,1,30,"Hindu","Female","Rural"
12607,4076,8,27,"Hindu","Female","Rural"
12608,30852,4,41,"Sikh","Male","Rural"
12609,108878,0,28,"Hindu","Male","Rural"
12610,43812,11,61,"Hindu","Male","Rural"
12611,22734,2,44,"Buddhist","Male","Urban"
12612,6432,15,52,"Hindu","Female","Rural"
12613,43957,6,40,"Hindu","Male","Rural"
12614,42340,7,50,"Christian","Female","Rural"
12615,5873,3,25,"Muslim","Male","Rural"
12616,47925,13,47,"Hindu","Female","Rural"
12617,31392,5,58,"Muslim","Male","Rural"
12618,18515,1,26,"Hindu","Male","Rural"
12619,52359,8,48,"Hindu","Male","Rural"
12620,14521,5,37,"Hindu","Male","Rural"
12621,23921,7,29,"Hindu","Male","Urban"
12622,18471,1,38,"Muslim","Male","Rural"
12623,8301,8,33,"Hindu","Female","Rural"
12624,6345,0,32,"Muslim","Male","Rural"
12625,6045,4,53,"Hindu","Male","Rural"
12626,110713,7,38,"Hindu","Male","Rural"
12627,5600,0,24,"Sikh","Male","Rural"
12628,44249,5,37,"Hindu","Male","Rural"
12629,10593,0,56,"Hindu","Male","Rural"
12630,33107,15,35,"Hindu","Male","Rural"
12631,53640,12,35,"Hindu","Male","Urban"
12632,18139,7,48,"Hindu","Female","Rural"
12633,16611,4,50,"Hindu","Male","Rural"
12634,9233,0,36,"Hindu","Female","Rural"
12635,71382,5,37,"Hindu","Female","Urban"
12636,6029,11,25,"Hindu","Male","Rural"
12637,35863,7,43,"Hindu","Female","Rural"
12638,35898,11,50,"Hindu","Male","Rural"
12639,79519,6,32,"Hindu","Male","Urban"
12640,30416,11,30,"Hindu","Male","Rural"
12641,123035,5,56,"Buddhist","Female","Rural"
12642,70100,0,38,"Hindu","Male","Rural"
12643,19211,0,55,"Hindu","Male","Rural"
12644,80051,4,31,"Hindu","Male","Rural"
12645,31411,9,19,"Hindu","Male","Rural"
12646,109416,8,43,"Hindu","Male","Urban"
12647,51504,10,32,"Hindu","Male","Rural"
12648,14535,0,54,"Muslim","Female","Rural"
12649,8813,10,18,"Hindu","Female","Rural"
12650,69427,5,64,"Hindu","Male","Urban"
12651,16524,6,41,"Muslim","Male","Rural"
12652,8921,0,39,"Hindu","Male","Rural"
12653,22726,5,25,"Hindu","Male","Rural"
12654,78827,0,40,"Hindu","Male","Rural"
12655,238045,6,36,"Hindu","Male","Rural"
12656,19134,10,42,"Hindu","Female","Rural"
12657,3435,0,23,"Muslim","Female","Rural"
12658,49126,0,22,"Hindu","Male","Rural"
12659,45246,2,39,"Hindu","Female","Rural"
12660,6008,9,33,"Hindu","Male","Rural"
12661,242288,15,43,"Hindu","Male","Urban"
12662,23209,0,25,"Hindu","Male","Rural"
12663,7082,0,49,"Hindu","Male","Rural"
12664,23154,3,29,"Hindu","Male","Urban"
12665,65606,15,55,"Hindu","Male","Urban"
12666,2679,1,28,"Hindu","Female","Urban"
12667,174013,8,46,"Muslim","Male","Rural"
12668,15954,4,28,"Hindu","Female","Urban"
12669,45864,6,28,"Hindu","Male","Urban"
12670,7280,1,31,"Hindu","Male","Rural"
12671,8937,5,38,"Hindu","Male","Urban"
12672,40007,11,39,"Hindu","Male","Rural"
12673,6124,2,21,"Muslim","Female","Rural"
12674,5585,4,46,"Hindu","Female","Rural"
12675,84148,0,47,"Hindu","Male","Urban"
12676,25442,0,51,"Hindu","Female","Rural"
12677,28271,7,19,"Hindu","Female","Rural"
12678,33270,9,34,"Hindu","Male","Rural"
12679,20800,14,25,"Muslim","Male","Rural"
12680,48132,7,50,"Hindu","Male","Urban"
12681,4025,4,32,"Hindu","Male","Rural"
12682,29025,0,37,"Hindu","Male","Rural"
12683,8020,4,44,"Hindu","Male","Rural"
12684,48949,0,35,"Hindu","Male","Rural"
12685,1900,0,38,"Hindu","Female","Rural"
12686,162313,4,39,"Hindu","Male","Urban"
12687,22180,13,40,"Hindu","Female","Urban"
12688,46577,10,23,"Hindu","Female","Rural"
12689,135742,15,51,"Hindu","Male","Urban"
12690,15587,0,50,"Hindu","Female","Rural"
12691,15699,0,23,"Hindu","Male","Rural"
12692,23055,5,51,"Hindu","Female","Rural"
12693,20014,7,29,"Hindu","Male","Rural"
12694,11553,0,31,"Hindu","Male","Rural"
12695,397733,3,55,"Hindu","Male","Rural"
12696,10171,4,44,"Muslim","Male","Urban"
12697,4099,0,65,"Hindu","Male","Rural"
12698,6610,0,23,"Muslim","Male","Rural"
12699,4083,0,35,"Hindu","Female","Rural"
12700,16221,4,42,"Muslim","Female","Rural"
12701,5329,2,38,"Hindu","Male","Rural"
12702,12077,14,43,"Hindu","Male","Rural"
12703,5763,1,47,"Hindu","Female","Rural"
12704,49966,3,37,"Hindu","Male","Urban"
12705,199832,11,61,"Hindu","Male","Rural"
12706,312515,9,53,"Hindu","Male","Urban"
12707,520433,13,50,"Hindu","Male","Urban"
12708,125071,11,18,"Hindu","Male","Urban"
12709,14745,5,55,"Hindu","Female","Rural"
12710,30149,13,31,"Hindu","Male","Rural"
12711,28240,4,20,"Hindu","Male","Urban"
12712,24172,14,29,"Christian","Male","Rural"
12713,4593,13,55,"Hindu","Male","Rural"
12714,32480,12,24,"Hindu","Male","Rural"
12715,31378,0,44,"Hindu","Male","Urban"
12716,2268,0,39,"Tribal","Male","Urban"
12717,15685,0,29,"Hindu","Male","Rural"
12718,10957,12,65,"Hindu","Male","Rural"
12719,55814,1,37,"Hindu","Female","Rural"
12720,12056,12,19,"Hindu","Female","Rural"
12721,40484,13,35,"Hindu","Male","Rural"
12722,268230,0,53,"Hindu","Male","Urban"
12723,34252,10,38,"Christian","Male","Urban"
12724,7400,0,29,"Hindu","Female","Rural"
12725,20454,12,32,"Hindu","Male","Rural"
12726,16627,0,19,"Hindu","Male","Urban"
12727,13306,4,27,"Hindu","Male","Urban"
12728,12777,9,32,"Hindu","Male","Rural"
12729,48721,0,52,"Hindu","Male","Urban"
12730,80547,3,21,"Hindu","Female","Rural"
12731,169994,9,54,"Hindu","Male","Urban"
12732,52782,5,53,"Hindu","Male","Urban"
12733,36861,15,42,"Hindu","Male","Urban"
12734,51585,0,24,"Hindu","Male","Rural"
12735,161764,8,41,"Hindu","Male","Urban"
12736,185644,14,31,"Hindu","Male","Rural"
12737,51335,1,40,"Hindu","Male","Rural"
12738,13373,8,28,"Hindu","Female","Rural"
12739,6640,5,44,"Hindu","Female","Rural"
12740,48043,15,39,"Hindu","Female","Rural"
12741,17334,8,49,"Muslim","Male","Rural"
12742,48008,9,43,"Muslim","Female","Rural"
12743,25090,8,53,"Hindu","Female","Urban"
12744,4644,0,50,"Hindu","Male","Rural"
12745,17201,1,28,"Hindu","Male","Rural"
12746,7607,15,24,"Hindu","Male","Rural"
12747,23895,13,45,"Hindu","Male","Rural"
12748,382021,15,40,"Muslim","Male","Urban"
12749,22093,0,25,"Hindu","Female","Urban"
12750,18710,4,43,"Hindu","Male","Rural"
12751,49585,6,36,"Hindu","Male","Rural"
12752,18539,7,35,"Christian","Female","Urban"
12753,61072,7,49,"Christian","Male","Urban"
12754,149862,15,62,"Hindu","Male","Urban"
12755,106455,0,62,"Hindu","Male","Urban"
12756,4112,3,19,"Hindu","Male","Urban"
12757,188050,11,45,"Muslim","Male","Rural"
12758,13891,7,59,"Hindu","Female","Urban"
12759,65772,8,19,"Hindu","Male","Urban"
12760,6186,2,31,"Hindu","Male","Rural"
12761,23737,12,31,"Hindu","Male","Rural"
12762,16778,8,41,"Christian","Female","Rural"
12763,10087,9,24,"Hindu","Male","Urban"
12764,1610,0,52,"Hindu","Female","Rural"
12765,44582,5,44,"Hindu","Female","Urban"
12766,6349,3,30,"Muslim","Male","Rural"
12767,54814,12,55,"Hindu","Male","Rural"
12768,266416,13,31,"Muslim","Male","Urban"
12769,26797,5,24,"Muslim","Male","Rural"
12770,67919,9,42,"Hindu","Male","Rural"
12771,159068,0,58,"Muslim","Male","Urban"
12772,1243938,15,34,"Christian","Male","Urban"
12773,22026,15,35,"Hindu","Female","Urban"
12774,1197,0,24,"Muslim","Female","Rural"
12775,2811,9,40,"Hindu","Female","Rural"
12776,114935,3,52,"Hindu","Male","Urban"
12777,43681,8,43,"Hindu","Female","Urban"
12778,53221,2,46,"Hindu","Male","Rural"
12779,31093,14,40,"Hindu","Male","Rural"
12780,10766,0,29,"Muslim","Male","Rural"
12781,19491,0,37,"Hindu","Female","Rural"
12782,81819,13,26,"Hindu","Male","Rural"
12783,44618,5,29,"Hindu","Male","Rural"
12784,21102,3,48,"Hindu","Male","Rural"
12785,29231,0,39,"Hindu","Male","Rural"
12786,433059,10,32,"Hindu","Male","Rural"
12787,6945,0,32,"Hindu","Male","Rural"
12788,700525,15,40,"Christian","Male","Urban"
12789,20032,15,42,"Hindu","Female","Rural"
12790,12429,7,30,"Hindu","Male","Rural"
12791,83980,11,31,"Hindu","Male","Rural"
12792,158771,13,50,"Hindu","Female","Urban"
12793,2261,0,50,"Hindu","Female","Rural"
12794,27575,15,33,"Hindu","Male","Rural"
12795,7546,0,32,"Hindu","Male","Rural"
12796,65293,7,38,"Hindu","Male","Urban"
12797,43265,1,18,"Muslim","Male","Rural"
12798,23322,1,63,"Hindu","Male","Rural"
12799,830,0,55,"Muslim","Female","Rural"
12800,6029,1,48,"Hindu","Male","Urban"
12801,34356,0,44,"Hindu","Male","Urban"
12802,35875,8,28,"Hindu","Male","Rural"
12803,56105,9,58,"Hindu","Male","Rural"
12804,39272,12,29,"Hindu","Female","Rural"
12805,31584,0,39,"Hindu","Male","Rural"
12806,11426,14,42,"Hindu","Male","Rural"
12807,145792,7,29,"Christian","Male","Rural"
12808,3151,0,32,"Hindu","Female","Rural"
12809,3143,0,48,"Hindu","Female","Rural"
12810,140574,12,24,"Hindu","Male","Urban"
12811,160480,8,29,"Tribal","Male","Rural"
12812,372045,0,56,"Hindu","Male","Rural"
12813,21380,0,31,"Hindu","Female","Rural"
12814,26095,2,24,"Hindu","Male","Rural"
12815,5135,2,29,"Hindu","Male","Rural"
12816,30653,9,39,"Hindu","Male","Rural"
12817,12571,0,22,"Hindu","Female","Rural"
12818,12202,9,36,"Hindu","Female","Rural"
12819,27239,13,65,"Muslim","Male","Rural"
12820,12790,0,43,"Hindu","Male","Rural"
12821,15683,0,46,"Hindu","Male","Rural"
12822,109830,0,34,"Muslim","Male","Rural"
12823,33577,0,41,"Muslim","Male","Rural"
12824,22299,5,43,"Hindu","Male","Rural"
12825,3163,0,42,"Muslim","Female","Rural"
12826,95834,5,19,"Hindu","Male","Urban"
12827,42761,9,31,"Hindu","Male","Urban"
12828,18845,7,40,"Hindu","Male","Rural"
12829,14367,10,51,"Hindu","Female","Rural"
12830,9420,0,45,"Sikh","Female","Rural"
12831,72678,13,37,"Hindu","Male","Urban"
12832,20526,4,45,"Hindu","Male","Rural"
12833,225560,13,25,"Hindu","Male","Rural"
12834,22644,15,50,"Hindu","Female","Rural"
12835,6943,6,43,"Muslim","Female","Rural"
12836,242395,13,63,"Christian","Male","Rural"
12837,21137,14,26,"Hindu","Male","Rural"
12838,103941,6,27,"Hindu","Male","Rural"
12839,98636,14,54,"Hindu","Male","Urban"
12840,19422,8,42,"Muslim","Female","Rural"
12841,4409,6,53,"Hindu","Male","Rural"
12842,97892,3,30,"Hindu","Female","Rural"
12843,3296,6,41,"Muslim","Female","Rural"
12844,36078,9,53,"Hindu","Male","Rural"
12845,72506,10,45,"Hindu","Female","Urban"
12846,108010,15,30,"Muslim","Male","Urban"
12847,73749,0,37,"Hindu","Male","Rural"
12848,15404,0,18,"Hindu","Female","Rural"
12849,3313,1,56,"Hindu","Female","Rural"
12850,9133,8,30,"Hindu","Male","Rural"
12851,35591,0,43,"Hindu","Male","Rural"
12852,13208,10,42,"Hindu","Female","Rural"
12853,18837,2,27,"Hindu","Female","Urban"
12854,63129,4,38,"Hindu","Female","Rural"
12855,4666,0,33,"Muslim","Male","Rural"
12856,52195,2,46,"Hindu","Male","Rural"
12857,18932,13,40,"Hindu","Male","Urban"
12858,30361,13,22,"Hindu","Female","Rural"
12859,52042,11,18,"Hindu","Male","Rural"
12860,5233,1,53,"Hindu","Female","Rural"
12861,34588,0,18,"Muslim","Female","Rural"
12862,37964,5,18,"Hindu","Male","Urban"
12863,5268,0,50,"Hindu","Male","Rural"
12864,97871,0,49,"Hindu","Male","Rural"
12865,113669,15,61,"Hindu","Male","Rural"
12866,17253,13,23,"Hindu","Male","Urban"
12867,2970,10,47,"Hindu","Male","Rural"
12868,168905,5,48,"Hindu","Male","Rural"
12869,4074,0,18,"Hindu","Male","Rural"
12870,47054,3,34,"Hindu","Male","Urban"
12871,37850,15,18,"Hindu","Female","Rural"
12872,56385,0,34,"Hindu","Male","Rural"
12873,26483,5,18,"Hindu","Male","Rural"
12874,3644,9,36,"Hindu","Female","Rural"
12875,10433,11,45,"Hindu","Female","Urban"
12876,73454,5,50,"Muslim","Female","Rural"
12877,122028,5,19,"Hindu","Female","Rural"
12878,116621,13,37,"Hindu","Male","Urban"
12879,18919,0,46,"Hindu","Male","Urban"
12880,345607,15,18,"Hindu","Male","Urban"
12881,12730,0,29,"Hindu","Male","Rural"
12882,772,0,23,"Hindu","Male","Rural"
12883,231267,0,36,"Hindu","Female","Rural"
12884,15680,13,31,"Hindu","Female","Urban"
12885,9733,5,27,"Muslim","Female","Urban"
12886,52364,4,43,"Hindu","Male","Rural"
12887,11241,9,40,"Hindu","Male","Rural"
12888,24833,6,41,"Sikh","Male","Urban"
12889,135207,15,36,"Hindu","Female","Urban"
12890,35139,4,18,"Hindu","Male","Urban"
12891,67696,2,28,"Hindu","Male","Urban"
12892,13500,0,38,"Muslim","Male","Urban"
12893,72337,9,21,"Hindu","Male","Urban"
12894,96974,10,47,"Hindu","Male","Urban"
12895,3007,2,47,"Hindu","Male","Urban"
12896,10213,5,41,"Hindu","Male","Rural"
12897,43939,5,44,"Hindu","Female","Rural"
12898,2814,0,49,"Hindu","Male","Rural"
12899,13342,2,56,"Hindu","Female","Urban"
12900,27092,0,58,"Hindu","Male","Urban"
12901,60413,7,34,"Hindu","Male","Rural"
12902,81738,1,42,"Muslim","Male","Urban"
12903,56071,3,50,"Hindu","Male","Urban"
12904,24780,0,38,"Hindu","Male","Rural"
12905,14773,10,40,"Hindu","Male","Urban"
12906,19710,4,47,"Muslim","Male","Urban"
12907,28621,5,54,"Hindu","Male","Rural"
12908,30166,4,36,"Hindu","Male","Rural"
12909,27621,9,48,"Hindu","Male","Rural"
12910,60327,8,24,"Hindu","Male","Urban"
12911,11125,9,53,"Hindu","Male","Rural"
12912,41842,0,22,"Hindu","Male","Rural"
12913,53790,15,40,"Hindu","Female","Rural"
12914,57837,8,60,"Hindu","Male","Urban"
12915,48113,7,34,"Hindu","Male","Rural"
12916,14936,15,26,"Hindu","Female","Rural"
12917,13347,9,33,"Hindu","Female","Rural"
12918,21911,0,35,"Hindu","Male","Rural"
12919,38977,0,27,"Hindu","Female","Rural"
12920,68789,7,60,"Muslim","Male","Rural"
12921,34424,4,35,"Hindu","Male","Rural"
12922,3324,0,42,"Hindu","Male","Urban"
12923,25141,7,49,"Hindu","Male","Rural"
12924,46880,5,57,"Hindu","Male","Rural"
12925,71118,5,42,"Hindu","Male","Rural"
12926,10103,3,18,"Sikh","Female","Rural"
12927,49470,8,43,"Hindu","Male","Urban"
12928,8342,3,47,"Sikh","Male","Rural"
12929,44160,10,24,"Hindu","Male","Rural"
12930,42719,15,36,"Hindu","Male","Rural"
12931,11899,3,39,"Hindu","Female","Rural"
12932,51516,6,38,"Hindu","Male","Urban"
12933,45845,14,38,"Hindu","Female","Rural"
12934,10532,1,40,"Muslim","Male","Rural"
12935,33204,15,40,"Hindu","Male","Rural"
12936,14782,0,60,"Hindu","Female","Rural"
12937,11956,2,40,"Hindu","Male","Rural"
12938,6112,1,39,"Hindu","Female","Rural"
12939,46642,0,50,"Muslim","Male","Rural"
12940,17287,11,43,"Hindu","Male","Rural"
12941,2180,0,54,"Hindu","Female","Rural"
12942,78722,3,43,"Hindu","Male","Rural"
12943,85313,3,33,"Hindu","Male","Urban"
12944,46695,0,37,"Hindu","Male","Rural"
12945,20178,4,20,"Hindu","Female","Rural"
12946,103973,8,18,"Hindu","Female","Rural"
12947,14282,0,65,"Hindu","Female","Rural"
12948,27817,10,46,"Hindu","Male","Rural"
12949,11019,11,51,"Hindu","Female","Rural"
12950,129797,13,37,"Hindu","Male","Rural"
12951,10644,4,35,"Hindu","Male","Urban"
12952,82149,15,52,"Hindu","Male","Rural"
12953,1697,0,48,"Hindu","Female","Rural"
12954,45103,3,44,"Hindu","Male","Rural"
12955,84928,0,35,"Hindu","Male","Rural"
12956,15845,4,48,"Hindu","Female","Rural"
12957,47085,12,38,"Hindu","Female","Urban"
12958,7969,8,40,"Hindu","Male","Rural"
12959,77601,4,51,"Hindu","Male","Rural"
12960,50100,13,51,"Hindu","Male","Urban"
12961,11578,0,18,"Hindu","Male","Rural"
12962,38225,15,47,"Hindu","Male","Rural"
12963,51344,2,26,"Buddhist","Female","Urban"
12964,3302,0,43,"Hindu","Male","Rural"
12965,27721,10,38,"Hindu","Male","Urban"
12966,65569,3,34,"Hindu","Male","Urban"
12967,33598,7,52,"Hindu","Female","Rural"
12968,27322,0,56,"Hindu","Male","Rural"
12969,6657,6,23,"Hindu","Male","Rural"
12970,20641,0,43,"Hindu","Male","Urban"
12971,8420,2,59,"Hindu","Male","Rural"
12972,30514,9,49,"Hindu","Female","Urban"
12973,32578,14,65,"Hindu","Female","Rural"
12974,138018,8,33,"Hindu","Female","Rural"
12975,112982,13,63,"Hindu","Male","Rural"
12976,132144,6,44,"Hindu","Male","Urban"
12977,22805,3,18,"Hindu","Female","Rural"
12978,4604,2,63,"Hindu","Male","Rural"
12979,28724,2,47,"Hindu","Male","Rural"
12980,34157,6,42,"Hindu","Female","Rural"
12981,7482,0,50,"Muslim","Male","Rural"
12982,3833,0,45,"Hindu","Female","Rural"
12983,51300,5,40,"Muslim","Male","Rural"
12984,5302,15,35,"Christian","Female","Rural"
12985,23373,8,48,"Hindu","Male","Rural"
12986,15494,15,25,"Hindu","Male","Rural"
12987,145915,15,35,"Hindu","Male","Urban"
12988,26881,7,21,"Muslim","Female","Rural"
12989,20306,2,44,"Hindu","Male","Rural"
12990,5981,7,34,"Muslim","Male","Rural"
12991,48727,2,32,"Hindu","Male","Rural"
12992,98426,14,44,"Hindu","Male","Urban"
12993,113030,15,61,"Hindu","Male","Rural"
12994,9198,4,23,"Hindu","Female","Rural"
12995,72249,1,23,"Sikh","Male","Urban"
12996,32679,15,32,"Hindu","Male","Urban"
12997,54178,10,65,"Hindu","Female","Rural"
12998,35655,2,38,"Hindu","Male","Rural"
12999,49400,0,46,"Hindu","Male","Rural"
13000,4291,0,47,"Hindu","Female","Rural"
13001,20268,6,25,"Hindu","Female","Rural"
13002,111638,11,48,"Hindu","Male","Rural"
13003,24792,8,45,"Hindu","Female","Rural"
13004,8800,5,27,"Hindu","Male","Urban"
13005,22300,0,44,"Muslim","Male","Rural"
13006,49523,12,18,"Hindu","Male","Urban"
13007,10308,0,32,"Hindu","Female","Rural"
13008,118657,5,49,"Hindu","Male","Rural"
13009,85447,10,52,"Hindu","Female","Rural"
13010,19048,0,46,"Hindu","Male","Urban"
13011,30327,0,47,"Muslim","Female","Rural"
13012,59322,15,30,"Hindu","Male","Urban"
13013,20310,10,35,"Muslim","Male","Urban"
13014,250257,15,49,"Hindu","Male","Urban"
13015,16733,0,30,"Hindu","Male","Rural"
13016,87108,5,33,"Hindu","Male","Rural"
13017,25326,8,37,"Hindu","Male","Rural"
13018,2221,11,23,"Hindu","Male","Rural"
13019,24302,2,44,"Hindu","Male","Urban"
13020,10268,0,30,"Hindu","Male","Rural"
13021,1468,6,25,"Hindu","Male","Rural"
13022,2874,0,18,"Hindu","Male","Rural"
13023,55114,7,52,"Hindu","Female","Rural"
13024,177286,15,53,"Hindu","Male","Urban"
13025,16972,0,37,"Muslim","Female","Rural"
13026,3753,0,50,"Hindu","Female","Urban"
13027,19150,0,32,"Hindu","Male","Rural"
13028,319185,11,30,"Hindu","Female","Rural"
13029,6779,0,38,"Hindu","Female","Rural"
13030,3982,0,42,"Hindu","Male","Rural"
13031,47376,4,53,"Muslim","Male","Rural"
13032,19663,1,28,"Hindu","Male","Rural"
13033,14717,0,47,"Muslim","Male","Rural"
13034,20689,15,18,"Hindu","Male","Rural"
13035,79069,8,53,"Hindu","Male","Urban"
13036,7136,0,45,"Hindu","Male","Rural"
13037,36635,0,25,"Muslim","Female","Urban"
13038,57391,3,37,"Hindu","Male","Rural"
13039,89986,12,38,"Hindu","Male","Rural"
13040,86070,5,49,"Hindu","Male","Urban"
13041,14990,2,39,"Hindu","Male","Rural"
13042,6938,6,21,"Hindu","Male","Rural"
13043,5104,0,48,"Hindu","Male","Rural"
13044,13343,2,20,"Christian","Male","Rural"
13045,25534,11,34,"Hindu","Female","Rural"
13046,1465,3,38,"Hindu","Male","Rural"
13047,16721,1,36,"Hindu","Male","Rural"
13048,85702,12,28,"Hindu","Male","Rural"
13049,7634,3,40,"Hindu","Female","Rural"
13050,29922,0,55,"Hindu","Female","Rural"
13051,191442,11,34,"Muslim","Male","Rural"
13052,98893,15,26,"Hindu","Male","Urban"
13053,92084,8,61,"Hindu","Male","Rural"
13054,7276,0,48,"Tribal","Male","Rural"
13055,48250,7,45,"Hindu","Male","Rural"
13056,19783,0,18,"Hindu","Male","Rural"
13057,20051,0,19,"Hindu","Male","Rural"
13058,3479,0,25,"Hindu","Female","Rural"
13059,24779,9,35,"Christian","Male","Rural"
13060,15188,0,57,"Hindu","Female","Urban"
13061,9954,0,41,"Hindu","Female","Rural"
13062,5679,0,41,"Hindu","Male","Rural"
13063,53253,7,45,"Hindu","Male","Urban"
13064,4389,8,26,"Hindu","Female","Rural"
13065,31355,0,46,"Hindu","Male","Urban"
13066,42560,4,52,"Hindu","Male","Rural"
13067,6277,2,38,"Hindu","Male","Rural"
13068,16636,3,49,"Hindu","Male","Rural"
13069,7776,6,41,"Hindu","Female","Rural"
13070,21612,0,27,"Buddhist","Male","Rural"
13071,10254,3,32,"Hindu","Male","Rural"
13072,5254,0,18,"Hindu","Male","Rural"
13073,24212,9,18,"Hindu","Female","Rural"
13074,24954,0,47,"Hindu","Female","Urban"
13075,2330,1,28,"Hindu","Female","Rural"
13076,20748,1,54,"Hindu","Male","Rural"
13077,84351,7,38,"Hindu","Male","Urban"
13078,47611,0,44,"Muslim","Male","Rural"
13079,21347,0,59,"Muslim","Male","Rural"
13080,48259,13,47,"Muslim","Female","Rural"
13081,12070,2,31,"Hindu","Male","Rural"
13082,20113,12,23,"Hindu","Female","Rural"
13083,1625,10,50,"Hindu","Female","Rural"
13084,11283,0,54,"Muslim","Male","Rural"
13085,5924,12,24,"Hindu","Female","Urban"
13086,29786,9,31,"Hindu","Male","Rural"
13087,17051,11,26,"Hindu","Male","Urban"
13088,32489,4,45,"Hindu","Male","Rural"
13089,34794,5,37,"Christian","Female","Rural"
13090,10166,0,45,"Hindu","Male","Rural"
13091,25441,8,35,"Hindu","Male","Rural"
13092,70092,12,35,"Hindu","Male","Rural"
13093,3182,12,36,"Hindu","Female","Rural"
13094,15132,3,41,"Christian","Male","Rural"
13095,157738,13,48,"Hindu","Male","Rural"
13096,5982,8,20,"Hindu","Female","Rural"
13097,10771,10,28,"Hindu","Female","Rural"
13098,16484,13,34,"Muslim","Female","Urban"
13099,7994,0,43,"Muslim","Female","Rural"
13100,15651,0,52,"Jain","Female","Rural"
13101,17144,5,36,"Hindu","Male","Rural"
13102,62931,0,44,"Hindu","Male","Rural"
13103,9878,0,54,"Hindu","Male","Rural"
13104,198404,9,24,"Hindu","Male","Rural"
13105,9867,0,45,"Hindu","Female","Urban"
13106,17944,9,38,"Hindu","Female","Rural"
13107,83878,15,56,"Hindu","Male","Urban"
13108,19723,2,36,"Hindu","Male","Rural"
13109,185247,12,39,"Hindu","Male","Urban"
13110,13677,4,43,"Muslim","Male","Rural"
13111,74721,9,30,"Hindu","Male","Rural"
13112,303643,15,63,"Hindu","Female","Urban"
13113,2442,7,57,"Hindu","Female","Rural"
13114,78969,9,49,"Hindu","Male","Urban"
13115,4165,0,44,"Hindu","Male","Rural"
13116,5522,0,30,"Hindu","Male","Rural"
13117,20956,0,32,"Hindu","Male","Rural"
13118,19808,0,25,"Hindu","Male","Rural"
13119,22446,15,54,"Hindu","Male","Urban"
13120,82603,13,45,"Hindu","Female","Rural"
13121,35210,9,50,"Hindu","Male","Rural"
13122,132318,7,37,"Hindu","Male","Urban"
13123,277186,9,40,"Hindu","Male","Urban"
13124,6273,0,34,"Hindu","Female","Urban"
13125,4461,0,18,"Hindu","Female","Rural"
13126,344356,15,39,"Hindu","Male","Urban"
13127,9470,5,33,"Christian","Male","Rural"
13128,19886,0,39,"Hindu","Male","Rural"
13129,929,2,28,"Hindu","Female","Rural"
13130,222192,12,65,"Hindu","Male","Rural"
13131,30270,0,18,"Muslim","Male","Rural"
13132,60048,4,37,"Muslim","Male","Rural"
13133,61121,5,58,"Hindu","Male","Rural"
13134,24590,0,49,"Hindu","Female","Urban"
13135,6147,5,29,"Hindu","Male","Rural"
13136,49155,10,39,"Hindu","Male","Rural"
13137,58806,0,44,"Hindu","Male","Urban"
13138,25034,4,20,"Hindu","Male","Urban"
13139,90683,15,52,"Hindu","Male","Urban"
13140,1927,0,41,"Hindu","Female","Rural"
13141,3534,0,21,"Hindu","Female","Rural"
13142,15269,1,53,"Hindu","Male","Rural"
13143,61625,3,39,"Hindu","Male","Rural"
13144,51919,0,44,"Muslim","Male","Rural"
13145,17786,8,43,"Hindu","Female","Rural"
13146,13968,4,35,"Hindu","Female","Rural"
13147,51585,9,25,"Hindu","Female","Rural"
13148,23223,3,27,"Hindu","Male","Urban"
13149,43530,6,49,"Hindu","Male","Rural"
13150,1230,8,23,"Hindu","Male","Rural"
13151,15879,4,28,"Hindu","Male","Rural"
13152,77709,15,28,"Christian","Male","Urban"
13153,35595,0,31,"Hindu","Male","Rural"
13154,4122,1,25,"Hindu","Female","Rural"
13155,14806,6,36,"Hindu","Female","Rural"
13156,13166,0,23,"Hindu","Male","Rural"
13157,181297,12,18,"Hindu","Male","Urban"
13158,14425,0,25,"Hindu","Male","Rural"
13159,15029,0,24,"Hindu","Male","Rural"
13160,29291,0,20,"Hindu","Male","Rural"
13161,136431,1,39,"Muslim","Male","Rural"
13162,21430,8,47,"Hindu","Male","Rural"
13163,21042,6,47,"Hindu","Female","Urban"
13164,3909,0,41,"Hindu","Female","Urban"
13165,79090,3,18,"Hindu","Male","Urban"
13166,31825,4,37,"Hindu","Male","Urban"
13167,4534,2,18,"Hindu","Female","Rural"
13168,1291967,15,48,"Hindu","Male","Urban"
13169,3449,0,24,"Hindu","Female","Rural"
13170,73980,13,23,"Hindu","Male","Urban"
13171,56092,1,44,"Hindu","Male","Rural"
13172,379531,11,32,"Hindu","Male","Urban"
13173,160187,14,34,"Hindu","Male","Urban"
13174,42663,4,65,"Hindu","Male","Rural"
13175,13824,0,41,"Muslim","Male","Rural"
13176,4364,6,37,"Muslim","Female","Rural"
13177,456,0,59,"Muslim","Female","Rural"
13178,39671,0,38,"Hindu","Female","Urban"
13179,30497,7,43,"Hindu","Male","Rural"
13180,22487,8,33,"Tribal","Male","Rural"
13181,17949,15,39,"Hindu","Female","Rural"
13182,1730,0,44,"Hindu","Female","Rural"
13183,35023,0,43,"Hindu","Male","Rural"
13184,12790,3,47,"Sikh","Female","Rural"
13185,36476,7,25,"Hindu","Male","Rural"
13186,33673,12,38,"Hindu","Male","Rural"
13187,35474,7,18,"Hindu","Male","Rural"
13188,12587,3,36,"Hindu","Male","Rural"
13189,30437,15,38,"Hindu","Female","Rural"
13190,19009,2,42,"Muslim","Male","Rural"
13191,3516,2,54,"Hindu","Male","Rural"
13192,21288,2,29,"Muslim","Male","Rural"
13193,46649,0,37,"Muslim","Male","Urban"
13194,34180,11,46,"Hindu","Male","Rural"
13195,992,4,34,"Hindu","Female","Rural"
13196,8832,0,39,"Hindu","Male","Rural"
13197,64067,8,33,"Muslim","Male","Urban"
13198,22106,7,40,"Hindu","Female","Urban"
13199,28436,5,39,"Hindu","Female","Urban"
13200,3269,3,21,"Hindu","Male","Rural"
13201,13864,3,43,"Hindu","Male","Rural"
13202,10127,0,27,"Hindu","Female","Rural"
13203,254276,10,36,"Hindu","Male","Urban"
13204,3427,0,28,"Hindu","Female","Rural"
13205,13014,0,35,"Hindu","Male","Rural"
13206,93858,6,18,"Hindu","Male","Urban"
13207,8982,2,43,"Hindu","Female","Rural"
13208,10956,5,43,"Hindu","Male","Urban"
13209,70187,9,39,"Muslim","Male","Rural"
13210,8071,6,38,"Hindu","Male","Rural"
13211,8366,6,39,"Tribal","Female","Rural"
13212,33934,2,43,"Hindu","Male","Rural"
13213,15905,6,47,"Hindu","Male","Urban"
13214,7449,8,27,"Hindu","Female","Rural"
13215,9689,9,41,"Hindu","Male","Urban"
13216,249864,12,57,"Hindu","Male","Urban"
13217,36653,7,38,"Hindu","Male","Rural"
13218,42324,5,30,"Hindu","Male","Rural"
13219,28223,15,30,"Hindu","Male","Rural"
13220,2701,4,25,"Jain","Female","Rural"
13221,16669,9,37,"Hindu","Male","Urban"
13222,21863,5,65,"Hindu","Male","Rural"
13223,41790,0,45,"Hindu","Male","Rural"
13224,3280,10,18,"Hindu","Female","Rural"
13225,28529,4,37,"Hindu","Male","Rural"
13226,70171,15,41,"Hindu","Male","Urban"
13227,9591,0,29,"Hindu","Male","Rural"
13228,5640,0,57,"Muslim","Male","Rural"
13229,22860,6,48,"Muslim","Female","Urban"
13230,4735,5,24,"Hindu","Female","Rural"
13231,21515,0,38,"Hindu","Male","Rural"
13232,32349,7,43,"Hindu","Male","Rural"
13233,11317,0,35,"Hindu","Male","Rural"
13234,9681,2,44,"Buddhist","Female","Rural"
13235,50003,0,51,"Hindu","Female","Urban"
13236,9174,9,44,"Hindu","Male","Rural"
13237,5140,9,37,"Hindu","Female","Rural"
13238,36515,8,44,"Hindu","Male","Rural"
13239,21899,0,29,"Hindu","Male","Rural"
13240,19439,7,54,"Hindu","Male","Urban"
13241,44141,5,41,"Hindu","Male","Urban"
13242,90124,9,52,"Hindu","Female","Urban"
13243,133144,9,57,"Hindu","Male","Rural"
13244,9906,11,29,"Hindu","Female","Rural"
13245,17021,5,46,"Hindu","Male","Urban"
13246,1913,1,34,"Hindu","Male","Rural"
13247,201650,8,51,"Buddhist","Female","Rural"
13248,3021,0,30,"Sikh","Male","Rural"
13249,15471,9,35,"Hindu","Male","Urban"
13250,25567,0,65,"Hindu","Female","Rural"
13251,14965,12,41,"Hindu","Female","Urban"
13252,18730,0,21,"Hindu","Male","Rural"
13253,63037,9,53,"Hindu","Male","Urban"
13254,43682,15,34,"Hindu","Male","Urban"
13255,13215,2,22,"Hindu","Male","Rural"
13256,32926,13,49,"Hindu","Male","Urban"
13257,62935,10,47,"Hindu","Male","Urban"
13258,26021,12,37,"Hindu","Female","Urban"
13259,21466,0,46,"Hindu","Female","Rural"
13260,17846,0,49,"Hindu","Female","Rural"
13261,20546,10,35,"Hindu","Male","Urban"
13262,17801,6,33,"Hindu","Male","Urban"
13263,1559578,13,41,"Hindu","Male","Urban"
13264,9152,12,36,"Hindu","Female","Rural"
13265,10449,0,18,"Muslim","Female","Rural"
13266,27381,7,18,"Hindu","Male","Rural"
13267,29132,0,42,"Hindu","Male","Rural"
13268,10505,0,22,"Hindu","Male","Rural"
13269,43539,6,43,"Muslim","Male","Urban"
13270,10800,2,44,"Sikh","Male","Rural"
13271,11116,8,53,"Hindu","Female","Rural"
13272,22819,7,59,"Hindu","Male","Urban"
13273,3382,4,26,"Hindu","Female","Urban"
13274,248940,12,47,"Hindu","Male","Urban"
13275,497354,8,48,"Hindu","Male","Urban"
13276,58181,15,47,"Hindu","Male","Rural"
13277,12547,0,56,"Hindu","Male","Rural"
13278,149320,12,43,"Hindu","Male","Urban"
13279,5840,10,59,"Hindu","Male","Rural"
13280,104092,3,18,"Hindu","Male","Urban"
13281,12371,5,49,"Hindu","Female","Rural"
13282,7457,6,57,"Hindu","Male","Rural"
13283,39007,10,47,"Hindu","Male","Urban"
13284,33801,15,44,"Hindu","Female","Urban"
13285,13209,6,23,"Hindu","Female","Rural"
13286,10026,0,48,"Hindu","Male","Rural"
13287,4573,1,26,"Hindu","Male","Rural"
13288,63533,3,32,"Hindu","Male","Rural"
13289,11838,8,43,"Hindu","Male","Rural"
13290,19830,5,47,"Muslim","Male","Rural"
13291,7706,0,31,"Muslim","Female","Rural"
13292,187204,14,48,"Hindu","Male","Urban"
13293,27541,0,49,"Hindu","Male","Rural"
13294,42450,8,37,"Hindu","Male","Rural"
13295,334147,15,34,"Hindu","Male","Rural"
13296,19047,6,41,"Hindu","Male","Rural"
13297,468236,13,33,"Hindu","Male","Urban"
13298,27385,0,45,"Hindu","Male","Rural"
13299,23211,8,42,"Hindu","Female","Rural"
13300,4187,2,58,"Hindu","Female","Rural"
13301,59999,11,55,"Muslim","Male","Urban"
13302,4947,8,29,"Hindu","Male","Rural"
13303,14142,0,33,"Hindu","Male","Urban"
13304,1378,6,42,"Hindu","Female","Rural"
13305,188019,1,39,"Hindu","Male","Urban"
13306,4836,9,18,"Sikh","Female","Rural"
13307,22284,10,42,"Hindu","Female","Rural"
13308,189325,0,44,"Hindu","Male","Urban"
13309,48936,0,37,"Muslim","Male","Urban"
13310,1544,4,25,"Hindu","Male","Rural"
13311,39328,15,36,"Muslim","Male","Rural"
13312,268269,13,33,"Hindu","Male","Urban"
13313,100329,1,26,"Hindu","Male","Urban"
13314,17116,9,43,"Hindu","Male","Rural"
13315,3922,0,44,"Hindu","Male","Rural"
13316,6132,3,42,"Tribal","Male","Rural"
13317,28700,8,32,"Hindu","Male","Rural"
13318,58657,0,51,"Hindu","Male","Rural"
13319,30383,15,29,"Christian","Female","Rural"
13320,12591,3,42,"Hindu","Male","Rural"
13321,11833,2,53,"Hindu","Male","Rural"
13322,37212,5,34,"Muslim","Male","Rural"
13323,51016,0,51,"Muslim","Male","Urban"
13324,11927,5,43,"Hindu","Male","Rural"
13325,112690,10,26,"Hindu","Male","Urban"
13326,3027,2,35,"Hindu","Male","Rural"
13327,24527,5,49,"Hindu","Male","Rural"
13328,20111,0,30,"Hindu","Female","Rural"
13329,9811,8,23,"Hindu","Female","Rural"
13330,30504,5,50,"Hindu","Female","Rural"
13331,26339,7,40,"Sikh","Male","Rural"
13332,5931,3,29,"Hindu","Male","Rural"
13333,5459,9,34,"Hindu","Female","Rural"
13334,299955,4,46,"Hindu","Male","Urban"
13335,5827,2,36,"Hindu","Male","Rural"
13336,6419,0,31,"Muslim","Male","Rural"
13337,6235,0,40,"Muslim","Male","Rural"
13338,31454,9,60,"Hindu","Male","Rural"
13339,34856,10,30,"Hindu","Male","Rural"
13340,26997,6,40,"Hindu","Male","Rural"
13341,36858,4,35,"Hindu","Male","Rural"
13342,18893,7,50,"Hindu","Male","Rural"
13343,10853,11,25,"Hindu","Male","Rural"
13344,17658,0,32,"Hindu","Female","Rural"
13345,37353,12,24,"Muslim","Male","Rural"
13346,313162,13,39,"Hindu","Male","Urban"
13347,23178,13,28,"Hindu","Male","Rural"
13348,19003,7,46,"Hindu","Male","Rural"
13349,15184,12,21,"Hindu","Male","Rural"
13350,165664,13,34,"Hindu","Male","Urban"
13351,34906,11,44,"Hindu","Male","Urban"
13352,43189,0,21,"Hindu","Male","Urban"
13353,5582,0,37,"Muslim","Male","Rural"
13354,119179,0,65,"Hindu","Male","Urban"
13355,56139,1,22,"Hindu","Male","Rural"
13356,13194,3,41,"Hindu","Male","Rural"
13357,38843,0,47,"Muslim","Female","Rural"
13358,50622,0,55,"Hindu","Male","Rural"
13359,5966,1,40,"Hindu","Male","Rural"
13360,40731,15,48,"Hindu","Male","Rural"
13361,5710,3,30,"Hindu","Female","Rural"
13362,541707,11,43,"Hindu","Male","Urban"
13363,130607,11,18,"Hindu","Male","Urban"
13364,14985,13,41,"Hindu","Male","Rural"
13365,5064,4,54,"Hindu","Female","Rural"
13366,55273,7,24,"Hindu","Male","Rural"
13367,9434,0,47,"Hindu","Male","Rural"
13368,71237,0,46,"Hindu","Male","Rural"
13369,56550,0,46,"Hindu","Male","Rural"
13370,124958,0,25,"Hindu","Male","Urban"
13371,26851,2,48,"Hindu","Female","Rural"
13372,46748,13,50,"Hindu","Male","Rural"
13373,15868,7,32,"Hindu","Male","Rural"
13374,39615,5,28,"Hindu","Male","Rural"
13375,90020,7,37,"Hindu","Male","Urban"
13376,11283,7,33,"Hindu","Female","Rural"
13377,14295,3,37,"Hindu","Male","Rural"
13378,120274,15,49,"Hindu","Male","Rural"
13379,9690,11,33,"Muslim","Male","Urban"
13380,105209,0,59,"Hindu","Male","Urban"
13381,257422,2,39,"Hindu","Male","Rural"
13382,19503,7,34,"Hindu","Male","Rural"
13383,109584,0,49,"Muslim","Male","Urban"
13384,15285,0,36,"Hindu","Female","Rural"
13385,244720,13,26,"Hindu","Male","Urban"
13386,14694,14,28,"Hindu","Male","Urban"
13387,3744,0,32,"Hindu","Female","Rural"
13388,33441,7,41,"Hindu","Female","Urban"
13389,47542,4,44,"Hindu","Male","Rural"
13390,6582,1,56,"Muslim","Male","Rural"
13391,7600,6,29,"Buddhist","Male","Rural"
13392,197149,9,28,"Hindu","Male","Urban"
13393,24109,15,18,"Hindu","Male","Urban"
13394,7919,7,35,"Hindu","Male","Rural"
13395,7377,7,27,"Hindu","Female","Rural"
13396,18339,0,37,"Hindu","Male","Rural"
13397,25451,0,38,"Hindu","Male","Rural"
13398,62586,9,34,"Hindu","Female","Rural"
13399,23017,3,37,"Muslim","Male","Rural"
13400,5271,3,20,"Hindu","Male","Rural"
13401,13222,6,48,"Muslim","Female","Rural"
13402,8554,10,38,"Hindu","Female","Rural"
13403,11514,0,63,"Hindu","Female","Rural"
13404,53298,0,38,"Hindu","Male","Rural"
13405,34608,0,45,"Hindu","Male","Rural"
13406,12539,0,51,"Hindu","Male","Rural"
13407,18586,6,35,"Hindu","Male","Rural"
13408,75886,0,39,"Hindu","Male","Urban"
13409,3319,0,38,"Hindu","Male","Rural"
13410,18250,6,27,"Muslim","Male","Rural"
13411,24176,0,42,"Muslim","Male","Rural"
13412,184869,0,65,"Hindu","Male","Rural"
13413,11930,1,49,"Hindu","Male","Rural"
13414,10147,15,24,"Hindu","Female","Rural"
13415,23018,2,38,"Hindu","Male","Rural"
13416,8184,5,43,"Sikh","Female","Rural"
13417,33800,9,42,"Christian","Male","Rural"
13418,13810,15,47,"Hindu","Female","Rural"
13419,2336,3,52,"Hindu","Female","Rural"
13420,6360,3,51,"Hindu","Male","Rural"
13421,23534,4,50,"Hindu","Male","Rural"
13422,73527,0,57,"Hindu","Male","Rural"
13423,264365,7,44,"Muslim","Male","Urban"
13424,8560,0,22,"Hindu","Male","Urban"
13425,115461,15,43,"Hindu","Male","Rural"
13426,11849,0,49,"Hindu","Male","Rural"
13427,5110,2,18,"Hindu","Male","Rural"
13428,54725,12,39,"Muslim","Male","Rural"
13429,18678,0,44,"Hindu","Male","Rural"
13430,18743,10,65,"Hindu","Male","Urban"
13431,10804,3,29,"Hindu","Male","Rural"
13432,7818,0,20,"Hindu","Male","Urban"
13433,33051,1,53,"Muslim","Male","Urban"
13434,21000,0,43,"Hindu","Male","Rural"
13435,9382,0,40,"Hindu","Male","Rural"
13436,45024,7,30,"Sikh","Male","Rural"
13437,31819,3,45,"Hindu","Female","Rural"
13438,100770,0,57,"Hindu","Male","Rural"
13439,8771,7,51,"Hindu","Female","Rural"
13440,8325,5,32,"Hindu","Male","Rural"
13441,58541,6,49,"Hindu","Male","Rural"
13442,212982,15,48,"Hindu","Male","Urban"
13443,12577,5,65,"Hindu","Male","Rural"
13444,12833,0,25,"Hindu","Male","Rural"
13445,140167,8,31,"Muslim","Female","Rural"
13446,5535,0,44,"Hindu","Male","Rural"
13447,14328,9,37,"Hindu","Female","Rural"
13448,47628,13,40,"Hindu","Male","Urban"
13449,10458,4,46,"Hindu","Male","Urban"
13450,186833,15,38,"Buddhist","Male","Urban"
13451,16223,8,25,"Hindu","Female","Rural"
13452,569,1,25,"Hindu","Female","Rural"
13453,13010,13,40,"Muslim","Female","Urban"
13454,2959,0,48,"Hindu","Male","Rural"
13455,57148,6,43,"Hindu","Male","Rural"
13456,73582,10,41,"Hindu","Male","Rural"
13457,15272,5,51,"Hindu","Male","Rural"
13458,7822,12,50,"Hindu","Female","Rural"
13459,5767,15,34,"Hindu","Male","Rural"
13460,15247,3,49,"Hindu","Female","Rural"
13461,3777,9,49,"Muslim","Male","Rural"
13462,63086,0,40,"Hindu","Male","Urban"
13463,100752,5,40,"Hindu","Male","Rural"
13464,7617,0,28,"Hindu","Female","Rural"
13465,24198,6,34,"Hindu","Male","Rural"
13466,100350,14,46,"Hindu","Male","Rural"
13467,27586,15,59,"Hindu","Male","Rural"
13468,31251,0,48,"Hindu","Female","Rural"
13469,23434,8,63,"Hindu","Male","Rural"
13470,29385,0,28,"Christian","Female","Rural"
13471,78862,1,55,"Hindu","Male","Rural"
13472,53416,0,47,"Hindu","Male","Rural"
13473,5176,0,25,"Hindu","Male","Urban"
13474,32767,0,51,"Hindu","Male","Urban"
13475,8671,2,35,"Muslim","Female","Urban"
13476,11810,0,41,"Hindu","Male","Rural"
13477,2633,0,46,"Hindu","Female","Urban"
13478,4855,0,40,"Hindu","Male","Rural"
13479,88725,9,44,"Hindu","Female","Rural"
13480,3808,0,39,"Hindu","Male","Rural"
13481,189796,5,48,"Hindu","Male","Urban"
13482,66488,0,52,"Hindu","Male","Urban"
13483,16120,0,58,"Hindu","Male","Urban"
13484,7848,11,29,"Hindu","Male","Rural"
13485,9002,0,36,"Hindu","Male","Rural"
13486,12307,10,46,"Hindu","Female","Rural"
13487,44506,10,40,"Hindu","Male","Rural"
13488,34185,9,37,"Hindu","Male","Urban"
13489,41971,6,20,"Hindu","Male","Urban"
13490,20159,0,18,"Hindu","Male","Urban"
13491,11342,5,61,"Hindu","Male","Rural"
13492,39816,6,33,"Hindu","Male","Rural"
13493,459401,14,42,"Hindu","Male","Urban"
13494,59593,2,43,"Hindu","Male","Urban"
13495,47983,13,43,"Hindu","Female","Urban"
13496,23539,0,60,"Hindu","Female","Urban"
13497,20925,0,44,"Hindu","Male","Urban"
13498,8011,0,25,"Hindu","Male","Rural"
13499,3574,5,38,"Hindu","Female","Rural"
13500,88169,12,43,"Hindu","Male","Rural"
13501,3973,8,43,"Muslim","Male","Rural"
13502,38284,11,38,"Hindu","Male","Rural"
13503,3864,14,26,"Hindu","Male","Rural"
13504,35859,11,40,"Hindu","Female","Rural"
13505,73263,1,33,"Muslim","Male","Urban"
13506,58699,7,46,"Hindu","Female","Rural"
13507,130853,0,46,"Hindu","Male","Rural"
13508,27711,3,32,"Hindu","Male","Rural"
13509,21187,10,30,"Hindu","Male","Rural"
13510,15970,2,42,"Hindu","Female","Urban"
13511,7766,0,56,"Hindu","Female","Rural"
13512,10286,10,47,"Hindu","Male","Rural"
13513,257628,11,18,"Hindu","Male","Urban"
13514,11868,0,48,"Hindu","Female","Rural"
13515,58706,0,41,"Hindu","Male","Rural"
13516,12830,0,37,"Hindu","Female","Rural"
13517,16606,15,59,"Hindu","Male","Rural"
13518,239790,8,52,"Christian","Male","Urban"
13519,17363,4,49,"Hindu","Female","Rural"
13520,26715,0,44,"Hindu","Male","Urban"
13521,91211,9,48,"Hindu","Male","Urban"
13522,113663,10,43,"Sikh","Male","Rural"
13523,9603,12,46,"Hindu","Female","Rural"
13524,24470,0,44,"Muslim","Male","Rural"
13525,52536,0,36,"Hindu","Male","Rural"
13526,6638,0,30,"Hindu","Male","Rural"
13527,19700,10,26,"Muslim","Male","Rural"
13528,2004,1,41,"Hindu","Male","Rural"
13529,9526,6,28,"Hindu","Female","Rural"
13530,38961,4,35,"Hindu","Male","Rural"
13531,2336,0,32,"Muslim","Female","Rural"
13532,82352,14,31,"Christian","Male","Urban"
13533,415293,9,21,"Hindu","Male","Urban"
13534,14021,0,36,"Hindu","Male","Rural"
13535,35149,11,40,"Hindu","Male","Urban"
13536,10712,0,43,"Hindu","Female","Rural"
13537,21290,0,23,"Hindu","Female","Rural"
13538,13191,8,31,"Hindu","Male","Urban"
13539,15275,5,52,"Muslim","Male","Rural"
13540,181017,15,37,"Hindu","Male","Urban"
13541,8457,0,35,"Hindu","Female","Rural"
13542,28143,0,46,"Hindu","Male","Rural"
13543,40012,1,51,"Hindu","Male","Rural"
13544,125717,15,37,"Hindu","Male","Urban"
13545,20352,15,44,"Hindu","Male","Urban"
13546,81473,11,35,"Hindu","Female","Rural"
13547,254696,13,41,"Hindu","Male","Urban"
13548,20794,3,47,"Hindu","Male","Rural"
13549,38678,2,24,"Christian","Male","Rural"
13550,8619,11,30,"Hindu","Female","Rural"
13551,26353,9,49,"Hindu","Female","Rural"
13552,34579,15,38,"Hindu","Male","Rural"
13553,26455,3,50,"Hindu","Male","Rural"
13554,16702,8,32,"Muslim","Male","Rural"
13555,36412,4,43,"Hindu","Male","Rural"
13556,159316,3,50,"Hindu","Male","Urban"
13557,8501,3,28,"Hindu","Male","Rural"
13558,75734,13,45,"Hindu","Male","Urban"
13559,76286,5,40,"Hindu","Male","Rural"
13560,31172,4,24,"Hindu","Male","Rural"
13561,126151,15,35,"Hindu","Male","Rural"
13562,1559,0,29,"Muslim","Female","Rural"
13563,28076,0,30,"Muslim","Female","Rural"
13564,28688,12,21,"Hindu","Male","Rural"
13565,64134,0,51,"Hindu","Male","Rural"
13566,14339,0,33,"Hindu","Male","Urban"
13567,5053,2,35,"Hindu","Male","Rural"
13568,59794,9,25,"Muslim","Male","Urban"
13569,26278,0,35,"Hindu","Male","Rural"
13570,264768,14,53,"Hindu","Male","Urban"
13571,15994,0,30,"Hindu","Male","Rural"
13572,13288,4,18,"Hindu","Male","Urban"
13573,6674,0,37,"Hindu","Female","Rural"
13574,26931,0,31,"Hindu","Male","Rural"
13575,52792,11,38,"Hindu","Male","Urban"
13576,24879,0,29,"Hindu","Male","Rural"
13577,211856,15,31,"Hindu","Male","Urban"
13578,113714,13,65,"Hindu","Male","Urban"
13579,69018,7,27,"Hindu","Male","Rural"
13580,19957,9,40,"Hindu","Female","Rural"
13581,5552,0,38,"Hindu","Female","Rural"
13582,16489,3,27,"Muslim","Female","Rural"
13583,5574,0,43,"Hindu","Male","Rural"
13584,5331,4,22,"Hindu","Female","Rural"
13585,5369,8,44,"Muslim","Female","Rural"
13586,11866,0,23,"Hindu","Male","Rural"
13587,11998,8,18,"Hindu","Male","Rural"
13588,3062,0,28,"Hindu","Male","Rural"
13589,2363,0,56,"Hindu","Female","Rural"
13590,97401,10,42,"Hindu","Male","Rural"
13591,17103,0,47,"Hindu","Male","Rural"
13592,112837,0,43,"Hindu","Male","Rural"
13593,76754,7,57,"Hindu","Male","Urban"
13594,39523,6,18,"Hindu","Male","Rural"
13595,30416,15,27,"Hindu","Female","Rural"
13596,61347,9,48,"Hindu","Male","Rural"
13597,58041,15,47,"Hindu","Female","Rural"
13598,78732,6,41,"Hindu","Female","Rural"
13599,92502,13,25,"Hindu","Male","Urban"
13600,6160,0,28,"Muslim","Female","Rural"
13601,85153,13,65,"Hindu","Male","Rural"
13602,13598,9,18,"Hindu","Male","Rural"
13603,17263,0,28,"Hindu","Male","Rural"
13604,14968,5,34,"Hindu","Female","Rural"
13605,47089,13,55,"Hindu","Male","Rural"
13606,28185,0,36,"Hindu","Male","Rural"
13607,3814,3,38,"Muslim","Male","Rural"
13608,18055,7,25,"Hindu","Male","Rural"
13609,40738,13,19,"Hindu","Male","Urban"
13610,40693,10,42,"Hindu","Male","Urban"
13611,445520,15,18,"Hindu","Male","Rural"
13612,99002,8,31,"Hindu","Male","Rural"
13613,4960,15,47,"Hindu","Female","Rural"
13614,26269,15,29,"Sikh","Female","Rural"
13615,57418,15,23,"Hindu","Male","Urban"
13616,33292,8,19,"Hindu","Male","Rural"
13617,93957,14,52,"Hindu","Male","Urban"
13618,12565,1,49,"Hindu","Female","Rural"
13619,405866,15,38,"Muslim","Male","Urban"
13620,3698,8,48,"Muslim","Male","Rural"
13621,7967,2,48,"Hindu","Male","Rural"
13622,3816,0,18,"Hindu","Male","Rural"
13623,37698,7,53,"Hindu","Female","Rural"
13624,30154,5,55,"Hindu","Male","Rural"
13625,5556,6,25,"Hindu","Female","Urban"
13626,107393,12,59,"Hindu","Male","Urban"
13627,5352,8,33,"Hindu","Male","Rural"
13628,1534,9,35,"Hindu","Male","Rural"
13629,4232,0,33,"Hindu","Female","Rural"
13630,11683,4,26,"Hindu","Female","Rural"
13631,63924,7,19,"Hindu","Male","Rural"
13632,75726,11,31,"Hindu","Male","Urban"
13633,366024,10,39,"Hindu","Male","Rural"
13634,24961,12,41,"Hindu","Male","Rural"
13635,997854,15,43,"Muslim","Male","Urban"
13636,16140,7,38,"Hindu","Male","Rural"
13637,45651,0,65,"Hindu","Female","Rural"
13638,14884,15,18,"Hindu","Male","Urban"
13639,7507,0,47,"Muslim","Male","Rural"
13640,5501,9,50,"Hindu","Female","Rural"
13641,50343,10,38,"Hindu","Female","Rural"
13642,33602,0,56,"Hindu","Female","Urban"
13643,34901,14,34,"Hindu","Male","Rural"
13644,42581,6,35,"Hindu","Male","Urban"
13645,4245,15,44,"Hindu","Male","Rural"
13646,16589,0,20,"Hindu","Male","Rural"
13647,128469,3,37,"Hindu","Male","Urban"
13648,14211,0,37,"Sikh","Male","Rural"
13649,22104,6,29,"Hindu","Male","Rural"
13650,25750,3,52,"Hindu","Male","Urban"
13651,25581,4,25,"Hindu","Male","Urban"
13652,7755,1,37,"Hindu","Female","Rural"
13653,382818,10,55,"Hindu","Male","Urban"
13654,4421,8,37,"Hindu","Male","Rural"
13655,5483,2,38,"Christian","Female","Rural"
13656,57324,15,52,"Hindu","Female","Urban"
13657,73188,10,24,"Hindu","Female","Rural"
13658,63774,12,41,"Hindu","Male","Urban"
13659,27517,10,23,"Hindu","Male","Rural"
13660,11465,0,29,"Hindu","Male","Urban"
13661,77210,7,52,"Hindu","Female","Rural"
13662,214329,0,56,"Hindu","Male","Rural"
13663,51760,5,46,"Hindu","Male","Urban"
13664,14720,15,36,"Hindu","Female","Rural"
13665,14149,0,29,"Hindu","Male","Rural"
13666,32556,15,46,"Hindu","Male","Urban"
13667,5069,0,51,"Hindu","Female","Rural"
13668,122256,0,45,"Hindu","Male","Urban"
13669,27065,11,31,"Hindu","Male","Rural"
13670,73511,3,30,"Hindu","Male","Rural"
13671,25346,0,42,"Hindu","Male","Rural"
13672,11720,1,36,"Hindu","Female","Rural"
13673,43278,9,58,"Hindu","Male","Rural"
13674,162207,11,46,"Hindu","Male","Urban"
13675,30692,13,52,"Hindu","Female","Rural"
13676,153841,15,50,"Muslim","Male","Urban"
13677,2887,0,18,"Hindu","Male","Rural"
13678,8766,14,18,"Muslim","Female","Rural"
13679,8546,3,45,"Hindu","Male","Rural"
13680,27141,0,34,"Hindu","Male","Rural"
13681,7716,6,23,"Hindu","Male","Rural"
13682,4773,0,44,"Hindu","Male","Rural"
13683,11083,0,27,"Hindu","Female","Urban"
13684,89295,11,44,"Muslim","Male","Urban"
13685,14057,0,30,"Hindu","Male","Rural"
13686,122495,8,36,"Hindu","Male","Urban"
13687,2706,6,24,"Hindu","Female","Rural"
13688,4969,12,18,"Hindu","Female","Rural"
13689,45272,15,40,"Hindu","Male","Urban"
13690,4593,2,34,"Hindu","Male","Rural"
13691,12147,15,24,"Hindu","Female","Rural"
13692,13348,0,30,"Hindu","Male","Rural"
13693,20165,3,30,"Hindu","Male","Rural"
13694,38933,2,41,"Hindu","Male","Rural"
13695,219959,14,44,"Hindu","Female","Rural"
13696,76162,8,61,"Hindu","Male","Urban"
13697,50553,0,25,"Muslim","Male","Urban"
13698,39337,9,18,"Muslim","Male","Rural"
13699,184400,0,42,"Hindu","Male","Rural"
13700,11131,5,42,"Hindu","Male","Rural"
13701,4317,4,41,"Hindu","Female","Rural"
13702,1858,0,51,"Hindu","Female","Rural"
13703,13961,7,25,"Muslim","Male","Rural"
13704,173255,5,44,"Hindu","Male","Rural"
13705,83377,11,50,"Hindu","Female","Urban"
13706,15359,2,43,"Muslim","Male","Urban"
13707,29119,9,31,"Hindu","Female","Rural"
13708,51066,2,56,"Hindu","Female","Rural"
13709,13558,2,29,"Hindu","Male","Rural"
13710,69853,11,37,"Hindu","Female","Rural"
13711,12588,3,38,"Muslim","Male","Rural"
13712,5081,0,54,"Hindu","Female","Rural"
13713,40263,1,51,"Hindu","Female","Rural"
13714,32058,0,40,"Hindu","Male","Rural"
13715,43690,10,18,"Hindu","Male","Urban"
13716,41641,12,38,"Hindu","Female","Urban"
13717,20296,0,35,"Hindu","Male","Rural"
13718,8962,9,22,"Hindu","Male","Rural"
13719,14746,2,47,"Hindu","Male","Rural"
13720,9424,0,29,"Hindu","Male","Rural"
13721,3560,14,51,"Hindu","Female","Rural"
13722,2447,0,57,"Christian","Female","Rural"
13723,65632,7,37,"Hindu","Male","Rural"
13724,16636,1,18,"Hindu","Male","Rural"
13725,5754,8,42,"Hindu","Male","Urban"
13726,755,0,49,"Hindu","Female","Urban"
13727,53374,5,26,"Muslim","Male","Rural"
13728,1887,0,42,"Muslim","Male","Rural"
13729,122465,8,41,"Muslim","Female","Rural"
13730,43826,6,37,"Hindu","Female","Urban"
13731,17479,5,27,"Hindu","Male","Rural"
13732,51230,13,49,"Christian","Female","Urban"
13733,6254,0,44,"Hindu","Male","Rural"
13734,5984,1,19,"Hindu","Male","Rural"
13735,20476,7,34,"Hindu","Male","Rural"
13736,34211,9,54,"Hindu","Male","Rural"
13737,82388,15,49,"Sikh","Male","Urban"
13738,9653,7,48,"Hindu","Male","Rural"
13739,8520,2,45,"Hindu","Male","Rural"
13740,13822,15,20,"Hindu","Male","Rural"
13741,23713,3,37,"Hindu","Male","Rural"
13742,25704,7,39,"Hindu","Female","Rural"
13743,127928,12,34,"Hindu","Male","Urban"
13744,39355,1,36,"Hindu","Male","Rural"
13745,78395,0,59,"Hindu","Male","Rural"
13746,31858,6,65,"Sikh","Female","Rural"
13747,17020,0,29,"Hindu","Male","Rural"
13748,178795,0,45,"Hindu","Male","Urban"
13749,12453,15,45,"Hindu","Female","Rural"
13750,78853,0,37,"Hindu","Male","Urban"
13751,19368,3,45,"Hindu","Male","Urban"
13752,28174,0,48,"Hindu","Male","Urban"
13753,59142,0,49,"Hindu","Male","Rural"
13754,18736,0,39,"Hindu","Male","Rural"
13755,39526,8,37,"Hindu","Male","Rural"
13756,4699,3,18,"Hindu","Male","Rural"
13757,8810,15,27,"Hindu","Male","Urban"
13758,10642,4,53,"Hindu","Female","Rural"
13759,6267,0,42,"Muslim","Female","Rural"
13760,12109,12,48,"Hindu","Male","Rural"
13761,188399,3,36,"Hindu","Male","Urban"
13762,21007,0,37,"Hindu","Male","Rural"
13763,22081,6,42,"Hindu","Male","Urban"
13764,310357,11,28,"Hindu","Male","Rural"
13765,100574,14,50,"Hindu","Male","Urban"
13766,186911,15,55,"Hindu","Male","Rural"
13767,13936,0,18,"Hindu","Male","Rural"
13768,24306,9,50,"Muslim","Male","Urban"
13769,17351,0,34,"Muslim","Male","Rural"
13770,2967,3,41,"Hindu","Female","Rural"
13771,9543,8,38,"Hindu","Male","Urban"
13772,60832,7,47,"Hindu","Male","Urban"
13773,29953,0,45,"Hindu","Female","Rural"
13774,22636,8,33,"Hindu","Male","Rural"
13775,188930,15,25,"Hindu","Male","Urban"
13776,157594,8,41,"Hindu","Male","Rural"
13777,10634,0,33,"Hindu","Male","Rural"
13778,39889,2,26,"Hindu","Male","Rural"
13779,12458,3,48,"Hindu","Male","Rural"
13780,19227,6,54,"Hindu","Male","Rural"
13781,31616,2,34,"Hindu","Male","Rural"
13782,9810,5,30,"Muslim","Male","Rural"
13783,22055,5,41,"Hindu","Female","Rural"
13784,39119,0,36,"Hindu","Female","Urban"
13785,49911,5,37,"Christian","Male","Rural"
13786,36425,12,25,"Hindu","Male","Rural"
13787,5742,0,25,"Muslim","Female","Rural"
13788,38437,2,29,"Sikh","Male","Rural"
13789,55127,13,44,"Hindu","Female","Rural"
13790,312322,15,43,"Sikh","Female","Urban"
13791,143850,0,44,"Hindu","Male","Urban"
13792,48884,3,54,"Hindu","Male","Rural"
13793,276783,14,46,"Hindu","Male","Urban"
13794,8259,3,36,"Hindu","Male","Rural"
13795,2255,3,26,"Hindu","Male","Rural"
13796,28282,5,18,"Hindu","Male","Urban"
13797,9195,2,18,"Hindu","Male","Rural"
13798,16301,15,28,"Hindu","Male","Urban"
13799,19448,0,34,"Hindu","Male","Rural"
13800,14968,15,29,"Hindu","Female","Rural"
13801,14310,0,57,"Buddhist","Female","Rural"
13802,341801,0,55,"Muslim","Male","Rural"
13803,135001,13,45,"Hindu","Male","Urban"
13804,7476,13,20,"Hindu","Female","Urban"
13805,24025,1,32,"Muslim","Male","Urban"
13806,5476,11,41,"Hindu","Male","Rural"
13807,15098,0,46,"Christian","Male","Rural"
13808,140442,15,38,"Hindu","Male","Urban"
13809,27453,9,57,"Hindu","Male","Rural"
13810,17316,15,58,"Hindu","Male","Rural"
13811,15502,9,26,"Muslim","Male","Rural"
13812,2534,1,47,"Muslim","Female","Rural"
13813,7444,3,32,"Hindu","Female","Rural"
13814,43162,12,39,"Hindu","Male","Urban"
13815,16254,0,43,"Muslim","Male","Rural"
13816,4174,0,34,"Hindu","Male","Rural"
13817,16566,7,41,"Muslim","Male","Rural"
13818,17150,1,35,"Hindu","Female","Rural"
13819,5465,0,22,"Hindu","Male","Rural"
13820,284725,8,53,"Muslim","Male","Urban"
13821,12447,0,36,"Hindu","Female","Rural"
13822,69141,6,49,"Hindu","Male","Urban"
13823,46209,0,41,"Muslim","Male","Urban"
13824,24251,0,31,"Hindu","Male","Urban"
13825,68664,0,47,"Hindu","Male","Rural"
13826,23690,6,58,"Muslim","Male","Rural"
13827,58389,6,48,"Muslim","Male","Rural"
13828,14292,13,18,"Hindu","Male","Rural"
13829,94071,11,39,"Hindu","Male","Urban"
13830,4915,4,39,"Hindu","Male","Rural"
13831,105772,13,41,"Hindu","Male","Urban"
13832,4781,0,35,"Hindu","Female","Rural"
13833,16284,5,34,"Hindu","Male","Rural"
13834,15647,0,34,"Muslim","Male","Urban"
13835,10334,0,37,"Hindu","Male","Rural"
13836,62315,13,29,"Hindu","Male","Urban"
13837,90510,4,45,"Hindu","Male","Rural"
13838,230156,14,41,"Hindu","Male","Urban"
13839,23265,0,50,"Hindu","Male","Rural"
13840,16172,3,47,"Hindu","Male","Rural"
13841,44656,5,49,"Hindu","Male","Rural"
13842,13119,9,26,"Hindu","Female","Urban"
13843,215620,5,46,"Hindu","Female","Rural"
13844,279500,4,46,"Hindu","Female","Urban"
13845,11889,10,40,"Hindu","Female","Rural"
13846,20666,5,58,"Hindu","Female","Rural"
13847,16828,5,24,"Hindu","Male","Rural"
13848,15592,7,37,"Muslim","Female","Rural"
13849,299396,8,34,"Hindu","Male","Rural"
13850,209544,4,34,"Hindu","Male","Urban"
13851,30256,5,51,"Hindu","Male","Rural"
13852,106586,11,55,"Hindu","Male","Urban"
13853,131944,15,43,"Hindu","Male","Urban"
13854,20432,2,40,"Hindu","Male","Rural"
13855,305620,15,44,"Sikh","Male","Urban"
13856,24611,15,24,"Hindu","Female","Urban"
13857,253062,13,55,"Muslim","Male","Urban"
13858,97656,8,36,"Hindu","Male","Rural"
13859,4792,0,34,"Hindu","Female","Rural"
13860,13394,13,33,"Hindu","Male","Rural"
13861,7443,10,44,"Hindu","Female","Rural"
13862,59685,13,22,"Hindu","Male","Rural"
13863,18491,7,49,"Hindu","Female","Rural"
13864,66718,15,40,"Hindu","Male","Rural"
13865,108672,11,35,"Hindu","Male","Rural"
13866,6016,0,25,"Hindu","Female","Rural"
13867,4642,5,19,"Muslim","Male","Rural"
13868,108307,12,47,"Hindu","Female","Rural"
13869,40073,0,44,"Hindu","Male","Urban"
13870,36843,2,29,"Sikh","Male","Rural"
13871,23012,6,47,"Hindu","Male","Rural"
13872,2534,6,58,"Hindu","Male","Urban"
13873,17150,7,31,"Hindu","Female","Rural"
13874,56602,6,25,"Hindu","Male","Rural"
13875,17552,11,50,"Hindu","Male","Rural"
13876,72917,0,39,"Hindu","Male","Rural"
13877,1303,0,31,"Hindu","Female","Rural"
13878,30987,6,42,"Hindu","Male","Rural"
13879,30887,4,30,"Christian","Male","Urban"
13880,14589,14,33,"Hindu","Female","Rural"
13881,62251,2,29,"Hindu","Male","Rural"
13882,34132,0,55,"Hindu","Male","Rural"
13883,324913,14,41,"Hindu","Male","Urban"
13884,350931,10,22,"Buddhist","Male","Urban"
13885,52481,0,23,"Hindu","Male","Rural"
13886,35147,11,39,"Hindu","Female","Rural"
13887,4918,0,20,"Hindu","Female","Rural"
13888,29051,12,49,"Hindu","Female","Rural"
13889,3633,0,44,"Hindu","Male","Rural"
13890,11148,0,30,"Hindu","Female","Rural"
13891,24953,0,34,"Hindu","Male","Rural"
13892,23642,2,37,"Hindu","Male","Rural"
13893,96409,15,49,"Hindu","Male","Urban"
13894,77774,4,57,"Hindu","Male","Rural"
13895,26840,2,33,"Hindu","Female","Rural"
13896,18652,0,41,"Hindu","Male","Rural"
13897,961564,15,34,"Hindu","Male","Urban"
13898,2628,0,28,"Hindu","Male","Rural"
13899,5489,1,57,"Hindu","Female","Rural"
13900,4408,0,30,"Hindu","Female","Rural"
13901,6923,13,32,"Hindu","Female","Urban"
13902,13956,0,36,"Hindu","Male","Rural"
13903,37445,11,59,"Buddhist","Male","Rural"
13904,22931,14,47,"Hindu","Female","Rural"
13905,2273,10,32,"Hindu","Female","Rural"
13906,5493,0,23,"Hindu","Male","Rural"
13907,21288,0,55,"Muslim","Female","Urban"
13908,13183,3,21,"Hindu","Male","Rural"
13909,51923,9,38,"Christian","Male","Urban"
13910,1626787,8,43,"Hindu","Male","Urban"
13911,5817,2,46,"Hindu","Male","Rural"
13912,8225,5,19,"Hindu","Male","Urban"
13913,47797,10,41,"Hindu","Male","Rural"
13914,54311,12,54,"Hindu","Male","Urban"
13915,19591,0,52,"Hindu","Male","Rural"
13916,31527,4,26,"Hindu","Male","Rural"
13917,9097,8,25,"Hindu","Female","Rural"
13918,1652,1,21,"Hindu","Female","Rural"
13919,145186,5,24,"Sikh","Male","Rural"
13920,33749,13,43,"Hindu","Female","Rural"
13921,39391,6,53,"Hindu","Male","Urban"
13922,18907,0,23,"Hindu","Female","Rural"
13923,7619,0,39,"Hindu","Male","Urban"
13924,174561,0,48,"Hindu","Male","Rural"
13925,22940,11,25,"Hindu","Female","Rural"
13926,18463,4,47,"Hindu","Male","Rural"
13927,11639,0,48,"Muslim","Female","Rural"
13928,12566,0,30,"Muslim","Male","Rural"
13929,13606,2,31,"Sikh","Female","Rural"
13930,124126,8,24,"Hindu","Male","Urban"
13931,12421,0,36,"Hindu","Male","Rural"
13932,9813,1,31,"Hindu","Female","Urban"
13933,8784,0,28,"Muslim","Male","Rural"
13934,8948,0,47,"Hindu","Male","Rural"
13935,23181,10,57,"Hindu","Male","Rural"
13936,18265,0,34,"Hindu","Female","Rural"
13937,14052,11,54,"Hindu","Female","Rural"
13938,3738,1,48,"Buddhist","Male","Rural"
13939,28103,10,35,"Hindu","Male","Urban"
13940,5393,1,22,"Hindu","Female","Urban"
13941,3134,1,43,"Hindu","Female","Rural"
13942,4867,5,46,"Hindu","Female","Rural"
13943,5999,2,26,"Hindu","Female","Rural"
13944,6061,0,40,"Hindu","Male","Rural"
13945,38985,15,30,"Muslim","Male","Urban"
13946,10950,1,22,"Hindu","Male","Rural"
13947,67553,6,28,"Hindu","Female","Rural"
13948,9402,0,45,"Hindu","Female","Rural"
13949,308778,13,52,"Christian","Male","Rural"
13950,10740,2,44,"Hindu","Female","Rural"
13951,9189,0,38,"Hindu","Female","Rural"
13952,6589,7,28,"Hindu","Male","Rural"
13953,215762,0,59,"Hindu","Male","Urban"
13954,20330,0,30,"Hindu","Male","Rural"
13955,1735,0,18,"Hindu","Male","Rural"
13956,19988,10,49,"Hindu","Male","Rural"
13957,7724,0,38,"Hindu","Male","Rural"
13958,22256,5,49,"Hindu","Male","Rural"
13959,10416,1,54,"Hindu","Female","Rural"
13960,27330,0,49,"Hindu","Male","Rural"
13961,1804,2,51,"Tribal","Female","Rural"
13962,17295,2,29,"Hindu","Male","Rural"
13963,10015,1,28,"Hindu","Male","Rural"
13964,11247,13,37,"Muslim","Female","Rural"
13965,69684,15,41,"Hindu","Female","Rural"
13966,2718,0,32,"Christian","Male","Rural"
13967,27652,14,36,"Muslim","Female","Urban"
13968,94884,1,36,"Hindu","Male","Rural"
13969,6219,0,41,"Hindu","Female","Rural"
13970,40237,15,30,"Hindu","Female","Urban"
13971,1979,6,32,"Hindu","Female","Rural"
13972,23543,0,40,"Hindu","Male","Rural"
13973,39738,0,50,"Muslim","Male","Rural"
13974,11126,2,65,"Hindu","Male","Rural"
13975,27679,6,34,"Hindu","Male","Rural"
13976,96528,6,55,"Hindu","Female","Rural"
13977,33000,6,35,"Hindu","Male","Rural"
13978,21140,4,38,"Hindu","Male","Rural"
13979,549845,12,48,"Hindu","Male","Urban"
13980,42173,0,21,"Jain","Male","Rural"
13981,58476,7,36,"Hindu","Male","Rural"
13982,20049,5,32,"Hindu","Male","Rural"
13983,9238,5,35,"Hindu","Female","Rural"
13984,61780,5,38,"Hindu","Male","Rural"
13985,218991,9,21,"Hindu","Male","Urban"
13986,21579,0,19,"Hindu","Male","Rural"
13987,1474,14,55,"Christian","Female","Rural"
13988,21456,0,35,"Hindu","Male","Rural"
13989,13455,6,26,"Hindu","Male","Urban"
13990,30312,1,64,"Hindu","Male","Rural"
13991,124536,0,35,"Hindu","Male","Rural"
13992,6530,0,19,"Hindu","Male","Rural"
13993,70826,2,44,"Hindu","Male","Rural"
13994,25373,6,23,"Hindu","Male","Rural"
13995,25590,0,54,"Hindu","Male","Rural"
13996,1024,0,23,"Muslim","Female","Rural"
13997,29495,0,30,"Hindu","Male","Rural"
13998,17251,0,39,"Muslim","Male","Rural"
13999,29705,7,32,"Muslim","Male","Rural"
14000,106053,15,58,"Hindu","Male","Rural"
14001,30437,11,29,"Hindu","Male","Urban"
14002,90387,7,55,"Hindu","Male","Rural"
14003,4487,4,23,"Hindu","Male","Urban"
14004,8021,0,35,"Christian","Male","Rural"
14005,136577,12,44,"Hindu","Male","Urban"
14006,27629,12,34,"Hindu","Female","Urban"
14007,70954,6,38,"Hindu","Male","Urban"
14008,10784,1,43,"Hindu","Male","Urban"
14009,304068,2,48,"Hindu","Male","Rural"
14010,39582,11,37,"Hindu","Female","Rural"
14011,13886,6,51,"Muslim","Female","Rural"
14012,14572,5,23,"Hindu","Female","Rural"
14013,7581,0,44,"Muslim","Female","Rural"
14014,4601,6,41,"Hindu","Male","Rural"
14015,81075,7,35,"Hindu","Male","Rural"
14016,589840,15,45,"Hindu","Male","Urban"
14017,5103,7,21,"Hindu","Female","Rural"
14018,10950,11,44,"Hindu","Male","Rural"
14019,112429,7,18,"Hindu","Male","Rural"
14020,57135,0,54,"Hindu","Male","Rural"
14021,27741,7,46,"Hindu","Male","Rural"
14022,7044,8,37,"Sikh","Female","Rural"
14023,1623,6,29,"Hindu","Female","Rural"
14024,16069,0,44,"Hindu","Female","Rural"
14025,8826,0,38,"Hindu","Male","Rural"
14026,3266,0,36,"Muslim","Female","Urban"
14027,39337,3,39,"Christian","Male","Urban"
14028,12154,9,48,"Hindu","Female","Rural"
14029,93697,7,53,"Hindu","Male","Rural"
14030,40928,10,44,"Hindu","Female","Rural"
14031,9662,9,27,"Hindu","Female","Rural"
14032,44415,4,45,"Hindu","Female","Urban"
14033,50729,10,22,"Hindu","Male","Rural"
14034,3231,6,29,"Hindu","Male","Rural"
14035,3724,15,26,"Muslim","Female","Rural"
14036,23553,13,18,"Hindu","Female","Urban"
14037,2284,0,28,"Hindu","Female","Rural"
14038,5208,0,42,"Hindu","Male","Rural"
14039,8686,3,29,"Hindu","Male","Urban"
14040,76797,11,31,"Hindu","Female","Urban"
14041,21105,13,27,"Hindu","Female","Rural"
14042,124658,6,31,"Hindu","Male","Urban"
14043,90861,7,41,"Hindu","Male","Urban"
14044,53271,1,35,"Muslim","Male","Urban"
14045,30448,2,47,"Hindu","Male","Rural"
14046,21076,11,49,"Hindu","Female","Urban"
14047,6756,0,45,"Sikh","Male","Rural"
14048,16202,0,31,"Hindu","Male","Rural"
14049,542344,3,53,"Christian","Male","Urban"
14050,11503,0,42,"Muslim","Male","Rural"
14051,22831,0,18,"Hindu","Male","Urban"
14052,23307,8,62,"Hindu","Male","Urban"
14053,31265,0,34,"Hindu","Female","Urban"
14054,22188,7,28,"Hindu","Male","Rural"
14055,23791,0,55,"Hindu","Male","Rural"
14056,3824,3,43,"Hindu","Male","Rural"
14057,155681,1,51,"Muslim","Male","Urban"
14058,6632,14,44,"Hindu","Male","Rural"
14059,46791,8,45,"Hindu","Male","Rural"
14060,9922,7,36,"Sikh","Male","Rural"
14061,8257,0,37,"Hindu","Male","Rural"
14062,74809,9,36,"Hindu","Female","Rural"
14063,28475,9,32,"Hindu","Male","Rural"
14064,20216,6,26,"Hindu","Male","Urban"
14065,1478,0,18,"Hindu","Male","Rural"
14066,38435,13,31,"Hindu","Male","Urban"
14067,174923,7,43,"Hindu","Female","Rural"
14068,116840,8,38,"Hindu","Male","Urban"
14069,95615,12,45,"Muslim","Female","Rural"
14070,15188,0,28,"Hindu","Female","Rural"
14071,34489,0,27,"Hindu","Male","Rural"
14072,16113,0,18,"Muslim","Male","Rural"
14073,7882,0,22,"Hindu","Male","Rural"
14074,7806,6,38,"Hindu","Male","Rural"
14075,23570,7,39,"Hindu","Male","Rural"
14076,35325,13,21,"Hindu","Male","Urban"
14077,15081,0,40,"Hindu","Male","Rural"
14078,71710,4,61,"Sikh","Female","Urban"
14079,26535,7,29,"Hindu","Female","Urban"
14080,29308,9,21,"Hindu","Male","Urban"
14081,18700,10,18,"Hindu","Male","Rural"
14082,2616,0,32,"Muslim","Female","Rural"
14083,25927,5,30,"Hindu","Male","Rural"
14084,81800,1,18,"Hindu","Male","Urban"
14085,24563,1,44,"Hindu","Male","Urban"
14086,11572,0,48,"Hindu","Female","Rural"
14087,3734,14,59,"Hindu","Female","Urban"
14088,97607,13,35,"Hindu","Male","Urban"
14089,54808,10,36,"Muslim","Male","Rural"
14090,64963,7,26,"Hindu","Male","Rural"
14091,31081,12,54,"Hindu","Female","Urban"
14092,353001,14,51,"Hindu","Male","Urban"
14093,24911,15,28,"Hindu","Male","Rural"
14094,17644,10,50,"Hindu","Female","Urban"
14095,26961,6,36,"Hindu","Male","Rural"
14096,15784,4,48,"Hindu","Male","Rural"
14097,163180,5,41,"Hindu","Male","Urban"
14098,14978,14,26,"Muslim","Male","Rural"
14099,12882,0,18,"Tribal","Female","Urban"
14100,152601,12,38,"Buddhist","Male","Urban"
14101,28208,0,51,"Hindu","Male","Rural"
14102,117224,13,36,"Hindu","Male","Urban"
14103,76270,15,52,"Hindu","Male","Rural"
14104,21210,13,22,"Hindu","Male","Rural"
14105,45576,0,22,"Hindu","Male","Rural"
14106,154548,15,60,"Hindu","Male","Urban"
14107,163565,7,47,"Hindu","Male","Rural"
14108,6808,0,41,"Muslim","Female","Rural"
14109,34044,0,52,"Muslim","Male","Rural"
14110,20870,0,38,"Hindu","Male","Rural"
14111,61592,15,32,"Hindu","Male","Urban"
14112,253065,6,43,"Hindu","Male","Urban"
14113,50924,0,37,"Hindu","Male","Rural"
14114,68924,5,34,"Hindu","Female","Rural"
14115,8662,9,27,"Hindu","Male","Rural"
14116,4505,0,48,"Hindu","Female","Rural"
14117,6190,0,32,"Hindu","Male","Rural"
14118,87283,15,35,"Christian","Female","Urban"
14119,70216,8,41,"Hindu","Male","Rural"
14120,9919,0,29,"Hindu","Female","Rural"
14121,15169,0,36,"Hindu","Male","Rural"
14122,50629,11,29,"Hindu","Male","Rural"
14123,8966,0,23,"Muslim","Female","Rural"
14124,31485,9,27,"Hindu","Male","Rural"
14125,6172,1,38,"Hindu","Female","Rural"
14126,20925,8,41,"Hindu","Female","Rural"
14127,40364,0,18,"Hindu","Male","Urban"
14128,8870,8,34,"Hindu","Male","Rural"
14129,84972,12,43,"Hindu","Male","Urban"
14130,94161,10,51,"Hindu","Male","Rural"
14131,2713,15,32,"Hindu","Female","Rural"
14132,31694,0,52,"Hindu","Male","Rural"
14133,10344,1,44,"Hindu","Female","Rural"
14134,129158,2,26,"Hindu","Male","Urban"
14135,175748,15,40,"Muslim","Female","Urban"
14136,55681,6,41,"Hindu","Male","Urban"
14137,30020,12,37,"Hindu","Male","Rural"
14138,82056,10,48,"Hindu","Male","Rural"
14139,30461,13,25,"Hindu","Female","Rural"
14140,514766,15,23,"Christian","Male","Urban"
14141,44394,7,28,"Muslim","Male","Urban"
14142,206547,0,28,"Muslim","Male","Urban"
14143,29549,9,40,"Christian","Female","Rural"
14144,26651,2,51,"Hindu","Male","Rural"
14145,7654,4,18,"Hindu","Female","Rural"
14146,7316,0,21,"Hindu","Male","Rural"
14147,40976,5,50,"Hindu","Male","Rural"
14148,36868,0,59,"Hindu","Male","Urban"
14149,34856,5,51,"Hindu","Male","Rural"
14150,69460,4,29,"Hindu","Male","Rural"
14151,3104,6,21,"Hindu","Female","Rural"
14152,23212,8,34,"Hindu","Female","Rural"
14153,20045,5,47,"Christian","Female","Urban"
14154,159636,8,38,"Hindu","Male","Urban"
14155,10577,3,43,"Christian","Male","Rural"
14156,129816,15,43,"Hindu","Male","Urban"
14157,37467,0,35,"Hindu","Male","Rural"
14158,191032,13,28,"Hindu","Male","Rural"
14159,43647,0,29,"Hindu","Male","Urban"
14160,6627,2,51,"Hindu","Male","Rural"
14161,20105,3,31,"Hindu","Male","Rural"
14162,14011,9,29,"Hindu","Female","Rural"
14163,30921,0,34,"Muslim","Male","Urban"
14164,19463,9,52,"Hindu","Male","Rural"
14165,4068,2,25,"Hindu","Female","Rural"
14166,3607,4,18,"Hindu","Male","Urban"
14167,30487,8,50,"Hindu","Male","Rural"
14168,48293,6,35,"Hindu","Male","Rural"
14169,8453,0,38,"Muslim","Male","Rural"
14170,86410,0,40,"Hindu","Male","Rural"
14171,3368,1,18,"Hindu","Male","Rural"
14172,5447,0,40,"Hindu","Female","Rural"
14173,29602,9,41,"Hindu","Female","Rural"
14174,43313,11,47,"Hindu","Male","Rural"
14175,6092,1,33,"Hindu","Female","Rural"
14176,129913,0,56,"Hindu","Male","Urban"
14177,27873,12,36,"Muslim","Male","Rural"
14178,78667,1,32,"Hindu","Male","Rural"
14179,77143,8,40,"Hindu","Male","Urban"
14180,6636,0,32,"Hindu","Male","Rural"
14181,16267,1,33,"Hindu","Male","Rural"
14182,14408,1,34,"Hindu","Male","Rural"
14183,36316,15,47,"Hindu","Male","Rural"
14184,63437,5,26,"Tribal","Male","Rural"
14185,51311,0,60,"Hindu","Female","Urban"
14186,64637,0,45,"Hindu","Female","Rural"
14187,102675,8,43,"Muslim","Female","Rural"
14188,27314,0,28,"Hindu","Male","Rural"
14189,17370,3,40,"Hindu","Male","Rural"
14190,20820,10,41,"Hindu","Male","Urban"
14191,22966,7,23,"Hindu","Male","Rural"
14192,38548,9,43,"Hindu","Female","Rural"
14193,8828,1,31,"Hindu","Male","Rural"
14194,22212,2,39,"Hindu","Male","Urban"
14195,109309,6,30,"Hindu","Male","Rural"
14196,44129,14,59,"Buddhist","Female","Rural"
14197,19423,5,39,"Hindu","Male","Rural"
14198,35272,0,65,"Hindu","Male","Rural"
14199,11058,12,56,"Hindu","Female","Rural"
14200,17304,3,46,"Christian","Female","Rural"
14201,2461,0,19,"Hindu","Female","Rural"
14202,20780,3,47,"Hindu","Male","Urban"
14203,22197,5,35,"Hindu","Male","Rural"
14204,41544,2,26,"Muslim","Male","Rural"
14205,88933,12,65,"Hindu","Female","Rural"
14206,9074,0,35,"Muslim","Male","Rural"
14207,8853,0,52,"Hindu","Female","Rural"
14208,35535,14,32,"Muslim","Male","Urban"
14209,77319,1,27,"Hindu","Male","Rural"
14210,91603,9,36,"Muslim","Male","Rural"
14211,19335,2,42,"Hindu","Male","Rural"
14212,107256,15,35,"Hindu","Male","Urban"
14213,5452,0,40,"Hindu","Female","Rural"
14214,66448,1,49,"Hindu","Male","Rural"
14215,112058,15,37,"Hindu","Male","Urban"
14216,76198,5,44,"Hindu","Male","Urban"
14217,22839,7,43,"Hindu","Female","Rural"
14218,12893,3,39,"Hindu","Male","Rural"
14219,27174,4,26,"Sikh","Female","Rural"
14220,22303,9,28,"Muslim","Male","Urban"
14221,13778,5,56,"Hindu","Female","Rural"
14222,33525,6,31,"Hindu","Male","Rural"
14223,19404,2,34,"Hindu","Male","Rural"
14224,48987,15,20,"Hindu","Male","Rural"
14225,350550,9,25,"Hindu","Male","Rural"
14226,10099,6,18,"Hindu","Male","Rural"
14227,189082,13,18,"Sikh","Male","Urban"
14228,230650,8,53,"Hindu","Female","Urban"
14229,2336,4,31,"Hindu","Male","Rural"
14230,3646,0,29,"Hindu","Female","Rural"
14231,18013,0,58,"Muslim","Male","Rural"
14232,13673,1,40,"Hindu","Male","Rural"
14233,62394,0,65,"Muslim","Male","Rural"
14234,17700,6,31,"Christian","Male","Rural"
14235,29528,0,59,"Hindu","Male","Rural"
14236,9657,9,51,"Muslim","Female","Rural"
14237,823,0,37,"Hindu","Female","Rural"
14238,16251,8,20,"Hindu","Male","Rural"
14239,3339,0,49,"Hindu","Female","Rural"
14240,168021,15,60,"Hindu","Male","Urban"
14241,56999,2,54,"Muslim","Male","Rural"
14242,32494,7,26,"Muslim","Male","Rural"
14243,314148,6,23,"Hindu","Male","Urban"
14244,22734,14,55,"Hindu","Male","Rural"
14245,20783,11,62,"Sikh","Male","Rural"
14246,51289,15,57,"Hindu","Female","Rural"
14247,17994,13,41,"Hindu","Male","Rural"
14248,19686,7,37,"Hindu","Female","Rural"
14249,33881,0,46,"Hindu","Male","Urban"
14250,25402,9,42,"Hindu","Female","Rural"
14251,24004,9,18,"Hindu","Male","Urban"
14252,14042,6,27,"Hindu","Male","Urban"
14253,124542,5,51,"Muslim","Male","Rural"
14254,882710,15,36,"Christian","Male","Urban"
14255,5117,0,56,"Hindu","Male","Rural"
14256,6988,0,29,"Hindu","Male","Rural"
14257,11646,9,53,"Hindu","Female","Rural"
14258,155278,0,50,"Hindu","Male","Urban"
14259,4574,0,49,"Hindu","Female","Rural"
14260,4435,0,41,"Hindu","Female","Rural"
14261,61991,15,45,"Hindu","Male","Rural"
14262,27775,6,43,"Hindu","Male","Rural"
14263,14429,3,37,"Hindu","Male","Rural"
14264,32491,3,41,"Hindu","Male","Rural"
14265,12899,0,39,"Hindu","Male","Rural"
14266,26891,4,18,"Hindu","Male","Rural"
14267,118006,2,53,"Hindu","Male","Urban"
14268,113369,14,44,"Hindu","Male","Rural"
14269,5921,0,44,"Hindu","Male","Rural"
14270,76798,15,27,"Hindu","Male","Urban"
14271,18312,2,27,"Hindu","Male","Rural"
14272,56899,5,43,"Muslim","Male","Rural"
14273,12151,3,43,"Hindu","Male","Rural"
14274,2310,3,65,"Hindu","Male","Rural"
14275,99365,9,27,"Hindu","Male","Urban"
14276,8472,15,61,"Hindu","Male","Urban"
14277,9154,0,33,"Hindu","Male","Rural"
14278,103971,0,33,"Hindu","Male","Rural"
14279,1440,8,36,"Hindu","Female","Rural"
14280,65609,13,52,"Christian","Male","Rural"
14281,18013,10,33,"Hindu","Female","Rural"
14282,23487,3,48,"Hindu","Female","Urban"
14283,157891,13,58,"Muslim","Male","Urban"
14284,63384,0,34,"Hindu","Female","Rural"
14285,2927,2,35,"Hindu","Female","Rural"
14286,9441,8,34,"Hindu","Female","Rural"
14287,64664,8,34,"Sikh","Male","Rural"
14288,4961,13,59,"Hindu","Female","Rural"
14289,11502,5,44,"Hindu","Male","Rural"
14290,1982,0,52,"Hindu","Female","Rural"
14291,29963,0,42,"Hindu","Male","Rural"
14292,321517,12,57,"Hindu","Male","Urban"
14293,153258,15,45,"Christian","Male","Urban"
14294,219078,10,42,"Hindu","Male","Rural"
14295,13805,0,35,"Hindu","Male","Rural"
14296,14874,6,33,"Hindu","Male","Urban"
14297,40948,13,38,"Hindu","Male","Rural"
14298,191166,10,41,"Muslim","Male","Urban"
14299,12269,5,45,"Hindu","Female","Rural"
14300,28584,5,41,"Hindu","Male","Rural"
14301,17426,0,18,"Hindu","Male","Rural"
14302,85107,1,37,"Muslim","Male","Rural"
14303,84802,10,42,"Hindu","Male","Urban"
14304,39160,2,30,"Muslim","Male","Rural"
14305,10632,1,27,"Hindu","Female","Rural"
14306,15799,3,56,"Hindu","Male","Rural"
14307,36082,11,48,"Hindu","Female","Rural"
14308,286896,15,37,"Hindu","Male","Rural"
14309,12859,15,41,"Hindu","Male","Urban"
14310,5659,3,50,"Hindu","Female","Rural"
14311,10818,2,45,"Hindu","Male","Urban"
14312,9892,0,45,"Christian","Male","Rural"
14313,12198,14,40,"Hindu","Female","Urban"
14314,31828,3,30,"Hindu","Female","Rural"
14315,31946,7,53,"Muslim","Male","Rural"
14316,6984,3,21,"Hindu","Male","Rural"
14317,6385,2,18,"Hindu","Male","Rural"
14318,21376,2,32,"Hindu","Male","Rural"
14319,1816,0,36,"Hindu","Female","Rural"
14320,79845,7,60,"Hindu","Male","Urban"
14321,9928,1,37,"Hindu","Male","Rural"
14322,8546,0,38,"Hindu","Male","Rural"
14323,32080,10,18,"Hindu","Male","Rural"
14324,14474,0,18,"Hindu","Male","Rural"
14325,10993,13,29,"Christian","Female","Rural"
14326,44329,15,49,"Hindu","Female","Urban"
14327,195155,12,47,"Hindu","Male","Urban"
14328,112403,6,38,"Hindu","Male","Urban"
14329,127118,6,32,"Buddhist","Male","Rural"
14330,7313,0,41,"Sikh","Female","Rural"
14331,6392,4,43,"Hindu","Male","Rural"
14332,20913,9,32,"Hindu","Female","Urban"
14333,1201,0,28,"Hindu","Female","Urban"
14334,23312,7,41,"Hindu","Female","Rural"
14335,56660,6,38,"Hindu","Male","Rural"
14336,147039,6,52,"Hindu","Male","Urban"
14337,15187,8,52,"Hindu","Female","Rural"
14338,33306,10,56,"Hindu","Male","Rural"
14339,84751,0,56,"Hindu","Female","Rural"
14340,14721,0,35,"Hindu","Female","Urban"
14341,22956,12,28,"Hindu","Female","Rural"
14342,183533,15,42,"Hindu","Female","Urban"
14343,24262,9,18,"Tribal","Male","Rural"
14344,130857,5,48,"Hindu","Male","Urban"
14345,27823,1,50,"Hindu","Male","Rural"
14346,8925,2,34,"Hindu","Female","Rural"
14347,113103,5,51,"Hindu","Female","Rural"
14348,1627,0,33,"Hindu","Female","Urban"
14349,36633,5,32,"Christian","Male","Rural"
14350,81012,5,62,"Hindu","Female","Urban"
14351,4600,2,43,"Hindu","Male","Rural"
14352,48206,15,32,"Hindu","Male","Rural"
14353,50562,15,32,"Hindu","Male","Rural"
14354,12046,0,33,"Hindu","Male","Rural"
14355,20839,0,23,"Muslim","Female","Rural"
14356,29762,9,51,"Hindu","Female","Rural"
14357,9638,3,34,"Hindu","Female","Rural"
14358,31664,0,32,"Hindu","Male","Rural"
14359,13479,13,26,"Hindu","Male","Rural"
14360,4771,0,36,"Hindu","Female","Rural"
14361,24348,13,18,"Hindu","Male","Rural"
14362,22303,6,47,"Hindu","Female","Rural"
14363,21507,8,18,"Sikh","Female","Rural"
14364,74747,0,40,"Hindu","Male","Rural"
14365,19595,2,33,"Muslim","Female","Rural"
14366,88087,13,51,"Hindu","Male","Rural"
14367,81300,7,36,"Hindu","Male","Urban"
14368,119648,8,35,"Hindu","Male","Rural"
14369,104118,14,54,"Buddhist","Female","Rural"
14370,16447,5,25,"Hindu","Male","Rural"
14371,101459,6,35,"Hindu","Male","Rural"
14372,93377,8,26,"Hindu","Female","Urban"
14373,22286,9,37,"Hindu","Male","Urban"
14374,6685,5,50,"Hindu","Female","Rural"
14375,22477,3,33,"Hindu","Male","Rural"
14376,37675,0,46,"Muslim","Male","Rural"
14377,24333,0,27,"Jain","Male","Urban"
14378,13237,5,18,"Muslim","Male","Rural"
14379,7634,0,19,"Hindu","Male","Rural"
14380,36619,0,53,"Hindu","Female","Urban"
14381,54700,7,20,"Hindu","Male","Urban"
14382,4773,2,49,"Hindu","Female","Rural"
14383,93126,3,57,"Hindu","Male","Urban"
14384,55425,7,25,"Hindu","Male","Urban"
14385,104065,3,48,"Hindu","Male","Rural"
14386,29975,0,33,"Buddhist","Female","Rural"
14387,35642,8,30,"Hindu","Female","Urban"
14388,15992,6,54,"Muslim","Female","Rural"
14389,58082,11,43,"Muslim","Male","Urban"
14390,14525,15,37,"Hindu","Male","Rural"
14391,300223,0,31,"Hindu","Male","Urban"
14392,242238,15,37,"Hindu","Male","Urban"
14393,18016,15,20,"Hindu","Male","Rural"
14394,14579,1,41,"Hindu","Male","Rural"
14395,2408,1,45,"Hindu","Male","Rural"
14396,40407,9,20,"Hindu","Male","Urban"
14397,47693,3,40,"Hindu","Male","Rural"
14398,21474,15,45,"Muslim","Female","Rural"
14399,23154,0,62,"Hindu","Female","Rural"
14400,41638,9,42,"Hindu","Male","Rural"
14401,27905,0,40,"Muslim","Male","Urban"
14402,134972,6,65,"Christian","Male","Rural"
14403,16242,0,57,"Hindu","Female","Rural"
14404,35127,9,55,"Muslim","Male","Rural"
14405,15050,4,33,"Muslim","Male","Rural"
14406,58752,7,48,"Hindu","Male","Urban"
14407,23979,6,18,"Christian","Male","Rural"
14408,87561,0,42,"Hindu","Male","Urban"
14409,3143,5,25,"Hindu","Female","Rural"
14410,171474,0,37,"Hindu","Male","Rural"
14411,805225,10,50,"Hindu","Male","Urban"
14412,12582,0,30,"Hindu","Male","Rural"
14413,44155,12,32,"Hindu","Male","Rural"
14414,56614,7,50,"Hindu","Male","Urban"
14415,2724,0,54,"Hindu","Female","Rural"
14416,4802,6,24,"Hindu","Male","Rural"
14417,15358,3,47,"Hindu","Male","Rural"
14418,30385,0,45,"Hindu","Male","Rural"
14419,47224,9,43,"Hindu","Male","Rural"
14420,29596,0,39,"Hindu","Male","Urban"
14421,14193,3,18,"Hindu","Female","Rural"
14422,7279,0,44,"Muslim","Female","Rural"
14423,119412,3,65,"Sikh","Male","Urban"
14424,1326,3,37,"Hindu","Female","Urban"
14425,28368,1,37,"Hindu","Male","Rural"
14426,14869,5,20,"Hindu","Male","Urban"
14427,73885,11,38,"Hindu","Male","Urban"
14428,76305,5,65,"Muslim","Female","Urban"
14429,12995,2,44,"Hindu","Male","Rural"
14430,1996,7,45,"Muslim","Female","Rural"
14431,92805,15,46,"Hindu","Female","Urban"
14432,1346,0,28,"Hindu","Female","Rural"
14433,16885,9,63,"Hindu","Female","Rural"
14434,6336,10,32,"Hindu","Female","Rural"
14435,301211,9,45,"Hindu","Male","Urban"
14436,85493,8,49,"Muslim","Male","Rural"
14437,7881,0,51,"Hindu","Female","Rural"
14438,83171,8,37,"Hindu","Male","Urban"
14439,42122,0,41,"Hindu","Male","Rural"
14440,202204,14,48,"Hindu","Male","Urban"
14441,109030,7,50,"Hindu","Male","Urban"
14442,3486,1,29,"Muslim","Female","Rural"
14443,7330,11,38,"Muslim","Male","Rural"
14444,82879,10,60,"Hindu","Female","Urban"
14445,2235,8,38,"Hindu","Female","Rural"
14446,19581,6,33,"Hindu","Male","Rural"
14447,62789,0,42,"Hindu","Male","Urban"
14448,36821,7,54,"Hindu","Female","Rural"
14449,54967,3,40,"Buddhist","Male","Rural"
14450,26112,2,35,"Hindu","Male","Rural"
14451,29073,0,44,"Hindu","Male","Rural"
14452,477795,15,52,"Hindu","Male","Urban"
14453,13737,0,40,"Hindu","Male","Urban"
14454,5603,10,44,"Hindu","Female","Rural"
14455,13781,14,40,"Hindu","Female","Rural"
14456,348182,13,40,"Hindu","Male","Rural"
14457,15566,0,31,"Hindu","Male","Rural"
14458,22396,0,34,"Muslim","Female","Urban"
14459,92270,9,18,"Hindu","Male","Urban"
14460,90723,15,35,"Hindu","Male","Rural"
14461,6287,0,30,"Hindu","Female","Rural"
14462,30282,6,24,"Hindu","Male","Rural"
14463,20691,5,36,"Hindu","Male","Rural"
14464,28923,0,54,"Hindu","Male","Rural"
14465,18585,5,53,"Hindu","Female","Rural"
14466,1755,4,54,"Hindu","Male","Rural"
14467,22020,12,31,"Hindu","Male","Rural"
14468,16193,12,43,"Hindu","Male","Urban"
14469,24474,0,45,"Hindu","Male","Rural"
14470,133501,15,35,"Hindu","Female","Urban"
14471,66912,13,39,"Christian","Female","Urban"
14472,28964,0,49,"Hindu","Female","Rural"
14473,25568,9,47,"Muslim","Male","Rural"
14474,17933,13,30,"Hindu","Male","Rural"
14475,35031,0,43,"Hindu","Male","Rural"
14476,3189,4,30,"Buddhist","Female","Rural"
14477,19702,3,21,"Hindu","Male","Rural"
14478,14159,6,25,"Hindu","Male","Rural"
14479,5981,15,52,"Hindu","Female","Rural"
14480,55016,4,37,"Muslim","Male","Rural"
14481,19588,0,60,"Hindu","Female","Rural"
14482,6848,5,30,"Hindu","Male","Rural"
14483,41366,4,33,"Hindu","Male","Urban"
14484,42036,13,56,"Hindu","Female","Rural"
14485,34939,7,40,"Muslim","Male","Urban"
14486,3306,1,41,"Christian","Female","Rural"
14487,69064,4,44,"Hindu","Female","Rural"
14488,18083,3,34,"Hindu","Male","Rural"
14489,4423,1,26,"Hindu","Female","Urban"
14490,2669,0,18,"Hindu","Male","Rural"
14491,36462,10,43,"Hindu","Female","Urban"
14492,75453,0,40,"Hindu","Male","Rural"
14493,24614,10,57,"Muslim","Male","Rural"
14494,1291,0,31,"Hindu","Female","Rural"
14495,28750,8,40,"Hindu","Female","Rural"
14496,19895,0,36,"Hindu","Female","Rural"
14497,15116,7,45,"Hindu","Female","Rural"
14498,35933,13,40,"Hindu","Female","Urban"
14499,143395,9,43,"Hindu","Male","Urban"
14500,115614,12,49,"Sikh","Male","Urban"
14501,4995,7,31,"Hindu","Male","Rural"
14502,31409,15,36,"Hindu","Male","Rural"
14503,10104,6,40,"Muslim","Male","Rural"
14504,78012,7,49,"Hindu","Male","Rural"
14505,71419,14,42,"Hindu","Female","Rural"
14506,35023,14,50,"Hindu","Male","Rural"
14507,36839,15,41,"Hindu","Male","Urban"
14508,33472,4,41,"Hindu","Male","Rural"
14509,98267,7,29,"Hindu","Female","Urban"
14510,1682,0,28,"Hindu","Female","Rural"
14511,25281,7,46,"Hindu","Male","Rural"
14512,3748,0,65,"Hindu","Female","Rural"
14513,11683,0,44,"Hindu","Female","Rural"
14514,120063,2,44,"Muslim","Male","Rural"
14515,34928,2,57,"Muslim","Female","Urban"
14516,2992,5,49,"Hindu","Male","Rural"
14517,2982,2,30,"Hindu","Female","Rural"
14518,14460,0,18,"Hindu","Female","Rural"
14519,1545,3,29,"Hindu","Male","Rural"
14520,22695,0,52,"Hindu","Male","Rural"
14521,36689,6,47,"Hindu","Male","Rural"
14522,17498,10,20,"Hindu","Male","Rural"
14523,6997,10,46,"Hindu","Male","Rural"
14524,23146,0,37,"Hindu","Male","Rural"
14525,96031,14,18,"Hindu","Male","Rural"
14526,4559,0,20,"Hindu","Male","Rural"
14527,38084,5,59,"Hindu","Male","Rural"
14528,8863,0,52,"Hindu","Male","Rural"
14529,144926,3,28,"Hindu","Male","Urban"
14530,187187,15,49,"Muslim","Male","Urban"
14531,24101,9,54,"Hindu","Male","Rural"
14532,99374,1,51,"Hindu","Female","Rural"
14533,16292,0,42,"Muslim","Male","Rural"
14534,31443,3,39,"Hindu","Male","Rural"
14535,160150,9,55,"Hindu","Male","Rural"
14536,29285,0,18,"Muslim","Female","Rural"
14537,19794,0,36,"Hindu","Male","Urban"
14538,70258,12,51,"Hindu","Male","Rural"
14539,14036,7,47,"Hindu","Male","Urban"
14540,3290,1,28,"Hindu","Female","Rural"
14541,17516,2,31,"Hindu","Male","Urban"
14542,10088,11,34,"Hindu","Female","Rural"
14543,27678,6,42,"Hindu","Male","Urban"
14544,7653,13,43,"Hindu","Male","Rural"
14545,59071,15,33,"Christian","Male","Rural"
14546,2606,0,40,"Hindu","Male","Rural"
14547,21798,15,27,"Hindu","Female","Rural"
14548,29952,8,41,"Muslim","Female","Urban"
14549,57131,4,34,"Hindu","Male","Rural"
14550,6297,4,37,"Hindu","Male","Rural"
14551,21539,15,28,"Hindu","Female","Urban"
14552,38783,0,36,"Muslim","Male","Rural"
14553,127918,3,28,"Hindu","Male","Urban"
14554,3148,0,36,"Hindu","Male","Rural"
14555,40973,12,65,"Hindu","Male","Rural"
14556,1901,1,35,"Hindu","Male","Rural"
14557,23526,5,44,"Hindu","Female","Rural"
14558,19429,7,32,"Hindu","Male","Rural"
14559,4577,0,24,"Hindu","Female","Rural"
14560,54568,15,60,"Hindu","Male","Rural"
14561,3128,0,50,"Hindu","Male","Rural"
14562,2994,0,29,"Hindu","Male","Rural"
14563,61200,1,25,"Hindu","Male","Rural"
14564,166986,0,42,"Hindu","Male","Rural"
14565,118194,0,59,"Hindu","Male","Rural"
14566,77397,11,46,"Hindu","Male","Rural"
14567,108359,15,54,"Muslim","Male","Rural"
14568,12085,4,27,"Hindu","Male","Rural"
14569,72102,0,35,"Hindu","Male","Rural"
14570,14221,9,32,"Hindu","Female","Rural"
14571,74806,5,55,"Christian","Male","Rural"
14572,4020,1,37,"Hindu","Male","Rural"
14573,64082,3,50,"Muslim","Male","Rural"
14574,28590,12,40,"Hindu","Male","Rural"
14575,9116,3,18,"Tribal","Male","Rural"
14576,44050,13,56,"Hindu","Female","Urban"
14577,24786,10,34,"Hindu","Male","Urban"
14578,10419,0,25,"Buddhist","Male","Rural"
14579,46600,15,36,"Muslim","Male","Rural"
14580,34400,1,51,"Hindu","Male","Rural"
14581,2595,0,31,"Tribal","Female","Rural"
14582,31771,5,44,"Hindu","Male","Rural"
14583,50018,9,40,"Hindu","Male","Rural"
14584,32060,15,40,"Hindu","Male","Rural"
14585,78939,6,40,"Hindu","Male","Urban"
14586,3403,0,51,"Muslim","Female","Rural"
14587,43796,0,34,"Hindu","Male","Rural"
14588,164253,15,40,"Hindu","Male","Urban"
14589,122028,5,47,"Muslim","Male","Urban"
14590,25355,0,42,"Hindu","Female","Rural"
14591,7428,9,28,"Hindu","Female","Rural"
14592,64892,15,39,"Sikh","Female","Rural"
14593,28774,5,40,"Hindu","Female","Urban"
14594,189500,15,40,"Christian","Male","Rural"
14595,20685,4,38,"Hindu","Male","Rural"
14596,12920,4,36,"Hindu","Female","Rural"
14597,2490,7,45,"Hindu","Female","Rural"
14598,5295,0,21,"Muslim","Male","Rural"
14599,13945,6,44,"Muslim","Female","Rural"
14600,275738,9,27,"Hindu","Male","Urban"
14601,143070,0,51,"Hindu","Male","Rural"
14602,12839,5,52,"Hindu","Female","Rural"
14603,34334,0,45,"Hindu","Male","Rural"
14604,6368,3,26,"Hindu","Female","Rural"
14605,18149,0,35,"Hindu","Female","Rural"
14606,11710,0,38,"Hindu","Female","Rural"
14607,81415,5,46,"Hindu","Female","Urban"
14608,29287,13,46,"Hindu","Male","Urban"
14609,8632,0,25,"Hindu","Male","Rural"
14610,76746,14,45,"Christian","Female","Urban"
14611,4183,4,34,"Hindu","Female","Rural"
14612,24733,6,54,"Sikh","Male","Rural"
14613,29140,14,52,"Hindu","Male","Rural"
14614,42603,3,38,"Hindu","Female","Urban"
14615,8896,7,19,"Hindu","Female","Rural"
14616,30114,15,35,"Hindu","Male","Rural"
14617,25333,6,22,"Muslim","Male","Urban"
14618,47443,0,20,"Hindu","Female","Rural"
14619,21971,2,44,"Hindu","Male","Rural"
14620,56570,3,36,"Hindu","Male","Urban"
14621,713353,12,59,"Hindu","Male","Rural"
14622,12532,0,40,"Hindu","Male","Rural"
14623,4288,12,18,"Hindu","Female","Rural"
14624,61020,5,43,"Muslim","Male","Rural"
14625,4881,0,65,"Hindu","Female","Rural"
14626,12812,3,34,"Hindu","Female","Rural"
14627,4690,1,18,"Sikh","Female","Rural"
14628,46603,10,58,"Hindu","Male","Rural"
14629,7165,1,24,"Hindu","Male","Rural"
14630,1373,0,41,"Hindu","Male","Rural"
14631,21477,6,50,"Hindu","Male","Urban"
14632,46953,12,39,"Christian","Male","Rural"
14633,317958,15,52,"Hindu","Male","Rural"
14634,595313,15,41,"Hindu","Male","Urban"
14635,234084,13,45,"Hindu","Male","Urban"
14636,26144,7,49,"Hindu","Female","Rural"
14637,118152,2,18,"Hindu","Male","Rural"
14638,11102,0,43,"Hindu","Male","Rural"
14639,7101,12,38,"Hindu","Female","Rural"
14640,1419,0,43,"Hindu","Male","Rural"
14641,59508,0,31,"Hindu","Male","Rural"
14642,66013,13,32,"Hindu","Male","Rural"
14643,14362,5,32,"Hindu","Male","Rural"
14644,27240,5,32,"Hindu","Male","Rural"
14645,205465,9,36,"Hindu","Male","Urban"
14646,42422,5,49,"Hindu","Female","Rural"
14647,109528,10,24,"Hindu","Male","Rural"
14648,3019,0,44,"Hindu","Female","Rural"
14649,7347,1,35,"Hindu","Male","Rural"
14650,1277,2,57,"Hindu","Female","Rural"
14651,5086,8,47,"Hindu","Male","Rural"
14652,8908,5,38,"Hindu","Male","Rural"
14653,9993,1,41,"Hindu","Male","Rural"
14654,43696,9,46,"Hindu","Male","Urban"
14655,56888,8,31,"Hindu","Male","Rural"
14656,76795,9,37,"Hindu","Male","Rural"
14657,24969,5,44,"Christian","Male","Rural"
14658,33560,0,41,"Muslim","Male","Urban"
14659,24825,5,59,"Muslim","Male","Rural"
14660,46781,15,28,"Hindu","Female","Urban"
14661,101216,9,18,"Hindu","Male","Rural"
14662,10260,5,30,"Hindu","Female","Rural"
14663,61054,9,47,"Muslim","Male","Rural"
14664,10654,2,39,"Hindu","Male","Rural"
14665,16397,2,18,"Muslim","Male","Rural"
14666,105629,0,36,"Hindu","Male","Urban"
14667,157135,15,18,"Muslim","Male","Urban"
14668,2627,0,18,"Hindu","Male","Rural"
14669,6202,8,54,"Hindu","Male","Rural"
14670,20300,13,49,"Hindu","Female","Rural"
14671,19684,8,44,"Hindu","Male","Rural"
14672,269094,10,48,"Hindu","Male","Rural"
14673,11678,10,38,"Hindu","Female","Urban"
14674,432511,10,29,"Hindu","Male","Urban"
14675,361459,0,45,"Hindu","Male","Urban"
14676,18381,15,28,"Hindu","Male","Rural"
14677,12661,9,21,"Muslim","Female","Urban"
14678,5095,0,18,"Hindu","Female","Rural"
14679,3831,4,55,"Hindu","Male","Rural"
14680,10990,5,57,"Hindu","Male","Urban"
14681,18597,5,46,"Hindu","Male","Urban"
14682,64467,0,30,"Hindu","Male","Rural"
14683,61668,0,52,"Hindu","Male","Rural"
14684,17823,3,24,"Hindu","Male","Rural"
14685,1861,1,32,"Hindu","Male","Rural"
14686,66082,7,28,"Hindu","Male","Rural"
14687,24367,0,57,"Hindu","Male","Rural"
14688,7622,8,61,"Hindu","Male","Rural"
14689,27753,0,49,"Hindu","Male","Rural"
14690,3604,5,47,"Hindu","Female","Rural"
14691,49226,6,35,"Christian","Male","Rural"
14692,12504,0,27,"Hindu","Male","Rural"
14693,12837,2,49,"Hindu","Male","Urban"
14694,43828,0,41,"Sikh","Male","Rural"
14695,41955,8,25,"Hindu","Female","Rural"
14696,690081,10,46,"Hindu","Male","Urban"
14697,46849,10,47,"Hindu","Female","Rural"
14698,13105,0,38,"Hindu","Male","Urban"
14699,26347,0,32,"Hindu","Male","Rural"
14700,10877,5,29,"Hindu","Male","Rural"
14701,237498,4,35,"Hindu","Male","Rural"
14702,14340,0,47,"Hindu","Male","Urban"
14703,109093,5,51,"Hindu","Male","Urban"
14704,61624,7,32,"Hindu","Male","Urban"
14705,16488,6,28,"Muslim","Male","Rural"
14706,25013,3,35,"Hindu","Male","Rural"
14707,13842,0,45,"Muslim","Female","Rural"
14708,247308,7,55,"Hindu","Male","Urban"
14709,6484,4,36,"Christian","Female","Rural"
14710,21080,3,46,"Hindu","Female","Rural"
14711,401562,15,26,"Hindu","Male","Rural"
14712,110459,4,43,"Hindu","Male","Urban"
14713,52164,0,49,"Hindu","Male","Rural"
14714,95251,5,34,"Hindu","Male","Urban"
14715,20873,15,35,"Hindu","Female","Rural"
14716,102197,0,43,"Hindu","Male","Urban"
14717,12390,10,52,"Hindu","Male","Urban"
14718,33844,0,41,"Hindu","Male","Urban"
14719,63106,10,47,"Hindu","Male","Urban"
14720,126612,6,37,"Hindu","Male","Rural"
14721,8500,5,30,"Hindu","Male","Rural"
14722,48893,11,18,"Hindu","Male","Rural"
14723,2017,0,50,"Hindu","Male","Rural"
14724,111470,5,48,"Hindu","Male","Urban"
14725,8543,1,21,"Hindu","Male","Rural"
14726,10469,11,18,"Hindu","Male","Urban"
14727,9455,10,28,"Hindu","Male","Rural"
14728,69188,10,32,"Hindu","Male","Rural"
14729,18062,6,25,"Hindu","Male","Urban"
14730,48153,6,36,"Hindu","Male","Rural"
14731,4826,6,46,"Hindu","Male","Rural"
14732,65704,10,38,"Hindu","Female","Urban"
14733,39783,15,18,"Hindu","Male","Rural"
14734,98662,9,50,"Hindu","Male","Urban"
14735,2921,0,51,"Hindu","Female","Rural"
14736,307605,15,52,"Hindu","Male","Urban"
14737,15078,10,38,"Hindu","Female","Rural"
14738,4796,0,32,"Hindu","Male","Rural"
14739,59752,10,53,"Muslim","Male","Rural"
14740,3545,7,31,"Hindu","Male","Rural"
14741,16358,6,43,"Hindu","Male","Urban"
14742,68801,9,30,"Hindu","Male","Urban"
14743,325635,13,49,"Hindu","Male","Urban"
14744,39917,0,55,"Hindu","Male","Rural"
14745,21923,14,51,"Christian","Male","Rural"
14746,17393,0,49,"Hindu","Male","Rural"
14747,29038,14,47,"Hindu","Male","Rural"
14748,55513,6,44,"Muslim","Male","Rural"
14749,8176,3,33,"Muslim","Female","Rural"
14750,9509,10,64,"Hindu","Female","Rural"
14751,23879,0,50,"Hindu","Female","Rural"
14752,22610,10,42,"Hindu","Female","Rural"
14753,99894,4,49,"Hindu","Male","Urban"
14754,12161,1,43,"Hindu","Male","Rural"
14755,15818,13,51,"Hindu","Female","Urban"
14756,19065,9,48,"Hindu","Female","Rural"
14757,6533,0,41,"Hindu","Male","Rural"
14758,48129,1,38,"Hindu","Male","Urban"
14759,25729,1,36,"Muslim","Male","Rural"
14760,6260,0,32,"Tribal","Male","Rural"
14761,25826,6,18,"Hindu","Female","Rural"
14762,22861,9,29,"Hindu","Male","Rural"
14763,46932,13,33,"Hindu","Male","Rural"
14764,13000,9,34,"Hindu","Male","Rural"
14765,176207,12,28,"Hindu","Male","Urban"
14766,13662,5,38,"Hindu","Female","Rural"
14767,5600,5,37,"Hindu","Female","Rural"
14768,20418,5,36,"Hindu","Male","Rural"
14769,11834,5,28,"Hindu","Female","Rural"
14770,192976,9,55,"Hindu","Male","Urban"
14771,32793,8,40,"Hindu","Male","Rural"
14772,7345,6,44,"Hindu","Male","Rural"
14773,11592,11,34,"Hindu","Female","Rural"
14774,27391,0,31,"Hindu","Male","Rural"
14775,1222226,14,38,"Hindu","Male","Urban"
14776,8948,0,25,"Hindu","Male","Rural"
14777,14304,6,19,"Hindu","Male","Rural"
14778,17944,11,46,"Hindu","Female","Rural"
14779,30104,15,39,"Christian","Male","Rural"
14780,14656,2,18,"Hindu","Male","Urban"
14781,29461,15,18,"Hindu","Female","Rural"
14782,32210,4,35,"Hindu","Female","Rural"
14783,58576,0,48,"Hindu","Female","Rural"
14784,136413,8,26,"Hindu","Male","Urban"
14785,1891,5,39,"Hindu","Male","Rural"
14786,88878,4,19,"Hindu","Male","Rural"
14787,94665,6,52,"Hindu","Male","Urban"
14788,23773,15,29,"Hindu","Female","Rural"
14789,5185,4,23,"Hindu","Male","Rural"
14790,122734,14,42,"Sikh","Female","Rural"
14791,3212,3,42,"Hindu","Female","Rural"
14792,2767,0,22,"Hindu","Male","Rural"
14793,5724,9,18,"Hindu","Male","Rural"
14794,20990,8,36,"Hindu","Female","Rural"
14795,24341,6,39,"Hindu","Male","Urban"
14796,22204,15,37,"Hindu","Male","Rural"
14797,999739,12,28,"Hindu","Male","Urban"
14798,26888,1,54,"Hindu","Male","Urban"
14799,39131,1,51,"Tribal","Male","Rural"
14800,8588,4,50,"Hindu","Female","Rural"
14801,4308,0,55,"Hindu","Male","Rural"
14802,5552,2,46,"Hindu","Male","Rural"
14803,2351,7,41,"Hindu","Female","Urban"
14804,68916,0,34,"Muslim","Male","Rural"
14805,16854,0,28,"Muslim","Male","Urban"
14806,27098,4,37,"Muslim","Female","Rural"
14807,227880,13,40,"Hindu","Female","Rural"
14808,3625,0,50,"Hindu","Female","Rural"
14809,8456,0,42,"Muslim","Male","Rural"
14810,14037,5,57,"Hindu","Male","Rural"
14811,4130,0,50,"Hindu","Male","Rural"
14812,90871,14,47,"Hindu","Female","Urban"
14813,2617,9,29,"Hindu","Female","Rural"
14814,152489,10,34,"Christian","Male","Urban"
14815,41854,0,44,"Hindu","Male","Urban"
14816,86733,15,27,"Hindu","Female","Urban"
14817,69058,3,32,"Hindu","Male","Urban"
14818,33255,8,39,"Hindu","Male","Rural"
14819,25328,0,55,"Muslim","Male","Rural"
14820,38033,0,33,"Hindu","Male","Urban"
14821,2667,3,36,"Hindu","Male","Rural"
14822,70258,10,33,"Hindu","Male","Rural"
14823,55744,10,27,"Hindu","Male","Rural"
14824,9630,5,42,"Hindu","Female","Rural"
14825,77638,0,18,"Hindu","Male","Urban"
14826,9587,12,43,"Hindu","Female","Urban"
14827,32327,0,45,"Muslim","Male","Rural"
14828,175214,10,36,"Hindu","Female","Urban"
14829,103442,9,34,"Hindu","Male","Urban"
14830,32188,0,42,"Hindu","Male","Urban"
14831,40085,10,33,"Sikh","Male","Urban"
14832,11240,0,65,"Tribal","Female","Rural"
14833,104495,0,41,"Hindu","Male","Urban"
14834,3902,2,25,"Hindu","Male","Rural"
14835,2200,0,39,"Hindu","Male","Rural"
14836,107684,9,52,"Hindu","Male","Urban"
14837,53064,1,34,"Sikh","Male","Rural"
14838,5347,1,50,"Hindu","Male","Rural"
14839,52093,5,32,"Hindu","Male","Urban"
14840,10768,0,42,"Hindu","Female","Rural"
14841,51699,9,34,"Hindu","Female","Rural"
14842,34011,8,48,"Hindu","Female","Rural"
14843,78347,11,32,"Hindu","Male","Rural"
14844,81815,0,44,"Hindu","Male","Rural"
14845,15694,8,35,"Hindu","Male","Rural"
14846,33716,9,60,"Hindu","Male","Rural"
14847,29923,8,44,"Hindu","Male","Rural"
14848,40958,15,56,"Hindu","Male","Rural"
14849,53405,13,23,"Hindu","Male","Rural"
14850,21501,6,35,"Hindu","Male","Urban"
14851,29909,3,43,"Hindu","Female","Rural"
14852,19697,6,37,"Hindu","Female","Rural"
14853,192217,0,40,"Muslim","Male","Urban"
14854,6359,3,23,"Hindu","Female","Rural"
14855,8713,2,27,"Hindu","Male","Rural"
14856,77075,15,60,"Hindu","Male","Rural"
14857,18136,5,18,"Hindu","Male","Rural"
14858,46076,9,49,"Hindu","Female","Rural"
14859,2413,7,31,"Hindu","Female","Rural"
14860,76240,8,38,"Hindu","Male","Urban"
14861,41591,15,27,"Muslim","Female","Rural"
14862,14473,12,21,"Hindu","Male","Rural"
14863,32643,0,18,"Muslim","Male","Rural"
14864,2435,7,46,"Hindu","Female","Rural"
14865,74759,9,40,"Hindu","Male","Rural"
14866,57106,4,44,"Hindu","Male","Rural"
14867,40897,8,39,"Hindu","Male","Rural"
14868,29586,15,48,"Hindu","Female","Rural"
14869,8630,2,40,"Sikh","Female","Rural"
14870,7498,0,24,"Sikh","Female","Rural"
14871,27491,0,45,"Muslim","Female","Rural"
14872,40236,3,29,"Sikh","Male","Rural"
14873,4954,10,43,"Hindu","Female","Rural"
14874,15618,8,51,"Hindu","Male","Rural"
14875,37895,11,55,"Muslim","Male","Rural"
14876,10377,6,25,"Hindu","Male","Rural"
14877,23228,3,37,"Hindu","Male","Rural"
14878,6005,0,40,"Hindu","Female","Rural"
14879,70544,14,43,"Hindu","Male","Rural"
14880,1111,0,43,"Hindu","Female","Rural"
14881,4181,0,25,"Muslim","Male","Rural"
14882,6576,5,25,"Hindu","Male","Rural"
14883,28312,2,29,"Hindu","Male","Rural"
14884,32736,7,62,"Muslim","Male","Urban"
14885,8934,12,29,"Hindu","Male","Rural"
14886,7862,13,43,"Hindu","Male","Rural"
14887,90662,5,30,"Hindu","Male","Urban"
14888,74643,4,39,"Hindu","Male","Rural"
14889,384105,9,48,"Hindu","Male","Rural"
14890,119652,11,60,"Hindu","Male","Urban"
14891,11609,0,41,"Hindu","Male","Rural"
14892,10036,2,25,"Hindu","Male","Rural"
14893,15748,0,18,"Hindu","Male","Rural"
14894,969,0,27,"Hindu","Female","Rural"
14895,7860,11,27,"Muslim","Male","Rural"
14896,41274,10,55,"Hindu","Female","Rural"
14897,13130,0,33,"Muslim","Male","Rural"
14898,85292,10,44,"Hindu","Male","Rural"
14899,42295,10,36,"Hindu","Male","Rural"
14900,301871,13,35,"Hindu","Male","Urban"
14901,102349,10,41,"Hindu","Male","Urban"
14902,42683,0,18,"Hindu","Male","Rural"
14903,13096,15,33,"Hindu","Male","Urban"
14904,35302,4,26,"Hindu","Male","Rural"
14905,8925,5,57,"Muslim","Female","Rural"
14906,92985,14,47,"Hindu","Male","Rural"
14907,124722,11,41,"Hindu","Female","Urban"
14908,31359,8,18,"Hindu","Male","Rural"
14909,48982,10,18,"Hindu","Male","Rural"
14910,54414,8,26,"Hindu","Male","Rural"
14911,36145,7,31,"Hindu","Male","Rural"
14912,132919,11,27,"Hindu","Male","Rural"
14913,28079,3,47,"Hindu","Male","Rural"
14914,225204,0,41,"Tribal","Male","Rural"
14915,1533,4,34,"Hindu","Female","Rural"
14916,42037,8,52,"Christian","Male","Rural"
14917,4480,7,35,"Hindu","Male","Rural"
14918,50284,7,46,"Hindu","Male","Rural"
14919,45606,0,27,"Muslim","Female","Rural"
14920,11481,0,62,"Hindu","Male","Rural"
14921,1870,6,39,"Hindu","Female","Rural"
14922,39597,12,48,"Hindu","Male","Urban"
14923,43973,6,28,"Muslim","Male","Urban"
14924,1208,2,28,"Hindu","Female","Rural"
14925,9494,0,43,"Hindu","Female","Rural"
14926,8694,0,35,"Hindu","Female","Rural"
14927,279791,2,57,"Hindu","Male","Urban"
14928,41152,4,32,"Hindu","Male","Rural"
14929,28988,5,36,"Buddhist","Male","Rural"
14930,114505,15,52,"Hindu","Female","Urban"
14931,10875,0,35,"Hindu","Male","Rural"
14932,8818,9,21,"Hindu","Male","Rural"
14933,16608,10,48,"Hindu","Male","Rural"
14934,640,6,18,"Hindu","Female","Rural"
14935,26584,0,45,"Hindu","Male","Rural"
14936,108443,3,52,"Hindu","Male","Urban"
14937,3350,4,37,"Hindu","Female","Urban"
14938,4126,0,41,"Hindu","Female","Rural"
14939,11395,1,24,"Muslim","Female","Rural"
14940,7213,0,34,"Muslim","Male","Rural"
14941,62133,2,39,"Hindu","Female","Rural"
14942,111554,9,28,"Hindu","Female","Rural"
14943,22327,0,20,"Hindu","Male","Urban"
14944,26820,11,22,"Hindu","Female","Urban"
14945,148823,2,47,"Hindu","Male","Urban"
14946,89130,7,52,"Hindu","Female","Rural"
14947,35380,0,44,"Hindu","Male","Rural"
14948,8005,14,40,"Hindu","Male","Rural"
14949,219222,7,38,"Hindu","Male","Urban"
14950,17007,5,43,"Muslim","Male","Rural"
14951,8682,6,25,"Hindu","Female","Rural"
14952,79112,4,65,"Hindu","Male","Rural"
14953,18618,8,38,"Hindu","Male","Rural"
14954,3710,5,29,"Hindu","Male","Rural"
14955,84135,5,18,"Hindu","Male","Urban"
14956,21794,5,40,"Hindu","Male","Rural"
14957,2060,0,37,"Hindu","Female","Rural"
14958,45133,15,51,"Hindu","Male","Rural"
14959,18060,9,32,"Muslim","Male","Rural"
14960,5810,9,32,"Hindu","Female","Rural"
14961,23931,2,23,"Hindu","Female","Rural"
14962,10043,10,27,"Hindu","Female","Rural"
14963,2648,0,51,"Hindu","Male","Rural"
14964,4285,7,34,"Muslim","Female","Rural"
14965,43699,6,45,"Hindu","Male","Urban"
14966,24261,0,53,"Hindu","Male","Rural"
14967,8669,1,45,"Hindu","Female","Rural"
14968,12944,0,43,"Hindu","Male","Rural"
14969,24751,0,34,"Hindu","Male","Urban"
14970,120315,13,28,"Hindu","Male","Urban"
14971,5194,8,24,"Hindu","Female","Urban"
14972,14263,15,44,"Hindu","Male","Rural"
14973,60667,11,31,"Hindu","Male","Urban"
14974,249603,12,36,"Hindu","Male","Urban"
14975,5481,0,29,"Hindu","Female","Rural"
14976,12987,1,26,"Hindu","Female","Rural"
14977,154490,8,38,"Muslim","Male","Rural"
14978,11875,7,40,"Hindu","Male","Rural"
14979,44681,5,46,"Hindu","Male","Rural"
14980,60167,0,52,"Hindu","Male","Rural"
14981,14414,5,58,"Hindu","Female","Rural"
14982,26670,8,26,"Hindu","Male","Rural"
14983,18683,1,22,"Muslim","Male","Rural"
14984,165592,6,53,"Hindu","Male","Rural"
14985,41967,6,35,"Hindu","Male","Rural"
14986,14142,3,40,"Hindu","Male","Rural"
14987,20299,7,18,"Hindu","Male","Rural"
14988,52718,12,61,"Buddhist","Male","Urban"
14989,7066,2,48,"Hindu","Female","Rural"
14990,11429,0,39,"Hindu","Female","Rural"
14991,26707,10,18,"Buddhist","Male","Rural"
14992,32078,0,65,"Hindu","Male","Rural"
14993,52821,9,52,"Hindu","Male","Urban"
14994,22607,6,39,"Hindu","Male","Rural"
14995,35241,8,49,"Hindu","Male","Rural"
14996,5793,0,41,"Hindu","Female","Rural"
14997,25992,6,48,"Hindu","Male","Rural"
14998,63195,12,36,"Hindu","Male","Rural"
14999,13094,0,44,"Muslim","Male","Rural"
15000,6015,0,41,"Hindu","Male","Rural"
15001,90581,0,38,"Hindu","Male","Urban"
15002,24019,9,53,"Hindu","Male","Rural"
15003,2692,3,35,"Hindu","Male","Rural"
15004,41373,9,45,"Hindu","Male","Rural"
15005,271604,9,47,"Hindu","Male","Rural"
15006,40146,3,43,"Hindu","Male","Urban"
15007,1924,8,36,"Hindu","Female","Rural"
15008,57319,0,48,"Hindu","Male","Rural"
15009,4527,0,21,"Hindu","Female","Rural"
15010,72725,15,25,"Hindu","Male","Rural"
15011,315161,15,53,"Hindu","Male","Rural"
15012,55349,11,45,"Christian","Male","Rural"
15013,10093,14,25,"Buddhist","Female","Rural"
15014,21654,10,55,"Hindu","Male","Rural"
15015,7705,0,28,"Muslim","Male","Urban"
15016,1028,0,52,"Hindu","Male","Rural"
15017,10397,13,44,"Hindu","Male","Urban"
15018,63042,10,43,"Hindu","Male","Urban"
15019,50360,0,37,"Hindu","Female","Rural"
15020,82264,9,36,"Hindu","Male","Rural"
15021,192446,15,43,"Hindu","Male","Rural"
15022,3147,10,38,"Hindu","Female","Rural"
15023,39481,13,29,"Hindu","Male","Rural"
15024,253358,15,65,"Hindu","Male","Urban"
15025,23470,14,20,"Christian","Male","Rural"
15026,10475,0,48,"Hindu","Female","Rural"
15027,44332,0,37,"Muslim","Male","Rural"
15028,10788,6,44,"Hindu","Male","Rural"
15029,9220,6,37,"Hindu","Female","Rural"
15030,53910,12,28,"Hindu","Male","Rural"
15031,19143,10,18,"Hindu","Male","Urban"
15032,24053,0,65,"Hindu","Male","Rural"
15033,1587,1,32,"Hindu","Male","Rural"
15034,299325,15,41,"Hindu","Male","Urban"
15035,9801,0,32,"Hindu","Female","Rural"
15036,12285,12,23,"Hindu","Male","Rural"
15037,22107,6,48,"Muslim","Male","Rural"
15038,20159,10,53,"Hindu","Female","Urban"
15039,3554,9,49,"Hindu","Female","Rural"
15040,7795,15,33,"Hindu","Male","Rural"
15041,50753,3,52,"Hindu","Male","Rural"
15042,121886,9,36,"Hindu","Male","Rural"
15043,24555,13,44,"Hindu","Female","Rural"
15044,19744,9,20,"Hindu","Female","Rural"
15045,13428,0,56,"Sikh","Male","Rural"
15046,60181,8,18,"Christian","Female","Rural"
15047,14752,6,36,"Hindu","Male","Rural"
15048,10086,1,29,"Hindu","Male","Rural"
15049,23510,5,28,"Hindu","Female","Rural"
15050,3624,5,18,"Hindu","Male","Rural"
15051,39749,10,18,"Muslim","Male","Urban"
15052,143130,7,52,"Sikh","Male","Rural"
15053,62006,6,60,"Hindu","Male","Rural"
15054,13301,6,40,"Hindu","Male","Rural"
15055,148963,3,49,"Hindu","Male","Urban"
15056,32470,4,28,"Hindu","Male","Urban"
15057,54001,0,37,"Hindu","Male","Urban"
15058,10591,5,24,"Hindu","Male","Rural"
15059,11517,0,42,"Hindu","Male","Rural"
15060,24639,7,19,"Hindu","Male","Rural"
15061,28665,11,32,"Hindu","Male","Rural"
15062,351251,12,44,"Hindu","Male","Urban"
15063,6360,3,42,"Hindu","Female","Rural"
15064,172960,12,40,"Hindu","Male","Urban"
15065,11317,9,65,"Hindu","Female","Rural"
15066,83941,0,56,"Hindu","Female","Rural"
15067,13138,0,43,"Hindu","Male","Rural"
15068,13339,0,28,"Hindu","Male","Rural"
15069,14338,15,33,"Hindu","Male","Urban"
15070,6857,7,41,"Hindu","Male","Rural"
15071,42578,0,40,"Hindu","Male","Urban"
15072,11986,4,53,"Hindu","Female","Rural"
15073,117218,14,45,"Hindu","Male","Urban"
15074,15079,10,43,"Hindu","Female","Rural"
15075,29149,1,36,"Tribal","Male","Rural"
15076,85591,10,43,"Hindu","Male","Rural"
15077,5197,8,43,"Hindu","Male","Rural"
15078,34964,3,38,"Hindu","Male","Urban"
15079,11270,0,36,"Hindu","Female","Rural"
15080,3321,0,54,"Hindu","Male","Rural"
15081,103397,15,21,"Muslim","Female","Urban"
15082,10046,0,32,"Hindu","Male","Rural"
15083,430710,12,53,"Hindu","Female","Rural"
15084,28038,0,40,"Hindu","Male","Urban"
15085,12549,0,29,"Hindu","Female","Rural"
15086,11638,6,52,"Hindu","Female","Rural"
15087,14875,4,33,"Hindu","Female","Rural"
15088,5311,7,62,"Hindu","Female","Rural"
15089,14621,5,39,"Hindu","Male","Rural"
15090,373219,15,21,"Hindu","Male","Urban"
15091,15059,4,34,"Hindu","Female","Urban"
15092,4057,2,27,"Hindu","Female","Rural"
15093,25618,5,27,"Hindu","Male","Rural"
15094,8274,11,56,"Muslim","Male","Rural"
15095,13734,3,29,"Hindu","Male","Rural"
15096,85027,0,27,"Hindu","Male","Urban"
15097,3866,1,49,"Hindu","Female","Rural"
15098,8329,0,32,"Hindu","Male","Rural"
15099,10142,4,45,"Hindu","Male","Rural"
15100,63440,3,18,"Hindu","Male","Urban"
15101,29323,11,40,"Hindu","Male","Rural"
15102,16480,4,37,"Hindu","Male","Rural"
15103,5695,8,20,"Hindu","Female","Rural"
15104,10517,0,48,"Hindu","Female","Rural"
15105,22660,0,38,"Hindu","Male","Rural"
15106,130102,11,20,"Hindu","Male","Urban"
15107,19506,5,18,"Hindu","Male","Urban"
15108,65926,8,21,"Christian","Female","Rural"
15109,37311,7,48,"Hindu","Male","Urban"
15110,20593,14,35,"Hindu","Female","Urban"
15111,4505,4,21,"Hindu","Female","Rural"
15112,24000,4,25,"Hindu","Female","Rural"
15113,117871,5,40,"Hindu","Male","Rural"
15114,7340,7,25,"Hindu","Female","Rural"
15115,28240,0,33,"Hindu","Male","Urban"
15116,4318,3,46,"Hindu","Female","Rural"
15117,8089,6,30,"Hindu","Female","Urban"
15118,18854,2,40,"Hindu","Male","Rural"
15119,4513,0,31,"Hindu","Female","Rural"
15120,98655,11,34,"Hindu","Male","Urban"
15121,115339,7,41,"Muslim","Male","Rural"
15122,56674,11,47,"Hindu","Male","Rural"
15123,8964,0,18,"Hindu","Female","Rural"
15124,22922,5,40,"Hindu","Female","Urban"
15125,58886,0,40,"Hindu","Female","Rural"
15126,15184,0,40,"Muslim","Male","Rural"
15127,24567,4,49,"Sikh","Male","Rural"
15128,21136,8,27,"Hindu","Male","Rural"
15129,31944,0,35,"Hindu","Male","Rural"
15130,26802,9,40,"Muslim","Female","Rural"
15131,23438,5,33,"Hindu","Male","Rural"
15132,27000,12,45,"Hindu","Male","Rural"
15133,56568,3,46,"Muslim","Male","Rural"
15134,3125,4,44,"Hindu","Female","Rural"
15135,20319,0,40,"Hindu","Female","Urban"
15136,97533,12,18,"Hindu","Male","Rural"
15137,22283,4,37,"Hindu","Male","Rural"
15138,6165,13,32,"Hindu","Female","Rural"
15139,11133,0,40,"Hindu","Male","Rural"
15140,149710,11,56,"Muslim","Male","Urban"
15141,16036,4,18,"Hindu","Male","Rural"
15142,23017,6,48,"Muslim","Male","Rural"
15143,109167,15,30,"Hindu","Female","Urban"
15144,9997,15,29,"Hindu","Male","Rural"
15145,114696,7,38,"Hindu","Male","Rural"
15146,119068,15,32,"Hindu","Male","Rural"
15147,58693,9,30,"Hindu","Male","Rural"
15148,1238,5,38,"Hindu","Male","Rural"
15149,6114,5,48,"Christian","Male","Rural"
15150,49128,0,22,"Hindu","Male","Urban"
15151,13274,0,39,"Hindu","Male","Rural"
15152,8215,0,60,"Hindu","Female","Rural"
15153,20059,8,41,"Hindu","Male","Rural"
15154,80541,15,18,"Hindu","Female","Urban"
15155,9590,10,42,"Muslim","Male","Rural"
15156,12991,10,39,"Hindu","Male","Urban"
15157,39782,13,45,"Hindu","Female","Rural"
15158,7741,9,20,"Hindu","Male","Urban"
15159,4299,2,52,"Hindu","Female","Rural"
15160,24375,6,35,"Buddhist","Female","Rural"
15161,4098,0,50,"Hindu","Male","Rural"
15162,16475,0,30,"Hindu","Female","Rural"
15163,3872,11,33,"Hindu","Female","Rural"
15164,46540,12,24,"Hindu","Male","Rural"
15165,2132,2,28,"Hindu","Male","Rural"
15166,45223,8,34,"Hindu","Male","Urban"
15167,25428,13,37,"Hindu","Male","Rural"
15168,3048,0,26,"Hindu","Male","Rural"
15169,19884,9,50,"Muslim","Male","Rural"
15170,17405,15,36,"Hindu","Female","Rural"
15171,11426,3,18,"Hindu","Male","Rural"
15172,66893,9,23,"Christian","Male","Rural"
15173,26264,5,41,"Hindu","Male","Rural"
15174,5360,7,32,"Hindu","Female","Rural"
15175,40494,9,43,"Hindu","Male","Rural"
15176,41790,12,37,"Hindu","Male","Rural"
15177,17166,7,29,"Hindu","Male","Rural"
15178,30797,4,42,"Hindu","Male","Rural"
15179,24312,5,50,"Hindu","Male","Rural"
15180,30933,1,48,"Hindu","Male","Rural"
15181,39939,9,33,"Hindu","Female","Urban"
15182,80143,15,35,"Hindu","Female","Rural"
15183,158608,12,56,"Hindu","Male","Urban"
15184,41411,9,41,"Hindu","Male","Urban"
15185,4011,2,35,"Muslim","Male","Rural"
15186,9964,0,46,"Hindu","Male","Urban"
15187,127542,11,38,"Hindu","Male","Rural"
15188,7012,0,20,"Hindu","Female","Rural"
15189,95446,2,65,"Hindu","Male","Urban"
15190,150102,13,38,"Tribal","Male","Rural"
15191,22347,3,37,"Hindu","Male","Urban"
15192,11965,1,45,"Hindu","Male","Rural"
15193,2646,0,28,"Hindu","Female","Rural"
15194,17092,12,52,"Hindu","Female","Rural"
15195,31319,6,57,"Hindu","Male","Rural"
15196,2137,0,28,"Hindu","Female","Rural"
15197,57887,10,46,"Hindu","Female","Urban"
15198,12305,12,40,"Hindu","Male","Rural"
15199,12729,0,58,"Hindu","Female","Rural"
15200,13029,10,46,"Hindu","Male","Rural"
15201,24314,5,65,"Hindu","Male","Rural"
15202,10080,6,51,"Muslim","Male","Rural"
15203,73118,12,24,"Hindu","Male","Rural"
15204,58193,10,31,"Hindu","Male","Urban"
15205,214346,4,30,"Hindu","Male","Urban"
15206,9473,3,30,"Hindu","Female","Rural"
15207,306280,0,20,"Hindu","Male","Urban"
15208,55999,6,38,"Hindu","Male","Urban"
15209,63421,15,22,"Hindu","Male","Urban"
15210,11297,0,56,"Hindu","Female","Rural"
15211,122846,13,29,"Hindu","Male","Rural"
15212,11376,9,44,"Hindu","Male","Rural"
15213,28597,4,26,"Muslim","Male","Rural"
15214,17547,6,61,"Christian","Male","Rural"
15215,100237,0,35,"Hindu","Male","Rural"
15216,9298,10,55,"Hindu","Female","Rural"
15217,36071,2,40,"Hindu","Male","Rural"
15218,38218,7,51,"Hindu","Male","Rural"
15219,34517,0,42,"Hindu","Male","Rural"
15220,201348,6,52,"Hindu","Male","Rural"
15221,14081,7,34,"Hindu","Female","Rural"
15222,53198,9,31,"Hindu","Female","Urban"
15223,30436,13,28,"Buddhist","Male","Urban"
15224,11228,7,20,"Hindu","Male","Rural"
15225,12802,0,20,"Hindu","Male","Rural"
15226,99477,0,45,"Hindu","Male","Urban"
15227,100550,6,39,"Hindu","Male","Rural"
15228,17001,3,31,"Muslim","Male","Urban"
15229,31700,0,30,"Muslim","Male","Rural"
15230,68197,13,49,"Hindu","Male","Rural"
15231,24557,0,37,"Hindu","Male","Rural"
15232,75890,8,33,"Hindu","Male","Rural"
15233,7076,0,42,"Hindu","Male","Rural"
15234,105555,15,18,"Hindu","Male","Urban"
15235,31646,6,23,"Hindu","Male","Urban"
15236,137668,12,37,"Hindu","Female","Rural"
15237,4094,0,37,"Hindu","Female","Rural"
15238,1407,0,38,"Muslim","Female","Rural"
15239,64874,4,59,"Hindu","Male","Rural"
15240,11162,0,51,"Hindu","Female","Rural"
15241,9464,8,47,"Hindu","Female","Rural"
15242,126960,2,46,"Muslim","Male","Urban"
15243,155997,14,28,"Hindu","Male","Urban"
15244,5845,0,34,"Hindu","Female","Rural"
15245,6558,0,21,"Buddhist","Female","Rural"
15246,7215,5,38,"Hindu","Male","Rural"
15247,60470,6,47,"Hindu","Male","Rural"
15248,6984,9,55,"Hindu","Female","Rural"
15249,656820,13,41,"Hindu","Male","Urban"
15250,5171,8,40,"Hindu","Female","Rural"
15251,14516,0,60,"Hindu","Female","Rural"
15252,417648,15,31,"Hindu","Male","Urban"
15253,2046,2,37,"Buddhist","Male","Rural"
15254,9282,7,27,"Hindu","Male","Rural"
15255,33304,8,36,"Hindu","Male","Rural"
15256,40168,6,55,"Hindu","Female","Rural"
15257,3206,0,29,"Hindu","Female","Rural"
15258,61016,9,28,"Hindu","Male","Rural"
15259,73968,12,45,"Hindu","Male","Rural"
15260,45464,12,18,"Hindu","Female","Rural"
15261,10874,2,21,"Hindu","Female","Rural"
15262,1334,0,18,"Hindu","Male","Rural"
15263,88623,0,33,"Christian","Male","Urban"
15264,4201,15,24,"Hindu","Female","Rural"
15265,49934,0,34,"Sikh","Male","Rural"
15266,28919,15,37,"Muslim","Male","Rural"
15267,16795,7,39,"Hindu","Female","Rural"
15268,42253,0,47,"Muslim","Male","Rural"
15269,13639,3,41,"Hindu","Female","Urban"
15270,21494,8,51,"Hindu","Female","Urban"
15271,63193,9,18,"Hindu","Male","Urban"
15272,57672,5,58,"Hindu","Male","Rural"
15273,41532,0,41,"Hindu","Male","Urban"
15274,144499,9,49,"Hindu","Male","Rural"
15275,29511,11,18,"Hindu","Male","Rural"
15276,22774,0,51,"Hindu","Male","Rural"
15277,15572,3,39,"Hindu","Male","Rural"
15278,29348,0,37,"Hindu","Male","Rural"
15279,14642,0,62,"Muslim","Female","Rural"
15280,50922,8,38,"Hindu","Female","Urban"
15281,4419,7,34,"Christian","Female","Rural"
15282,4827,3,44,"Hindu","Male","Rural"
15283,10492,8,31,"Hindu","Male","Rural"
15284,45207,12,54,"Muslim","Female","Rural"
15285,11492,7,54,"Hindu","Male","Urban"
15286,30726,12,30,"Hindu","Male","Rural"
15287,126407,5,56,"Hindu","Male","Urban"
15288,37513,15,60,"Hindu","Male","Rural"
15289,10989,12,56,"Hindu","Male","Rural"
15290,23740,2,40,"Hindu","Male","Rural"
15291,1905,7,41,"Hindu","Female","Rural"
15292,6116,5,35,"Hindu","Male","Rural"
15293,55223,10,26,"Sikh","Male","Rural"
15294,31969,6,39,"Hindu","Male","Rural"
15295,821,0,20,"Hindu","Male","Rural"
15296,96127,8,47,"Sikh","Male","Urban"
15297,11921,0,44,"Hindu","Male","Rural"
15298,92618,15,38,"Hindu","Male","Rural"
15299,18949,4,52,"Christian","Male","Rural"
15300,125197,3,49,"Hindu","Male","Urban"
15301,7286,0,36,"Hindu","Female","Rural"
15302,5747,7,46,"Hindu","Male","Rural"
15303,47615,0,44,"Hindu","Male","Rural"
15304,16957,1,46,"Hindu","Female","Rural"
15305,409051,13,30,"Hindu","Male","Urban"
15306,20697,10,33,"Hindu","Male","Rural"
15307,51310,10,51,"Hindu","Male","Rural"
15308,2876,0,46,"Hindu","Male","Rural"
15309,11602,3,18,"Hindu","Male","Rural"
15310,16429,15,22,"Hindu","Male","Rural"
15311,30790,6,30,"Hindu","Male","Rural"
15312,56168,5,29,"Hindu","Male","Rural"
15313,684889,15,44,"Hindu","Male","Urban"
15314,24411,10,32,"Hindu","Male","Urban"
15315,7609,4,58,"Hindu","Male","Rural"
15316,2432,1,26,"Hindu","Female","Rural"
15317,2346,4,22,"Hindu","Male","Rural"
15318,9945,7,49,"Hindu","Female","Urban"
15319,173711,11,33,"Muslim","Male","Rural"
15320,17835,12,32,"Hindu","Male","Rural"
15321,540472,5,18,"Hindu","Male","Urban"
15322,85430,15,34,"Hindu","Male","Urban"
15323,45086,7,47,"Muslim","Male","Rural"
15324,15085,0,47,"Hindu","Male","Rural"
15325,31213,10,47,"Muslim","Male","Rural"
15326,15427,5,30,"Hindu","Male","Rural"
15327,387439,0,48,"Muslim","Male","Urban"
15328,13844,9,37,"Hindu","Male","Rural"
15329,10198,13,19,"Hindu","Male","Rural"
15330,11570,6,19,"Hindu","Male","Rural"
15331,22164,0,41,"Muslim","Male","Rural"
15332,152683,3,34,"Hindu","Male","Rural"
15333,16136,0,41,"Hindu","Male","Rural"
15334,236925,5,59,"Hindu","Male","Urban"
15335,9086,3,33,"Hindu","Male","Rural"
15336,89710,0,57,"Hindu","Male","Rural"
15337,44779,6,48,"Sikh","Male","Rural"
15338,8857,0,41,"Hindu","Male","Rural"
15339,13731,0,23,"Hindu","Male","Rural"
15340,22788,9,39,"Hindu","Male","Rural"
15341,9939,12,35,"Hindu","Male","Rural"
15342,8200,3,18,"Hindu","Male","Rural"
15343,94691,2,56,"Muslim","Male","Rural"
15344,335959,15,52,"Hindu","Male","Rural"
15345,15473,0,34,"Hindu","Female","Rural"
15346,28238,2,51,"Hindu","Female","Rural"
15347,170060,10,44,"Hindu","Male","Rural"
15348,10603,0,55,"Hindu","Female","Rural"
15349,23687,8,18,"Sikh","Male","Rural"
15350,1668,15,39,"Hindu","Female","Rural"
15351,4248,0,35,"Hindu","Male","Rural"
15352,11601,3,23,"Hindu","Female","Rural"
15353,10427,1,50,"Hindu","Female","Rural"
15354,133937,8,45,"Muslim","Male","Rural"
15355,26006,10,26,"Hindu","Male","Urban"
15356,89560,15,37,"Hindu","Female","Urban"
15357,137383,6,42,"Hindu","Male","Rural"
15358,4270,5,25,"Hindu","Male","Rural"
15359,17849,8,18,"Hindu","Male","Rural"
15360,95511,13,33,"Hindu","Male","Urban"
15361,131906,10,35,"Buddhist","Male","Urban"
15362,3026,14,27,"Hindu","Female","Rural"
15363,10996,0,47,"Hindu","Male","Rural"
15364,143161,9,36,"Hindu","Male","Urban"
15365,59376,0,44,"Christian","Male","Urban"
15366,676,0,23,"Hindu","Female","Rural"
15367,44980,7,25,"Hindu","Male","Rural"
15368,126593,4,50,"Sikh","Male","Rural"
15369,27410,7,56,"Hindu","Female","Rural"
15370,14314,10,42,"Muslim","Female","Rural"
15371,16464,3,41,"Hindu","Female","Rural"
15372,8266,5,36,"Hindu","Male","Rural"
15373,6744,10,28,"Hindu","Male","Rural"
15374,27982,6,31,"Hindu","Female","Rural"
15375,370025,15,30,"Hindu","Male","Urban"
15376,146277,11,53,"Hindu","Male","Urban"
15377,27912,11,36,"Hindu","Female","Rural"
15378,15126,1,38,"Hindu","Male","Urban"
15379,157738,0,65,"Hindu","Male","Urban"
15380,105974,13,45,"Buddhist","Female","Rural"
15381,11747,0,35,"Hindu","Male","Rural"
15382,5757,3,20,"Hindu","Male","Rural"
15383,101336,8,61,"Muslim","Male","Urban"
15384,51044,14,36,"Hindu","Male","Rural"
15385,36056,12,42,"Hindu","Male","Rural"
15386,24574,15,33,"Hindu","Male","Rural"
15387,5722,0,47,"Hindu","Female","Rural"
15388,34183,3,27,"Christian","Female","Rural"
15389,19528,3,40,"Hindu","Male","Rural"
15390,22256,15,19,"Hindu","Male","Rural"
15391,121123,5,51,"Hindu","Male","Rural"
15392,16126,3,38,"Hindu","Female","Urban"
15393,9838,2,47,"Hindu","Male","Rural"
15394,22007,7,27,"Muslim","Male","Rural"
15395,556,1,46,"Hindu","Female","Urban"
15396,4519,0,33,"Muslim","Female","Urban"
15397,38380,0,38,"Hindu","Male","Rural"
15398,14171,15,22,"Hindu","Female","Rural"
15399,85650,11,18,"Hindu","Female","Urban"
15400,5192,0,40,"Hindu","Male","Rural"
15401,7363,0,29,"Hindu","Female","Urban"
15402,3627,2,20,"Hindu","Male","Rural"
15403,9942,0,28,"Muslim","Female","Rural"
15404,27615,9,35,"Hindu","Female","Rural"
15405,8236,5,27,"Hindu","Male","Rural"
15406,6354,0,37,"Hindu","Female","Rural"
15407,11818,3,29,"Hindu","Male","Urban"
15408,9584,0,47,"Hindu","Male","Rural"
15409,47348,15,44,"Christian","Male","Rural"
15410,23315,11,37,"Hindu","Male","Urban"
15411,43244,12,56,"Hindu","Male","Urban"
15412,113100,15,53,"Hindu","Male","Urban"
15413,115655,11,41,"Hindu","Male","Urban"
15414,38722,15,18,"Sikh","Male","Rural"
15415,99667,11,40,"Hindu","Male","Rural"
15416,73102,12,24,"Hindu","Male","Rural"
15417,60902,3,35,"Tribal","Female","Rural"
15418,67300,0,34,"Hindu","Male","Rural"
15419,4357,3,42,"Hindu","Female","Rural"
15420,26325,9,47,"Hindu","Male","Rural"
15421,13231,4,37,"Hindu","Male","Rural"
15422,7069,4,65,"Hindu","Female","Rural"
15423,14928,1,45,"Hindu","Female","Rural"
15424,19229,8,28,"Hindu","Female","Rural"
15425,114814,15,40,"Hindu","Male","Urban"
15426,7277,0,18,"Hindu","Female","Rural"
15427,20759,0,36,"Hindu","Male","Rural"
15428,21163,3,28,"Hindu","Male","Rural"
15429,6476,1,47,"Hindu","Female","Rural"
15430,735378,9,36,"Hindu","Male","Urban"
15431,16466,0,65,"Hindu","Female","Urban"
15432,412993,10,42,"Hindu","Male","Urban"
15433,14863,6,41,"Hindu","Female","Rural"
15434,27558,5,56,"Hindu","Female","Rural"
15435,8792,6,19,"Hindu","Male","Rural"
15436,5611,0,40,"Hindu","Male","Rural"
15437,7354,1,37,"Hindu","Male","Rural"
15438,17573,4,25,"Hindu","Male","Rural"
15439,27674,2,47,"Hindu","Male","Rural"
15440,78361,0,53,"Muslim","Male","Urban"
15441,11051,5,39,"Hindu","Male","Urban"
15442,84369,10,23,"Hindu","Male","Urban"
15443,119380,11,31,"Hindu","Male","Urban"
15444,15215,8,33,"Hindu","Female","Urban"
15445,226355,3,34,"Hindu","Male","Urban"
15446,34386,8,22,"Hindu","Male","Rural"
15447,14041,12,49,"Muslim","Female","Rural"
15448,26872,7,49,"Hindu","Male","Rural"
15449,90237,6,38,"Christian","Female","Urban"
15450,25361,0,49,"Hindu","Male","Urban"
15451,53483,2,58,"Muslim","Male","Rural"
15452,27028,0,35,"Hindu","Male","Rural"
15453,68219,14,38,"Hindu","Male","Urban"
15454,43406,6,47,"Hindu","Male","Rural"
15455,47097,3,26,"Sikh","Male","Urban"
15456,2416,2,24,"Hindu","Female","Rural"
15457,21616,9,54,"Muslim","Female","Rural"
15458,7954,8,49,"Muslim","Female","Rural"
15459,46511,11,59,"Hindu","Male","Rural"
15460,25662,15,48,"Muslim","Female","Urban"
15461,29979,8,44,"Hindu","Female","Rural"
15462,17327,10,44,"Hindu","Female","Rural"
15463,5393,0,50,"Muslim","Female","Rural"
15464,10627,11,28,"Hindu","Female","Rural"
15465,15374,8,36,"Hindu","Male","Rural"
15466,18121,7,22,"Tribal","Male","Rural"
15467,3979,0,45,"Hindu","Female","Rural"
15468,104049,3,45,"Hindu","Male","Urban"
15469,37860,3,40,"Hindu","Male","Urban"
15470,15258,0,32,"Hindu","Female","Rural"
15471,69661,13,35,"Hindu","Male","Urban"
15472,98474,12,50,"Hindu","Male","Rural"
15473,52392,10,28,"Hindu","Male","Rural"
15474,125764,9,27,"Hindu","Male","Urban"
15475,47955,8,35,"Hindu","Female","Rural"
15476,30591,12,48,"Hindu","Male","Rural"
15477,238730,9,18,"Hindu","Female","Urban"
15478,26603,0,31,"Hindu","Male","Rural"
15479,22172,11,57,"Muslim","Male","Rural"
15480,25234,0,18,"Christian","Male","Rural"
15481,19760,0,39,"Hindu","Male","Rural"
15482,2359,5,26,"Hindu","Female","Urban"
15483,4474,8,53,"Hindu","Female","Rural"
15484,7372,0,56,"Muslim","Male","Urban"
15485,33115,0,38,"Hindu","Male","Rural"
15486,77874,9,18,"Hindu","Male","Urban"
15487,56537,12,50,"Hindu","Male","Rural"
15488,69802,7,50,"Hindu","Male","Rural"
15489,61222,7,53,"Hindu","Male","Urban"
15490,234479,8,49,"Christian","Male","Rural"
15491,5243,1,34,"Muslim","Male","Rural"
15492,12223,5,24,"Muslim","Male","Rural"
15493,42702,13,50,"Muslim","Male","Rural"
15494,14990,15,44,"Hindu","Male","Rural"
15495,111277,11,28,"Muslim","Male","Urban"
15496,26619,3,18,"Christian","Male","Rural"
15497,72407,15,45,"Hindu","Male","Urban"
15498,53246,1,23,"Hindu","Male","Rural"
15499,19643,12,48,"Hindu","Male","Rural"
15500,10041,5,65,"Muslim","Female","Rural"
15501,49986,2,31,"Hindu","Male","Urban"
15502,22961,0,33,"Hindu","Female","Rural"
15503,24868,7,35,"Hindu","Female","Urban"
15504,389768,15,36,"Hindu","Male","Urban"
15505,55093,11,33,"Hindu","Male","Rural"
15506,9809,4,35,"Hindu","Male","Rural"
15507,5582,0,33,"Hindu","Male","Rural"
15508,21675,5,40,"Hindu","Male","Rural"
15509,12996,13,40,"Hindu","Male","Rural"
15510,31547,3,54,"Hindu","Male","Rural"
15511,1954,0,62,"Hindu","Male","Rural"
15512,98286,10,50,"Hindu","Male","Urban"
15513,26481,12,28,"Christian","Female","Rural"
15514,22843,0,48,"Hindu","Male","Rural"
15515,288311,5,51,"Hindu","Male","Urban"
15516,25509,14,42,"Hindu","Female","Rural"
15517,31594,8,48,"Hindu","Female","Urban"
15518,3164,7,30,"Hindu","Female","Rural"
15519,6993,0,18,"Hindu","Female","Rural"
15520,79823,2,61,"Hindu","Male","Rural"
15521,33890,9,22,"Hindu","Male","Rural"
15522,18382,10,27,"Hindu","Female","Urban"
15523,2910,1,57,"Muslim","Female","Rural"
15524,35691,0,25,"Muslim","Male","Urban"
15525,24059,3,36,"Muslim","Male","Rural"
15526,32672,5,35,"Hindu","Male","Rural"
15527,179156,8,39,"Hindu","Male","Rural"
15528,2797,3,33,"Hindu","Male","Rural"
15529,27312,10,21,"Hindu","Female","Rural"
15530,969,5,39,"Hindu","Female","Rural"
15531,391376,15,41,"Buddhist","Male","Urban"
15532,15263,0,27,"Hindu","Male","Rural"
15533,83578,10,47,"Muslim","Male","Rural"
15534,3834,10,47,"Hindu","Female","Rural"
15535,70695,13,37,"Hindu","Female","Urban"
15536,5187,2,32,"Hindu","Female","Rural"
15537,6105,4,50,"Hindu","Female","Rural"
15538,2986,0,38,"Muslim","Female","Rural"
15539,3685,0,27,"Hindu","Male","Rural"
15540,223772,13,30,"Hindu","Male","Urban"
15541,6091,6,40,"Hindu","Male","Rural"
15542,3733,5,55,"Hindu","Female","Rural"
15543,30407,0,49,"Hindu","Male","Rural"
15544,40737,2,46,"Hindu","Male","Rural"
15545,45585,5,44,"Hindu","Female","Rural"
15546,6768,14,43,"Hindu","Female","Rural"
15547,12172,9,51,"Muslim","Male","Rural"
15548,4635,4,36,"Hindu","Female","Rural"
15549,6754,4,24,"Hindu","Female","Rural"
15550,3438,2,29,"Muslim","Female","Rural"
15551,12725,1,18,"Hindu","Female","Rural"
15552,41667,0,40,"Hindu","Male","Rural"
15553,17080,5,41,"Hindu","Male","Urban"
15554,16320,0,39,"Muslim","Male","Rural"
15555,16683,0,62,"Hindu","Male","Rural"
15556,13264,0,49,"Hindu","Female","Rural"
15557,18419,10,43,"Hindu","Female","Rural"
15558,129331,11,59,"Muslim","Female","Urban"
15559,18671,8,35,"Hindu","Male","Rural"
15560,58389,3,34,"Hindu","Male","Rural"
15561,15489,9,18,"Hindu","Male","Rural"
15562,183796,12,43,"Muslim","Male","Rural"
15563,7307,0,38,"Hindu","Male","Rural"
15564,19203,3,29,"Hindu","Male","Rural"
15565,1594,10,24,"Hindu","Female","Rural"
15566,73483,8,44,"Christian","Male","Rural"
15567,37805,7,38,"Hindu","Female","Rural"
15568,3315,0,18,"Hindu","Female","Rural"
15569,39056,3,32,"Hindu","Male","Rural"
15570,35319,15,24,"Hindu","Male","Rural"
15571,18236,1,34,"Hindu","Male","Rural"
15572,30510,0,52,"Hindu","Male","Rural"
15573,13044,0,34,"Hindu","Male","Rural"
15574,12516,2,25,"Hindu","Male","Urban"
15575,5316,0,46,"Hindu","Female","Rural"
15576,25071,8,32,"Hindu","Male","Rural"
15577,54743,11,24,"Hindu","Male","Urban"
15578,11561,5,18,"Hindu","Male","Rural"
15579,46464,2,28,"Hindu","Male","Urban"
15580,172174,15,37,"Hindu","Male","Urban"
15581,686320,15,43,"Hindu","Male","Urban"
15582,10192,15,43,"Hindu","Female","Rural"
15583,13235,4,31,"Hindu","Female","Rural"
15584,20861,1,33,"Hindu","Male","Urban"
15585,65205,15,44,"Hindu","Male","Rural"
15586,13119,1,37,"Hindu","Male","Rural"
15587,9068,8,33,"Hindu","Female","Rural"
15588,164148,6,63,"Hindu","Male","Urban"
15589,27910,5,37,"Hindu","Male","Urban"
15590,25452,5,26,"Hindu","Female","Rural"
15591,246486,3,33,"Hindu","Male","Rural"
15592,3797,6,41,"Hindu","Male","Rural"
15593,177416,0,58,"Muslim","Male","Urban"
15594,154167,9,30,"Hindu","Male","Rural"
15595,12176,3,29,"Hindu","Female","Rural"
15596,2998,0,41,"Hindu","Female","Rural"
15597,28243,0,35,"Hindu","Male","Rural"
15598,40216,5,31,"Hindu","Male","Urban"
15599,15859,6,28,"Hindu","Male","Rural"
15600,16658,8,39,"Hindu","Male","Rural"
15601,3877,0,29,"Christian","Male","Rural"
15602,89979,15,19,"Hindu","Male","Urban"
15603,11580,1,43,"Hindu","Male","Rural"
15604,25102,6,32,"Hindu","Male","Rural"
15605,39105,0,40,"Hindu","Female","Urban"
15606,4764,3,31,"Hindu","Male","Rural"
15607,12508,6,29,"Hindu","Male","Urban"
15608,56541,4,65,"Hindu","Male","Urban"
15609,48179,4,40,"Hindu","Female","Urban"
15610,22111,0,40,"Hindu","Male","Rural"
15611,21329,11,20,"Christian","Male","Rural"
15612,13207,10,44,"Hindu","Male","Rural"
15613,19632,5,52,"Hindu","Male","Rural"
15614,48378,0,28,"Hindu","Male","Rural"
15615,1916,9,37,"Christian","Female","Rural"
15616,8407,13,31,"Hindu","Female","Rural"
15617,110105,8,50,"Hindu","Male","Urban"
15618,5186,0,38,"Hindu","Male","Rural"
15619,73524,7,50,"Christian","Male","Rural"
15620,18201,0,48,"Hindu","Male","Rural"
15621,159185,15,55,"Hindu","Male","Urban"
15622,496710,6,36,"Hindu","Male","Urban"
15623,15010,15,62,"Hindu","Female","Rural"
15624,360058,6,37,"Muslim","Male","Urban"
15625,53207,9,44,"Hindu","Male","Rural"
15626,134663,2,46,"Hindu","Male","Urban"
15627,30743,4,33,"Hindu","Male","Urban"
15628,933041,10,54,"Muslim","Male","Urban"
15629,575242,15,18,"Hindu","Male","Urban"
15630,14475,14,30,"Hindu","Female","Urban"
15631,30437,6,58,"Hindu","Male","Rural"
15632,41173,10,33,"Hindu","Male","Urban"
15633,27195,6,18,"Buddhist","Male","Rural"
15634,24809,10,29,"Hindu","Female","Rural"
15635,19204,13,32,"Christian","Male","Rural"
15636,24489,7,56,"Hindu","Male","Rural"
15637,8745,3,38,"Hindu","Male","Rural"
15638,19983,7,51,"Hindu","Male","Rural"
15639,7078,8,53,"Hindu","Male","Urban"
15640,22684,11,45,"Hindu","Female","Rural"
15641,80630,11,44,"Hindu","Male","Urban"
15642,35001,12,35,"Hindu","Male","Rural"
15643,2269,9,40,"Hindu","Male","Rural"
15644,34664,0,51,"Hindu","Male","Rural"
15645,44578,8,39,"Hindu","Male","Rural"
15646,52393,0,49,"Sikh","Male","Rural"
15647,45923,15,33,"Hindu","Male","Rural"
15648,28130,0,40,"Hindu","Male","Urban"
15649,84665,6,38,"Hindu","Male","Urban"
15650,2936,7,31,"Hindu","Female","Rural"
15651,97988,15,32,"Hindu","Male","Urban"
15652,3798,0,18,"Hindu","Female","Rural"
15653,8494,10,32,"Muslim","Female","Rural"
15654,4322,5,36,"Christian","Male","Rural"
15655,4148,3,31,"Hindu","Male","Rural"
15656,58990,0,33,"Hindu","Male","Rural"
15657,65228,0,55,"Hindu","Male","Rural"
15658,76496,2,54,"Hindu","Male","Rural"
15659,27328,0,29,"Hindu","Male","Rural"
15660,8411,0,30,"Hindu","Female","Urban"
15661,5903,7,58,"Hindu","Male","Rural"
15662,10763,2,41,"Hindu","Male","Rural"
15663,43209,15,27,"Hindu","Male","Urban"
15664,335179,15,25,"Hindu","Male","Rural"
15665,180573,6,42,"Hindu","Male","Rural"
15666,15496,4,36,"Hindu","Female","Rural"
15667,39184,0,49,"Christian","Female","Rural"
15668,84092,14,45,"Hindu","Female","Urban"
15669,16583,6,52,"Hindu","Male","Urban"
15670,9447,7,33,"Muslim","Male","Urban"
15671,41939,1,33,"Hindu","Female","Rural"
15672,27879,6,56,"Hindu","Female","Urban"
15673,57309,10,19,"Hindu","Male","Urban"
15674,4748,2,32,"Hindu","Male","Rural"
15675,3893,0,43,"Hindu","Male","Rural"
15676,45772,0,42,"Hindu","Male","Rural"
15677,30677,8,45,"Hindu","Male","Urban"
15678,35688,6,18,"Hindu","Male","Rural"
15679,17590,7,40,"Hindu","Male","Rural"
15680,52715,12,55,"Hindu","Male","Rural"
15681,20221,5,59,"Hindu","Male","Rural"
15682,11868,8,52,"Hindu","Female","Rural"
15683,322207,14,33,"Muslim","Male","Urban"
15684,7145,2,27,"Hindu","Male","Rural"
15685,10414,2,53,"Hindu","Female","Rural"
15686,42752,0,34,"Hindu","Male","Rural"
15687,8214,3,42,"Sikh","Male","Rural"
15688,55423,15,19,"Hindu","Male","Urban"
15689,22068,4,41,"Hindu","Female","Rural"
15690,60187,6,52,"Hindu","Male","Rural"
15691,28319,9,29,"Hindu","Female","Rural"
15692,3596,4,31,"Hindu","Female","Rural"
15693,38009,9,31,"Hindu","Male","Rural"
15694,34416,3,35,"Hindu","Male","Rural"
15695,18399,0,27,"Hindu","Female","Rural"
15696,1060,2,18,"Hindu","Male","Rural"
15697,477509,12,47,"Hindu","Male","Rural"
15698,175387,5,32,"Hindu","Male","Rural"
15699,82696,4,61,"Muslim","Male","Rural"
15700,63326,11,31,"Hindu","Male","Rural"
15701,21085,12,22,"Hindu","Male","Rural"
15702,29210,1,29,"Hindu","Male","Rural"
15703,15171,5,31,"Hindu","Male","Rural"
15704,12170,12,29,"Buddhist","Female","Urban"
15705,17212,13,21,"Christian","Male","Rural"
15706,76451,0,32,"Hindu","Female","Rural"
15707,78862,12,26,"Hindu","Female","Rural"
15708,8598,0,21,"Hindu","Male","Rural"
15709,5758,3,42,"Hindu","Male","Rural"
15710,182629,12,33,"Hindu","Male","Rural"
15711,149769,10,38,"Hindu","Male","Urban"
15712,1265,2,32,"Muslim","Female","Rural"
15713,29238,7,36,"Muslim","Male","Urban"
15714,46035,9,51,"Hindu","Female","Rural"
15715,122269,8,44,"Hindu","Male","Rural"
15716,14463,3,18,"Hindu","Female","Rural"
15717,8712,0,32,"Hindu","Male","Urban"
15718,49980,8,21,"Muslim","Male","Urban"
15719,38155,1,33,"Christian","Male","Rural"
15720,71410,8,22,"Hindu","Male","Rural"
15721,4300,5,51,"Hindu","Male","Urban"
15722,96360,10,53,"Hindu","Male","Urban"
15723,323889,11,62,"Hindu","Male","Urban"
15724,16665,15,36,"Hindu","Male","Urban"
15725,9950,2,35,"Hindu","Male","Urban"
15726,45902,2,43,"Hindu","Female","Rural"
15727,5420,13,45,"Hindu","Male","Rural"
15728,26308,2,35,"Muslim","Male","Rural"
15729,39747,6,33,"Hindu","Male","Urban"
15730,37913,13,39,"Hindu","Male","Rural"
15731,6521,4,34,"Hindu","Female","Rural"
15732,15111,7,31,"Hindu","Male","Rural"
15733,68711,5,28,"Hindu","Male","Urban"
15734,19279,0,41,"Hindu","Male","Rural"
15735,4270,7,22,"Hindu","Male","Rural"
15736,1708,3,36,"Hindu","Female","Rural"
15737,32339,6,30,"Hindu","Female","Urban"
15738,163126,3,40,"Hindu","Male","Urban"
15739,33883,0,51,"Hindu","Male","Urban"
15740,16264,10,39,"Hindu","Female","Rural"
15741,7858,0,18,"Sikh","Female","Rural"
15742,6204,15,39,"Muslim","Male","Rural"
15743,40451,15,30,"Hindu","Male","Urban"
15744,6222,0,32,"Hindu","Female","Rural"
15745,21302,15,31,"Hindu","Female","Rural"
15746,4515,6,61,"Hindu","Male","Rural"
15747,32402,12,37,"Hindu","Male","Rural"
15748,24603,5,22,"Hindu","Male","Rural"
15749,11675,9,58,"Hindu","Female","Rural"
15750,16268,3,46,"Christian","Male","Rural"
15751,72827,0,48,"Sikh","Male","Rural"
15752,58222,10,47,"Muslim","Male","Rural"
15753,29461,0,31,"Hindu","Male","Rural"
15754,90252,3,47,"Muslim","Male","Urban"
15755,17609,4,43,"Hindu","Female","Rural"
15756,44632,15,41,"Hindu","Male","Urban"
15757,215418,15,28,"Hindu","Male","Rural"
15758,95466,8,56,"Hindu","Male","Rural"
15759,43263,11,37,"Hindu","Male","Rural"
15760,99680,13,34,"Hindu","Male","Urban"
15761,165464,15,48,"Hindu","Female","Urban"
15762,37472,1,61,"Buddhist","Male","Rural"
15763,28578,14,34,"Hindu","Male","Urban"
15764,70254,9,40,"Hindu","Female","Rural"
15765,7599,12,50,"Hindu","Male","Rural"
15766,9536,0,51,"Hindu","Male","Rural"
15767,27785,0,46,"Hindu","Male","Rural"
15768,139589,0,58,"Hindu","Male","Rural"
15769,64438,0,48,"Hindu","Female","Rural"
15770,36604,10,50,"Hindu","Female","Rural"
15771,17663,10,52,"Hindu","Male","Rural"
15772,52441,12,39,"Hindu","Male","Urban"
15773,34537,3,34,"Sikh","Male","Rural"
15774,60022,0,18,"Hindu","Male","Rural"
15775,44723,7,46,"Hindu","Male","Rural"
15776,34426,6,40,"Hindu","Female","Rural"
15777,12792,7,43,"Hindu","Female","Rural"
15778,59734,0,42,"Hindu","Male","Urban"
15779,61393,0,26,"Hindu","Male","Rural"
15780,54444,5,47,"Hindu","Male","Rural"
15781,18696,5,44,"Hindu","Male","Rural"
15782,67099,6,33,"Hindu","Male","Urban"
15783,24717,1,23,"Muslim","Male","Rural"
15784,1054914,15,60,"Hindu","Male","Urban"
15785,10694,0,34,"Hindu","Female","Urban"
15786,12941,14,31,"Hindu","Male","Rural"
15787,179523,9,26,"Hindu","Male","Urban"
15788,15170,1,20,"Hindu","Male","Urban"
15789,24001,10,23,"Christian","Male","Rural"
15790,6439,2,65,"Hindu","Male","Rural"
15791,65661,0,62,"Hindu","Male","Rural"
15792,13011,1,41,"Hindu","Male","Rural"
15793,55057,15,25,"Hindu","Male","Urban"
15794,67710,5,22,"Hindu","Female","Urban"
15795,327231,15,32,"Muslim","Female","Rural"
15796,18485,0,40,"Hindu","Female","Urban"
15797,16110,0,40,"Hindu","Male","Urban"
15798,16351,0,57,"Hindu","Male","Rural"
15799,3128,0,34,"Hindu","Male","Rural"
15800,11665,15,63,"Hindu","Male","Rural"
15801,214556,12,65,"Hindu","Male","Urban"
15802,66989,2,51,"Hindu","Male","Rural"
15803,78461,15,53,"Hindu","Male","Rural"
15804,20638,9,32,"Hindu","Female","Rural"
15805,1890,1,40,"Hindu","Female","Urban"
15806,49901,0,38,"Muslim","Female","Rural"
15807,56043,12,23,"Hindu","Female","Urban"
15808,13730,0,19,"Hindu","Male","Rural"
15809,3069,3,52,"Hindu","Female","Rural"
15810,160456,0,31,"Hindu","Male","Urban"
15811,17490,2,26,"Muslim","Male","Urban"
15812,88411,13,40,"Hindu","Female","Urban"
15813,5165,10,19,"Hindu","Female","Rural"
15814,14736,7,65,"Hindu","Male","Rural"
15815,54130,8,30,"Hindu","Male","Rural"
15816,3310,0,19,"Hindu","Male","Rural"
15817,177555,9,34,"Hindu","Male","Rural"
15818,15306,10,35,"Hindu","Male","Rural"
15819,19006,6,31,"Hindu","Female","Urban"
15820,46331,2,31,"Hindu","Male","Rural"
15821,17398,2,50,"Hindu","Female","Rural"
15822,83066,0,47,"Hindu","Female","Urban"
15823,13872,4,23,"Muslim","Male","Rural"
15824,5768,0,38,"Hindu","Male","Rural"
15825,34513,0,43,"Hindu","Male","Rural"
15826,73984,0,21,"Hindu","Female","Urban"
15827,15967,0,65,"Sikh","Male","Rural"
15828,2309,0,59,"Hindu","Male","Rural"
15829,6942,2,28,"Hindu","Male","Rural"
15830,83406,15,32,"Hindu","Male","Rural"
15831,9214,0,20,"Hindu","Male","Rural"
15832,19996,14,32,"Hindu","Female","Rural"
15833,29699,11,40,"Hindu","Male","Rural"
15834,13596,0,33,"Hindu","Male","Rural"
15835,62400,7,52,"Muslim","Male","Rural"
15836,113104,2,42,"Hindu","Male","Rural"
15837,5139,5,61,"Hindu","Male","Rural"
15838,7214,0,48,"Hindu","Male","Rural"
15839,50674,0,51,"Muslim","Male","Rural"
15840,7402,7,34,"Hindu","Male","Urban"
15841,8041,0,54,"Hindu","Female","Rural"
15842,66050,5,44,"Hindu","Male","Rural"
15843,18774,4,24,"Hindu","Female","Rural"
15844,126074,0,42,"Hindu","Male","Rural"
15845,13791,0,46,"Hindu","Female","Rural"
15846,47498,9,22,"Hindu","Male","Urban"
15847,9725,0,37,"Hindu","Male","Urban"
15848,46355,15,22,"Hindu","Female","Urban"
15849,20294,0,34,"Hindu","Male","Urban"
15850,27989,15,30,"Hindu","Female","Rural"
15851,56185,6,43,"Hindu","Male","Urban"
15852,75788,15,33,"Hindu","Male","Urban"
15853,652834,10,24,"Hindu","Male","Urban"
15854,6396,7,20,"Hindu","Female","Urban"
15855,54161,7,31,"Hindu","Male","Rural"
15856,251581,2,40,"Hindu","Male","Urban"
15857,17545,14,41,"Hindu","Male","Rural"
15858,31864,7,39,"Hindu","Male","Rural"
15859,7109,12,55,"Hindu","Female","Urban"
15860,50733,7,39,"Hindu","Male","Rural"
15861,20879,3,44,"Hindu","Male","Rural"
15862,6688,2,33,"Hindu","Female","Rural"
15863,16118,0,65,"Hindu","Female","Rural"
15864,15311,8,32,"Hindu","Male","Rural"
15865,19162,7,36,"Hindu","Female","Urban"
15866,15023,6,54,"Hindu","Male","Rural"
15867,36191,7,36,"Hindu","Male","Urban"
15868,77435,9,49,"Hindu","Male","Urban"
15869,13467,5,30,"Hindu","Male","Rural"
15870,97514,7,40,"Hindu","Male","Urban"
15871,15250,0,36,"Hindu","Male","Rural"
15872,14678,3,18,"Hindu","Male","Rural"
15873,37817,13,51,"Hindu","Male","Rural"
15874,18182,9,53,"Hindu","Female","Rural"
15875,30738,9,44,"Muslim","Male","Rural"
15876,19354,6,34,"Hindu","Male","Rural"
15877,926101,0,18,"Hindu","Male","Rural"
15878,5265,6,27,"Hindu","Male","Rural"
15879,16974,8,34,"Hindu","Male","Urban"
15880,15997,0,46,"Muslim","Male","Rural"
15881,10539,13,27,"Hindu","Male","Urban"
15882,258943,3,24,"Hindu","Male","Rural"
15883,15922,0,38,"Hindu","Male","Rural"
15884,63580,6,33,"Hindu","Female","Rural"
15885,103928,11,41,"Hindu","Male","Urban"
15886,49595,7,43,"Hindu","Male","Rural"
15887,27577,7,34,"Sikh","Female","Rural"
15888,58894,2,38,"Christian","Male","Rural"
15889,309906,8,32,"Christian","Male","Rural"
15890,44491,15,43,"Hindu","Male","Rural"
15891,59447,3,31,"Hindu","Male","Rural"
15892,18778,0,42,"Hindu","Male","Rural"
15893,119031,1,28,"Hindu","Male","Rural"
15894,26759,0,25,"Hindu","Male","Rural"
15895,2168,0,18,"Hindu","Female","Rural"
15896,7412,12,51,"Hindu","Male","Rural"
15897,8198,4,39,"Hindu","Male","Rural"
15898,19680,15,38,"Hindu","Female","Urban"
15899,14964,0,45,"Muslim","Female","Rural"
15900,61213,13,45,"Hindu","Male","Urban"
15901,99654,11,42,"Hindu","Male","Urban"
15902,105966,8,52,"Hindu","Male","Rural"
15903,2565,4,40,"Hindu","Female","Rural"
15904,2861,0,36,"Hindu","Female","Rural"
15905,15246,0,40,"Hindu","Male","Rural"
15906,1183,6,19,"Hindu","Male","Rural"
15907,52518,5,35,"Hindu","Male","Urban"
15908,14818,0,37,"Hindu","Male","Rural"
15909,31487,0,60,"Hindu","Male","Rural"
15910,64205,11,47,"Jain","Male","Rural"
15911,1107,2,51,"Hindu","Female","Rural"
15912,14807,3,52,"Hindu","Female","Rural"
15913,61855,12,50,"Hindu","Male","Rural"
15914,16214,9,29,"Hindu","Male","Rural"
15915,135964,11,43,"Hindu","Male","Urban"
15916,5721,4,40,"Hindu","Female","Urban"
15917,16903,8,27,"Hindu","Male","Urban"
15918,13879,0,34,"Hindu","Female","Rural"
15919,8236,0,50,"Muslim","Male","Rural"
15920,8064,10,35,"Sikh","Male","Rural"
15921,15918,0,43,"Hindu","Male","Rural"
15922,6186,0,37,"Hindu","Female","Rural"
15923,18695,3,34,"Hindu","Female","Urban"
15924,13811,0,41,"Hindu","Male","Rural"
15925,74959,10,59,"Hindu","Male","Urban"
15926,264620,9,45,"Hindu","Male","Urban"
15927,35648,1,41,"Hindu","Male","Urban"
15928,46382,11,45,"Hindu","Female","Rural"
15929,148234,0,26,"Hindu","Male","Urban"
15930,27033,12,28,"Buddhist","Male","Rural"
15931,109992,2,54,"Hindu","Male","Urban"
15932,47065,10,38,"Hindu","Male","Urban"
15933,8349,0,34,"Muslim","Male","Rural"
15934,74243,6,52,"Sikh","Male","Urban"
15935,3851,0,49,"Hindu","Male","Rural"
15936,69242,0,22,"Hindu","Male","Rural"
15937,6765,6,30,"Hindu","Female","Rural"
15938,12274,13,19,"Hindu","Male","Rural"
15939,9531,0,36,"Hindu","Male","Rural"
15940,77143,15,21,"Muslim","Male","Urban"
15941,55100,15,23,"Muslim","Male","Urban"
15942,19617,8,30,"Hindu","Female","Rural"
15943,41572,8,18,"Hindu","Male","Urban"
15944,20791,15,40,"Christian","Male","Urban"
15945,18746,0,30,"Hindu","Male","Rural"
15946,16984,5,18,"Muslim","Male","Rural"
15947,62300,15,31,"Hindu","Female","Urban"
15948,241040,14,20,"Hindu","Male","Rural"
15949,19328,9,39,"Hindu","Male","Rural"
15950,89516,15,48,"Hindu","Male","Urban"
15951,109960,7,65,"Hindu","Male","Rural"
15952,120572,13,55,"Hindu","Female","Rural"
15953,35410,1,40,"Hindu","Female","Rural"
15954,51100,5,29,"Hindu","Male","Rural"
15955,45089,0,36,"Hindu","Male","Rural"
15956,13492,4,54,"Hindu","Male","Rural"
15957,11207,0,36,"Hindu","Male","Rural"
15958,10236,4,32,"Hindu","Female","Urban"
15959,10705,5,33,"Hindu","Male","Urban"
15960,28252,0,36,"Muslim","Male","Rural"
15961,11469,0,31,"Hindu","Female","Rural"
15962,15214,4,52,"Hindu","Female","Rural"
15963,26248,1,42,"Hindu","Male","Rural"
15964,68323,7,55,"Christian","Male","Rural"
15965,18715,8,60,"Muslim","Female","Urban"
15966,3754,10,25,"Hindu","Female","Rural"
15967,9265,3,33,"Hindu","Male","Rural"
15968,12104,7,34,"Hindu","Female","Rural"
15969,25102,3,47,"Hindu","Male","Rural"
15970,15185,3,48,"Hindu","Female","Rural"
15971,14638,7,28,"Hindu","Female","Urban"
15972,15772,6,31,"Hindu","Male","Rural"
15973,12311,0,40,"Hindu","Female","Rural"
15974,112751,3,44,"Hindu","Male","Urban"
15975,99648,0,42,"Hindu","Male","Urban"
15976,115606,7,19,"Hindu","Female","Urban"
15977,14824,11,56,"Hindu","Female","Urban"
15978,12148,9,44,"Christian","Female","Rural"
15979,147296,15,55,"Hindu","Female","Rural"
15980,30856,1,49,"Hindu","Male","Rural"
15981,12880,12,26,"Muslim","Female","Rural"
15982,1828,7,33,"Hindu","Female","Rural"
15983,20839,15,43,"Hindu","Male","Rural"
15984,26051,0,49,"Hindu","Male","Urban"
15985,31290,2,53,"Buddhist","Female","Urban"
15986,36556,15,61,"Hindu","Male","Rural"
15987,21049,0,33,"Hindu","Male","Rural"
15988,63312,14,51,"Hindu","Male","Rural"
15989,66730,11,18,"Muslim","Male","Urban"
15990,52738,15,54,"Buddhist","Male","Rural"
15991,145999,4,38,"Hindu","Male","Rural"
15992,3968,2,45,"Hindu","Female","Rural"
15993,16555,10,47,"Hindu","Female","Rural"
15994,20618,0,18,"Hindu","Male","Rural"
15995,100056,15,53,"Hindu","Male","Rural"
15996,3782,1,32,"Hindu","Female","Rural"
15997,10006,6,54,"Hindu","Female","Rural"
15998,4037,0,36,"Hindu","Male","Rural"
15999,32807,5,49,"Muslim","Male","Rural"
16000,50702,0,54,"Hindu","Male","Urban"
16001,11463,0,43,"Hindu","Female","Rural"
16002,7244,8,32,"Hindu","Female","Rural"
16003,6375,5,29,"Hindu","Male","Rural"
16004,17029,4,57,"Hindu","Male","Rural"
16005,19917,15,21,"Hindu","Male","Rural"
16006,111080,0,34,"Hindu","Male","Urban"
16007,101160,15,32,"Muslim","Female","Urban"
16008,21236,4,32,"Hindu","Male","Rural"
16009,6959,3,55,"Hindu","Male","Rural"
16010,134657,15,61,"Hindu","Female","Urban"
16011,10140,13,30,"Muslim","Female","Rural"
16012,52757,7,50,"Hindu","Male","Urban"
16013,24466,0,22,"Hindu","Male","Rural"
16014,113978,14,30,"Hindu","Male","Rural"
16015,1325,0,19,"Hindu","Female","Rural"
16016,46057,15,43,"Hindu","Male","Rural"
16017,32866,11,50,"Hindu","Male","Rural"
16018,88912,2,39,"Hindu","Male","Rural"
16019,106309,15,31,"Muslim","Male","Rural"
16020,153448,6,41,"Muslim","Female","Rural"
16021,650,0,38,"Hindu","Female","Rural"
16022,43664,0,46,"Hindu","Male","Rural"
16023,25614,0,23,"Hindu","Male","Rural"
16024,169944,0,38,"Hindu","Male","Urban"
16025,85847,4,55,"Muslim","Male","Urban"
16026,118475,6,51,"Hindu","Male","Urban"
16027,12949,1,21,"Muslim","Male","Rural"
16028,19924,0,65,"Hindu","Female","Rural"
16029,39815,13,46,"Hindu","Male","Urban"
16030,42052,2,40,"Hindu","Male","Rural"
16031,5316,0,40,"Hindu","Male","Rural"
16032,106909,0,31,"Sikh","Male","Rural"
16033,38665,0,39,"Hindu","Male","Urban"
16034,13994,6,28,"Hindu","Male","Rural"
16035,18876,8,41,"Hindu","Male","Rural"
16036,59317,0,54,"Muslim","Male","Urban"
16037,41130,6,43,"Hindu","Male","Rural"
16038,149759,7,54,"Hindu","Male","Rural"
16039,102113,14,65,"Hindu","Male","Rural"
16040,26148,9,53,"Hindu","Male","Rural"
16041,113491,1,33,"Hindu","Male","Rural"
16042,55515,4,31,"Hindu","Male","Rural"
16043,18597,0,22,"Hindu","Male","Rural"
16044,57966,14,41,"Christian","Male","Urban"
16045,14654,1,22,"Hindu","Male","Urban"
16046,1607,0,54,"Hindu","Male","Rural"
16047,15357,13,33,"Christian","Female","Rural"
16048,257696,6,44,"Hindu","Male","Rural"
16049,17457,5,60,"Hindu","Female","Rural"
16050,52732,11,45,"Hindu","Male","Rural"
16051,40212,5,40,"Hindu","Male","Rural"
16052,134853,0,33,"Hindu","Female","Urban"
16053,12177,7,20,"Hindu","Male","Rural"
16054,11425,8,29,"Muslim","Female","Rural"
16055,338031,3,43,"Sikh","Male","Rural"
16056,1790,6,49,"Hindu","Female","Rural"
16057,85597,0,24,"Hindu","Male","Rural"
16058,8812,6,62,"Hindu","Male","Rural"
16059,24682,0,23,"Hindu","Male","Rural"
16060,676,0,18,"Hindu","Female","Rural"
16061,13903,0,32,"Muslim","Female","Rural"
16062,12767,0,32,"Hindu","Female","Rural"
16063,21194,15,39,"Hindu","Male","Rural"
16064,154424,15,18,"Hindu","Male","Urban"
16065,2327,0,45,"Hindu","Female","Rural"
16066,300008,15,54,"Muslim","Male","Urban"
16067,11744,2,24,"Hindu","Male","Urban"
16068,52155,0,18,"Muslim","Male","Rural"
16069,40323,13,64,"Hindu","Male","Rural"
16070,26642,9,50,"Hindu","Male","Urban"
16071,44720,15,38,"Hindu","Male","Rural"
16072,73848,6,34,"Hindu","Male","Urban"
16073,8855,4,29,"Sikh","Female","Rural"
16074,5722,0,54,"Hindu","Female","Rural"
16075,210095,15,46,"Christian","Male","Urban"
16076,8635,1,18,"Hindu","Male","Urban"
16077,92554,15,45,"Hindu","Male","Rural"
16078,521405,15,44,"Hindu","Male","Rural"
16079,80149,6,29,"Hindu","Male","Urban"
16080,15404,6,47,"Hindu","Male","Urban"
16081,71980,4,48,"Hindu","Male","Rural"
16082,17192,2,18,"Hindu","Male","Urban"
16083,157815,11,27,"Hindu","Male","Urban"
16084,220978,7,45,"Muslim","Male","Urban"
16085,3725,0,30,"Hindu","Female","Rural"
16086,8890,2,59,"Muslim","Female","Rural"
16087,13679,14,39,"Hindu","Male","Rural"
16088,91763,8,50,"Hindu","Female","Urban"
16089,22817,12,36,"Hindu","Male","Urban"
16090,8093,4,24,"Hindu","Male","Rural"
16091,26992,0,47,"Hindu","Female","Rural"
16092,60231,14,31,"Muslim","Male","Rural"
16093,8532,0,20,"Hindu","Female","Rural"
16094,13178,0,44,"Hindu","Female","Rural"
16095,15478,9,37,"Hindu","Male","Urban"
16096,10739,1,51,"Hindu","Male","Rural"
16097,28785,12,41,"Hindu","Male","Rural"
16098,45682,15,40,"Hindu","Female","Urban"
16099,23636,11,35,"Hindu","Male","Rural"
16100,96072,4,51,"Hindu","Female","Rural"
16101,26135,7,47,"Hindu","Male","Rural"
16102,74175,10,35,"Hindu","Male","Rural"
16103,11064,0,36,"Muslim","Male","Rural"
16104,4112,6,29,"Hindu","Male","Rural"
16105,2305,7,48,"Hindu","Female","Rural"
16106,84771,13,35,"Hindu","Male","Rural"
16107,26809,2,27,"Hindu","Male","Rural"
16108,49639,4,35,"Hindu","Male","Urban"
16109,64360,4,57,"Hindu","Male","Rural"
16110,10859,8,60,"Muslim","Female","Rural"
16111,6174,0,46,"Hindu","Male","Rural"
16112,12303,6,31,"Hindu","Male","Rural"
16113,490443,6,45,"Hindu","Male","Urban"
16114,10261,1,35,"Hindu","Male","Rural"
16115,22501,12,59,"Hindu","Male","Rural"
16116,18317,0,47,"Hindu","Male","Rural"
16117,19116,3,24,"Muslim","Male","Rural"
16118,2690,0,56,"Hindu","Female","Urban"
16119,3682,2,34,"Hindu","Female","Rural"
16120,2649,1,33,"Hindu","Male","Rural"
16121,17133,0,47,"Hindu","Male","Rural"
16122,15418,0,36,"Hindu","Male","Rural"
16123,34616,1,20,"Hindu","Male","Rural"
16124,49720,15,35,"Hindu","Female","Rural"
16125,140286,5,44,"Hindu","Male","Urban"
16126,55997,11,21,"Hindu","Male","Rural"
16127,50994,15,18,"Hindu","Male","Urban"
16128,18498,15,32,"Hindu","Male","Urban"
16129,1845,0,49,"Hindu","Female","Rural"
16130,3466,3,18,"Hindu","Female","Rural"
16131,31611,0,42,"Hindu","Male","Rural"
16132,12960,0,34,"Hindu","Male","Urban"
16133,11658,0,18,"Hindu","Male","Rural"
16134,15045,0,27,"Hindu","Female","Rural"
16135,1996,0,42,"Muslim","Female","Rural"
16136,80176,8,39,"Hindu","Female","Urban"
16137,9488,0,38,"Hindu","Male","Rural"
16138,23658,4,50,"Hindu","Male","Rural"
16139,19825,15,31,"Hindu","Female","Urban"
16140,86193,15,23,"Hindu","Male","Urban"
16141,24059,8,57,"Sikh","Female","Rural"
16142,11064,15,58,"Hindu","Female","Urban"
16143,28298,11,54,"Hindu","Female","Rural"
16144,29217,12,50,"Hindu","Female","Urban"
16145,8501,1,46,"Hindu","Male","Rural"
16146,65951,5,48,"Muslim","Female","Urban"
16147,20837,0,41,"Hindu","Female","Rural"
16148,15514,0,30,"Hindu","Male","Urban"
16149,46910,1,45,"Hindu","Male","Urban"
16150,63094,11,51,"Christian","Male","Rural"
16151,1405,0,50,"Hindu","Male","Rural"
16152,3743,0,34,"Hindu","Female","Rural"
16153,14306,9,18,"Hindu","Male","Rural"
16154,40783,5,34,"Hindu","Male","Rural"
16155,111918,13,53,"Hindu","Male","Rural"
16156,13334,14,18,"Muslim","Female","Rural"
16157,208326,15,41,"Hindu","Female","Urban"
16158,11908,3,49,"Hindu","Male","Rural"
16159,173102,9,42,"Hindu","Male","Rural"
16160,4860,10,49,"Hindu","Male","Rural"
16161,62677,10,43,"Hindu","Male","Urban"
16162,6719,0,38,"Hindu","Female","Rural"
16163,11873,8,38,"Hindu","Female","Rural"
16164,91614,2,55,"Hindu","Male","Rural"
16165,18812,8,28,"Hindu","Female","Rural"
16166,15138,6,51,"Hindu","Female","Rural"
16167,6608,0,46,"Hindu","Male","Rural"
16168,4017,2,35,"Hindu","Female","Rural"
16169,2176,0,24,"Hindu","Female","Rural"
16170,4469,0,18,"Muslim","Female","Rural"
16171,8663,0,47,"Christian","Male","Rural"
16172,21009,7,33,"Hindu","Male","Rural"
16173,57302,1,53,"Hindu","Male","Rural"
16174,11735,9,22,"Hindu","Female","Rural"
16175,2897,1,43,"Hindu","Female","Rural"
16176,7715,0,50,"Muslim","Female","Rural"
16177,30850,0,24,"Hindu","Male","Rural"
16178,29932,3,25,"Hindu","Male","Urban"
16179,12294,7,48,"Muslim","Female","Rural"
16180,9038,0,42,"Hindu","Male","Rural"
16181,4751,8,42,"Hindu","Female","Rural"
16182,23972,5,34,"Muslim","Male","Rural"
16183,8585,1,18,"Hindu","Male","Rural"
16184,22348,6,57,"Hindu","Male","Urban"
16185,11104,3,36,"Muslim","Male","Urban"
16186,28111,3,25,"Hindu","Male","Rural"
16187,183243,13,30,"Hindu","Male","Urban"
16188,49017,15,25,"Hindu","Male","Rural"
16189,3911,6,35,"Hindu","Male","Rural"
16190,10041,1,48,"Muslim","Male","Rural"
16191,5148,0,47,"Hindu","Male","Rural"
16192,73875,4,24,"Hindu","Male","Urban"
16193,78151,4,52,"Hindu","Male","Rural"
16194,46053,4,45,"Hindu","Male","Urban"
16195,6498,3,32,"Hindu","Female","Rural"
16196,49970,12,21,"Muslim","Male","Urban"
16197,5779,4,30,"Hindu","Female","Rural"
16198,56424,15,57,"Hindu","Male","Rural"
16199,6056,0,37,"Hindu","Female","Rural"
16200,13522,10,39,"Sikh","Male","Rural"
16201,35735,8,25,"Hindu","Male","Urban"
16202,4952,3,47,"Hindu","Female","Rural"
16203,96715,15,24,"Hindu","Female","Urban"
16204,6045,0,33,"Muslim","Female","Rural"
16205,8313,4,50,"Hindu","Female","Rural"
16206,3680,0,43,"Muslim","Female","Rural"
16207,4031,0,22,"Hindu","Female","Rural"
16208,86752,2,33,"Hindu","Male","Urban"
16209,67221,6,18,"Muslim","Male","Urban"
16210,4012,1,35,"Hindu","Male","Rural"
16211,3390,0,43,"Hindu","Male","Rural"
16212,3291,0,49,"Hindu","Female","Rural"
16213,31681,6,32,"Hindu","Female","Rural"
16214,67613,0,57,"Hindu","Male","Rural"
16215,3685,1,20,"Hindu","Male","Rural"
16216,28738,3,39,"Muslim","Male","Rural"
16217,4067,12,42,"Hindu","Male","Rural"
16218,346105,5,31,"Muslim","Male","Urban"
16219,11292,0,57,"Hindu","Male","Rural"
16220,39493,10,39,"Hindu","Male","Rural"
16221,20101,4,18,"Hindu","Female","Rural"
16222,49289,11,41,"Hindu","Male","Urban"
16223,106218,5,54,"Muslim","Male","Rural"
16224,16572,0,39,"Hindu","Female","Rural"
16225,6568,4,18,"Hindu","Female","Rural"
16226,5442,6,18,"Hindu","Male","Urban"
16227,37372,9,61,"Hindu","Male","Urban"
16228,28656,3,38,"Hindu","Male","Rural"
16229,23194,11,46,"Hindu","Male","Rural"
16230,181717,13,43,"Hindu","Male","Rural"
16231,11125,0,58,"Hindu","Female","Rural"
16232,6351,0,46,"Hindu","Male","Rural"
16233,14414,11,38,"Hindu","Male","Rural"
16234,48060,0,18,"Hindu","Male","Rural"
16235,27659,2,18,"Hindu","Male","Rural"
16236,40748,7,43,"Hindu","Male","Rural"
16237,12480,0,47,"Hindu","Male","Urban"
16238,47074,6,52,"Hindu","Male","Rural"
16239,1571,0,18,"Hindu","Female","Rural"
16240,27715,6,48,"Hindu","Male","Urban"
16241,10245,5,47,"Hindu","Female","Rural"
16242,5834,10,39,"Muslim","Female","Rural"
16243,15774,9,18,"Hindu","Female","Urban"
16244,7261,0,37,"Sikh","Male","Rural"
16245,84373,15,46,"Hindu","Male","Urban"
16246,8505,0,18,"Hindu","Male","Rural"
16247,4943,2,41,"Hindu","Male","Rural"
16248,26135,11,34,"Hindu","Male","Rural"
16249,37308,7,34,"Muslim","Male","Urban"
16250,22572,0,18,"Hindu","Male","Rural"
16251,101803,6,42,"Buddhist","Male","Urban"
16252,37899,1,48,"Hindu","Female","Rural"
16253,7492,5,29,"Hindu","Male","Rural"
16254,8225,0,38,"Hindu","Female","Rural"
16255,5927,4,47,"Hindu","Male","Urban"
16256,4111,0,20,"Hindu","Female","Rural"
16257,101377,15,28,"Muslim","Male","Rural"
16258,135800,4,38,"Hindu","Male","Rural"
16259,10884,9,51,"Hindu","Male","Rural"
16260,7292,7,45,"Hindu","Male","Rural"
16261,8108,14,63,"Hindu","Female","Rural"
16262,29430,2,39,"Muslim","Male","Urban"
16263,151291,10,45,"Muslim","Male","Rural"
16264,24539,10,32,"Hindu","Male","Rural"
16265,208639,0,64,"Hindu","Male","Rural"
16266,16124,3,47,"Hindu","Male","Rural"
16267,5576,0,39,"Muslim","Female","Rural"
16268,2455,10,40,"Hindu","Female","Rural"
16269,33005,6,47,"Hindu","Male","Rural"
16270,3147,0,18,"Hindu","Male","Rural"
16271,163630,12,30,"Hindu","Male","Rural"
16272,26385,4,58,"Hindu","Male","Rural"
16273,16381,2,55,"Hindu","Male","Rural"
16274,26177,6,64,"Hindu","Male","Rural"
16275,137999,8,47,"Christian","Male","Rural"
16276,17482,12,20,"Hindu","Female","Rural"
16277,21988,5,34,"Muslim","Male","Rural"
16278,83558,7,49,"Hindu","Male","Rural"
16279,47362,12,62,"Sikh","Male","Urban"
16280,12327,6,36,"Hindu","Male","Rural"
16281,35924,3,40,"Hindu","Female","Urban"
16282,6284,15,45,"Hindu","Male","Urban"
16283,4445,5,50,"Hindu","Male","Rural"
16284,6113,0,54,"Hindu","Male","Rural"
16285,4528,0,22,"Muslim","Female","Rural"
16286,9207,2,46,"Muslim","Male","Rural"
16287,17643,2,42,"Hindu","Female","Rural"
16288,6399,4,18,"Christian","Male","Rural"
16289,3607,4,21,"Hindu","Female","Rural"
16290,23175,0,24,"Hindu","Male","Rural"
16291,20846,15,42,"Hindu","Male","Rural"
16292,8391,9,21,"Hindu","Male","Urban"
16293,12298,4,27,"Hindu","Male","Rural"
16294,126622,14,31,"Hindu","Male","Rural"
16295,44600,0,49,"Muslim","Female","Rural"
16296,6813,1,58,"Hindu","Female","Rural"
16297,10928,0,31,"Hindu","Male","Rural"
16298,163553,15,55,"Muslim","Male","Urban"
16299,20047,0,29,"Muslim","Female","Rural"
16300,165973,11,49,"Hindu","Male","Urban"
16301,87187,8,19,"Sikh","Female","Rural"
16302,37358,12,42,"Hindu","Male","Rural"
16303,31649,8,24,"Hindu","Female","Rural"
16304,20435,11,31,"Hindu","Female","Rural"
16305,27563,4,47,"Hindu","Male","Rural"
16306,152119,0,37,"Hindu","Male","Urban"
16307,15376,0,18,"Hindu","Male","Urban"
16308,10842,0,35,"Hindu","Male","Rural"
16309,86183,13,43,"Hindu","Male","Rural"
16310,2182,0,27,"Hindu","Female","Rural"
16311,32322,10,26,"Hindu","Female","Rural"
16312,27351,10,31,"Hindu","Male","Urban"
16313,213747,14,60,"Hindu","Male","Urban"
16314,47254,7,26,"Hindu","Male","Urban"
16315,29883,8,44,"Hindu","Male","Rural"
16316,72234,0,24,"Hindu","Male","Urban"
16317,5630,0,26,"Hindu","Male","Rural"
16318,4764,1,39,"Muslim","Female","Rural"
16319,28426,10,38,"Hindu","Male","Rural"
16320,8730,10,26,"Hindu","Female","Rural"
16321,46877,13,52,"Hindu","Male","Rural"
16322,2591,6,18,"Muslim","Female","Rural"
16323,408147,12,51,"Christian","Male","Urban"
16324,48896,10,51,"Hindu","Male","Rural"
16325,23144,0,41,"Hindu","Male","Rural"
16326,35318,6,23,"Hindu","Male","Urban"
16327,9674,2,27,"Muslim","Male","Rural"
16328,3619,5,35,"Hindu","Male","Rural"
16329,165602,8,39,"Christian","Male","Rural"
16330,7803,0,39,"Muslim","Male","Rural"
16331,29423,7,53,"Hindu","Male","Urban"
16332,15257,14,43,"Hindu","Male","Rural"
16333,2119,0,25,"Hindu","Female","Rural"
16334,69187,8,35,"Hindu","Male","Urban"
16335,63261,4,55,"Hindu","Male","Urban"
16336,9346,0,50,"Hindu","Male","Rural"
16337,135786,15,52,"Hindu","Male","Urban"
16338,39429,13,48,"Muslim","Female","Urban"
16339,91329,1,46,"Muslim","Male","Urban"
16340,119969,8,30,"Hindu","Male","Rural"
16341,11008,2,40,"Hindu","Male","Rural"
16342,12062,0,61,"Hindu","Female","Rural"
16343,19368,0,30,"Hindu","Male","Rural"
16344,200179,12,27,"Hindu","Male","Urban"
16345,15839,7,36,"Hindu","Female","Rural"
16346,15833,0,38,"Hindu","Male","Rural"
16347,25967,2,37,"Christian","Female","Urban"
16348,18524,0,31,"Hindu","Male","Rural"
16349,16787,0,34,"Hindu","Male","Rural"
16350,5947,6,42,"Hindu","Female","Rural"
16351,35122,4,61,"Hindu","Female","Rural"
16352,53939,5,32,"Hindu","Male","Rural"
16353,227229,0,50,"Hindu","Female","Rural"
16354,49969,14,38,"Hindu","Male","Rural"
16355,12663,6,58,"Hindu","Female","Urban"
16356,369716,7,44,"Hindu","Male","Urban"
16357,37457,0,24,"Hindu","Male","Rural"
16358,10740,4,47,"Muslim","Female","Urban"
16359,35166,2,30,"Hindu","Male","Rural"
16360,21111,0,37,"Hindu","Male","Rural"
16361,82254,9,49,"Hindu","Male","Urban"
16362,62391,8,59,"Hindu","Male","Rural"
16363,24392,5,21,"Christian","Male","Rural"
16364,74049,0,40,"Christian","Male","Rural"
16365,227646,7,50,"Hindu","Male","Urban"
16366,64868,15,39,"Hindu","Male","Rural"
16367,30377,9,28,"Christian","Female","Urban"
16368,54818,10,23,"Hindu","Male","Rural"
16369,1273,0,24,"Hindu","Male","Rural"
16370,18555,0,47,"Hindu","Male","Rural"
16371,25677,15,42,"Hindu","Female","Urban"
16372,42688,12,42,"Hindu","Female","Rural"
16373,18376,1,32,"Hindu","Male","Urban"
16374,14420,3,52,"Hindu","Male","Rural"
16375,188280,8,27,"Muslim","Male","Rural"
16376,19813,6,46,"Hindu","Male","Rural"
16377,66263,9,39,"Hindu","Male","Rural"
16378,39276,13,30,"Hindu","Male","Rural"
16379,14914,1,25,"Hindu","Male","Urban"
16380,80672,12,47,"Hindu","Female","Urban"
16381,50192,7,18,"Muslim","Male","Rural"
16382,8719,0,41,"Hindu","Male","Rural"
16383,19092,0,39,"Muslim","Male","Rural"
16384,12011,9,41,"Hindu","Male","Rural"
16385,122779,12,47,"Hindu","Male","Urban"
16386,98322,8,49,"Hindu","Male","Rural"
16387,8068,7,45,"Hindu","Male","Rural"
16388,77064,10,59,"Hindu","Female","Rural"
16389,34021,9,37,"Hindu","Male","Rural"
16390,34310,0,31,"Hindu","Male","Urban"
16391,111634,13,42,"Sikh","Female","Rural"
16392,46107,5,53,"Hindu","Male","Rural"
16393,14526,0,38,"Hindu","Male","Rural"
16394,19564,6,41,"Hindu","Male","Rural"
16395,91664,6,34,"Christian","Male","Urban"
16396,22300,10,34,"Hindu","Female","Rural"
16397,82073,15,32,"Hindu","Male","Rural"
16398,1129,0,29,"Hindu","Male","Rural"
16399,4002,8,20,"Hindu","Male","Rural"
16400,44378,15,45,"Hindu","Male","Urban"
16401,41394,15,32,"Hindu","Male","Rural"
16402,17710,0,48,"Muslim","Male","Rural"
16403,7146,0,26,"Hindu","Male","Rural"
16404,13777,0,47,"Hindu","Male","Rural"
16405,3965,3,35,"Hindu","Female","Rural"
16406,39206,14,44,"Hindu","Male","Rural"
16407,66437,2,25,"Muslim","Male","Rural"
16408,6672,0,37,"Hindu","Male","Rural"
16409,5303,8,34,"Hindu","Female","Rural"
16410,258909,14,48,"Hindu","Male","Urban"
16411,400807,5,31,"Hindu","Male","Urban"
16412,109732,9,27,"Hindu","Male","Rural"
16413,74334,10,34,"Hindu","Male","Rural"
16414,10432,0,40,"Muslim","Male","Rural"
16415,32752,9,38,"Muslim","Male","Urban"
16416,7406,3,45,"Christian","Female","Rural"
16417,85490,15,31,"Hindu","Male","Rural"
16418,18549,3,31,"Muslim","Male","Rural"
16419,46943,5,46,"Sikh","Male","Rural"
16420,9471,0,34,"Hindu","Male","Urban"
16421,55537,15,41,"Hindu","Male","Urban"
16422,9424,6,35,"Muslim","Female","Rural"
16423,22292,6,43,"Muslim","Male","Rural"
16424,18478,0,59,"Christian","Female","Rural"
16425,22384,0,31,"Hindu","Male","Rural"
16426,246078,10,40,"Hindu","Male","Rural"
16427,2583,8,18,"Hindu","Female","Rural"
16428,14561,15,49,"Hindu","Female","Urban"
16429,132063,0,49,"Hindu","Male","Rural"
16430,9277,0,40,"Hindu","Male","Rural"
16431,135608,6,48,"Muslim","Male","Rural"
16432,39652,10,48,"Hindu","Male","Rural"
16433,11610,11,49,"Hindu","Male","Rural"
16434,6473,7,38,"Hindu","Female","Rural"
16435,62806,7,31,"Hindu","Male","Rural"
16436,51738,10,18,"Hindu","Female","Rural"
16437,8936,0,42,"Hindu","Male","Rural"
16438,20628,8,31,"Hindu","Male","Rural"
16439,72641,3,40,"Hindu","Male","Rural"
16440,47862,13,29,"Hindu","Male","Rural"
16441,12903,6,33,"Muslim","Male","Rural"
16442,5695,0,39,"Muslim","Male","Rural"
16443,11589,1,36,"Hindu","Male","Rural"
16444,24295,8,49,"Hindu","Female","Urban"
16445,22868,13,18,"Hindu","Female","Urban"
16446,8025,3,48,"Hindu","Female","Rural"
16447,463604,13,40,"Hindu","Male","Rural"
16448,42335,9,27,"Hindu","Female","Urban"
16449,13678,6,44,"Hindu","Male","Rural"
16450,15947,6,23,"Hindu","Male","Rural"
16451,23433,1,43,"Hindu","Male","Rural"
16452,28085,0,28,"Hindu","Male","Rural"
16453,10130,9,26,"Hindu","Male","Rural"
16454,105035,0,34,"Sikh","Male","Urban"
16455,10036,0,36,"Hindu","Female","Rural"
16456,25215,2,31,"Hindu","Male","Rural"
16457,16898,4,31,"Hindu","Female","Rural"
16458,6681,0,28,"Hindu","Male","Rural"
16459,109734,11,40,"Hindu","Male","Urban"
16460,21004,13,37,"Hindu","Male","Urban"
16461,9414,7,43,"Hindu","Male","Rural"
16462,12803,6,23,"Hindu","Male","Rural"
16463,1573,0,28,"Hindu","Female","Rural"
16464,52387,15,34,"Sikh","Male","Rural"
16465,6995,8,47,"Hindu","Male","Urban"
16466,13980,7,18,"Hindu","Female","Rural"
16467,13867,2,40,"Hindu","Female","Rural"
16468,10616,0,41,"Hindu","Male","Urban"
16469,6654,3,36,"Hindu","Male","Rural"
16470,3751,0,29,"Hindu","Male","Rural"
16471,18300,0,35,"Hindu","Female","Rural"
16472,93947,15,43,"Hindu","Male","Urban"
16473,68531,4,46,"Hindu","Male","Rural"
16474,12906,12,47,"Hindu","Female","Urban"
16475,133476,11,18,"Hindu","Male","Rural"
16476,8554,8,27,"Hindu","Female","Rural"
16477,116779,10,58,"Hindu","Male","Urban"
16478,348364,15,53,"Hindu","Male","Rural"
16479,26775,0,26,"Muslim","Male","Rural"
16480,15786,6,39,"Hindu","Male","Rural"
16481,33983,8,53,"Hindu","Male","Rural"
16482,21139,8,32,"Hindu","Male","Urban"
16483,18552,3,46,"Muslim","Female","Rural"
16484,85474,2,18,"Sikh","Male","Urban"
16485,40735,15,38,"Hindu","Female","Rural"
16486,21607,0,60,"Muslim","Male","Rural"
16487,17159,3,18,"Hindu","Male","Rural"
16488,88795,15,49,"Hindu","Male","Urban"
16489,9487,3,28,"Hindu","Female","Rural"
16490,34132,12,37,"Hindu","Male","Rural"
16491,17895,6,18,"Muslim","Male","Rural"
16492,15517,10,35,"Hindu","Male","Rural"
16493,134007,0,56,"Hindu","Male","Urban"
16494,82592,10,51,"Muslim","Male","Urban"
16495,58824,15,19,"Hindu","Female","Rural"
16496,19507,15,48,"Hindu","Female","Rural"
16497,21411,1,34,"Hindu","Male","Rural"
16498,3207,1,18,"Hindu","Male","Rural"
16499,10415,4,36,"Hindu","Male","Rural"
16500,33339,15,41,"Hindu","Male","Rural"
16501,169559,8,37,"Hindu","Male","Urban"
16502,96825,11,33,"Hindu","Male","Urban"
16503,33263,0,34,"Hindu","Female","Rural"
16504,16577,2,38,"Muslim","Male","Urban"
16505,5290,3,30,"Hindu","Female","Rural"
16506,42883,2,39,"Hindu","Male","Urban"
16507,259622,3,46,"Hindu","Male","Rural"
16508,33715,9,23,"Hindu","Female","Rural"
16509,5110,12,38,"Hindu","Female","Rural"
16510,10156,0,31,"Hindu","Male","Urban"
16511,7424,6,32,"Muslim","Female","Rural"
16512,20291,10,22,"Christian","Female","Urban"
16513,5897,0,41,"Hindu","Female","Rural"
16514,9571,4,25,"Hindu","Female","Rural"
16515,21413,3,53,"Hindu","Male","Rural"
16516,33882,4,47,"Hindu","Female","Rural"
16517,163129,3,36,"Hindu","Female","Rural"
16518,13820,0,44,"Hindu","Male","Rural"
16519,27501,11,27,"Hindu","Male","Rural"
16520,16634,0,33,"Hindu","Male","Rural"
16521,108828,12,39,"Hindu","Female","Rural"
16522,10646,2,35,"Hindu","Male","Rural"
16523,7991,0,18,"Hindu","Female","Rural"
16524,76772,2,18,"Hindu","Male","Rural"
16525,12299,4,18,"Hindu","Female","Rural"
16526,58900,1,18,"Hindu","Male","Rural"
16527,25919,7,45,"Hindu","Male","Rural"
16528,62690,15,39,"Christian","Female","Rural"
16529,18363,4,44,"Hindu","Male","Rural"
16530,42678,0,31,"Muslim","Male","Rural"
16531,2796,5,33,"Hindu","Male","Rural"
16532,46391,12,32,"Hindu","Male","Rural"
16533,39896,3,38,"Christian","Male","Rural"
16534,4436,11,55,"Hindu","Male","Rural"
16535,30649,2,42,"Hindu","Male","Urban"
16536,55532,4,39,"Hindu","Male","Urban"
16537,6553,0,54,"Hindu","Female","Rural"
16538,27239,1,44,"Hindu","Male","Rural"
16539,24612,13,40,"Muslim","Male","Urban"
16540,17202,2,42,"Hindu","Female","Urban"
16541,172272,7,43,"Hindu","Male","Urban"
16542,25749,5,36,"Hindu","Male","Urban"
16543,245862,6,41,"Hindu","Male","Rural"
16544,5902,7,31,"Hindu","Female","Rural"
16545,30288,0,37,"Hindu","Male","Rural"
16546,5464,3,30,"Hindu","Male","Rural"
16547,707464,11,47,"Muslim","Male","Rural"
16548,24718,7,37,"Hindu","Female","Rural"
16549,25035,3,43,"Hindu","Male","Rural"
16550,61652,9,45,"Hindu","Male","Rural"
16551,58892,0,44,"Hindu","Male","Rural"
16552,27393,10,24,"Hindu","Female","Rural"
16553,14128,11,37,"Hindu","Male","Rural"
16554,2896,5,18,"Hindu","Female","Rural"
16555,16578,1,37,"Muslim","Male","Rural"
16556,7016,0,21,"Hindu","Female","Rural"
16557,10584,0,30,"Hindu","Male","Urban"
16558,11701,7,37,"Hindu","Female","Rural"
16559,14785,4,33,"Hindu","Male","Urban"
16560,123591,1,29,"Hindu","Male","Urban"
16561,14049,0,49,"Hindu","Male","Rural"
16562,44290,6,31,"Hindu","Male","Rural"
16563,8578,0,37,"Hindu","Male","Rural"
16564,33226,10,28,"Hindu","Female","Rural"
16565,5532,0,36,"Hindu","Female","Rural"
16566,4846,3,37,"Hindu","Female","Rural"
16567,9685,8,44,"Hindu","Male","Rural"
16568,41227,0,31,"Hindu","Male","Rural"
16569,193141,12,45,"Hindu","Female","Urban"
16570,14706,0,23,"Muslim","Female","Urban"
16571,65560,15,52,"Hindu","Male","Rural"
16572,10006,6,37,"Hindu","Female","Rural"
16573,59787,4,35,"Hindu","Male","Urban"
16574,20625,11,39,"Hindu","Male","Rural"
16575,24554,6,27,"Muslim","Male","Rural"
16576,357461,10,51,"Hindu","Male","Urban"
16577,4326,7,20,"Hindu","Male","Rural"
16578,31782,15,46,"Christian","Female","Rural"
16579,66098,10,37,"Hindu","Male","Urban"
16580,29403,2,42,"Hindu","Male","Rural"
16581,66551,11,47,"Christian","Male","Urban"
16582,3391,5,39,"Sikh","Male","Rural"
16583,30813,0,28,"Hindu","Male","Urban"
16584,9737,5,40,"Muslim","Female","Rural"
16585,2588,0,38,"Hindu","Male","Rural"
16586,22279,15,37,"Hindu","Male","Urban"
16587,7712,0,35,"Hindu","Female","Rural"
16588,116098,15,32,"Hindu","Male","Urban"
16589,14568,2,38,"Hindu","Female","Rural"
16590,6349,2,21,"Hindu","Male","Urban"
16591,42970,2,31,"Hindu","Male","Rural"
16592,8046,5,43,"Hindu","Male","Rural"
16593,6006,2,32,"Hindu","Female","Rural"
16594,49691,1,65,"Muslim","Male","Rural"
16595,29302,7,39,"Hindu","Male","Urban"
16596,29341,15,41,"Hindu","Female","Urban"
16597,5888,0,52,"Hindu","Female","Rural"
16598,8814,4,27,"Hindu","Male","Rural"
16599,22857,1,25,"Muslim","Male","Rural"
16600,2632,0,47,"Hindu","Male","Rural"
16601,33841,0,18,"Muslim","Male","Rural"
16602,5746,7,27,"Muslim","Male","Rural"
16603,21501,0,45,"Hindu","Male","Rural"
16604,42428,15,58,"Hindu","Male","Urban"
16605,2662,11,31,"Hindu","Female","Rural"
16606,20501,4,56,"Hindu","Male","Rural"
16607,45883,15,39,"Hindu","Male","Urban"
16608,11820,1,55,"Hindu","Male","Rural"
16609,69578,0,38,"Hindu","Male","Rural"
16610,20461,10,28,"Hindu","Male","Rural"
16611,42512,1,38,"Hindu","Male","Rural"
16612,65454,9,51,"Hindu","Male","Rural"
16613,148039,0,22,"Hindu","Male","Rural"
16614,1218,2,21,"Hindu","Female","Rural"
16615,39453,15,25,"Hindu","Female","Rural"
16616,57379,15,39,"Hindu","Female","Rural"
16617,71372,15,42,"Muslim","Male","Rural"
16618,115005,7,18,"Hindu","Male","Urban"
16619,42294,5,47,"Muslim","Male","Rural"
16620,142904,13,50,"Sikh","Male","Rural"
16621,16599,6,31,"Hindu","Male","Rural"
16622,28786,11,57,"Hindu","Male","Urban"
16623,32759,0,41,"Muslim","Female","Rural"
16624,165025,15,56,"Hindu","Male","Urban"
16625,10666,10,31,"Hindu","Male","Rural"
16626,6609,7,52,"Hindu","Male","Rural"
16627,38052,14,46,"Hindu","Female","Rural"
16628,46089,10,35,"Hindu","Male","Urban"
16629,15785,0,47,"Hindu","Male","Rural"
16630,22743,3,43,"Hindu","Male","Rural"
16631,11999,7,24,"Hindu","Male","Rural"
16632,11333,8,33,"Christian","Male","Rural"
16633,67099,13,44,"Hindu","Male","Rural"
16634,119459,14,33,"Hindu","Male","Urban"
16635,118908,5,45,"Hindu","Male","Rural"
16636,15286,3,38,"Hindu","Female","Rural"
16637,25548,0,36,"Hindu","Male","Urban"
16638,17432,15,27,"Hindu","Male","Rural"
16639,8985,13,41,"Hindu","Female","Rural"
16640,12462,0,49,"Hindu","Male","Urban"
16641,16165,8,65,"Hindu","Male","Urban"
16642,43989,11,54,"Hindu","Male","Rural"
16643,76074,8,51,"Hindu","Male","Urban"
16644,35463,9,39,"Hindu","Male","Rural"
16645,112834,4,54,"Hindu","Male","Urban"
16646,1302,0,44,"Hindu","Female","Rural"
16647,41510,8,45,"Hindu","Female","Urban"
16648,59033,0,37,"Hindu","Male","Rural"
16649,16646,0,52,"Hindu","Female","Rural"
16650,26697,12,40,"Hindu","Female","Rural"
16651,36238,9,63,"Hindu","Male","Urban"
16652,9392,15,56,"Hindu","Female","Rural"
16653,10935,2,47,"Hindu","Male","Rural"
16654,509978,13,32,"Hindu","Male","Rural"
16655,6761,9,39,"Hindu","Male","Rural"
16656,13998,3,39,"Muslim","Female","Rural"
16657,14787,0,48,"Hindu","Male","Rural"
16658,258652,11,44,"Hindu","Male","Urban"
16659,101355,15,23,"Hindu","Male","Urban"
16660,12524,11,34,"Hindu","Female","Rural"
16661,32645,9,35,"Hindu","Female","Rural"
16662,10627,0,33,"Muslim","Female","Rural"
16663,63040,3,27,"Hindu","Male","Rural"
16664,47340,9,37,"Hindu","Male","Rural"
16665,18605,15,47,"Hindu","Female","Rural"
16666,121099,7,30,"Hindu","Male","Rural"
16667,52310,8,55,"Hindu","Male","Urban"
16668,20076,13,20,"Hindu","Female","Urban"
16669,15724,7,41,"Hindu","Female","Rural"
16670,16072,7,65,"Hindu","Male","Rural"
16671,41582,11,54,"Hindu","Male","Rural"
16672,480481,10,18,"Christian","Male","Urban"
16673,3661,2,36,"Hindu","Male","Rural"
16674,60246,11,28,"Hindu","Male","Rural"
16675,31793,10,42,"Hindu","Male","Rural"
16676,4646,6,53,"Hindu","Female","Rural"
16677,6011,0,56,"Hindu","Male","Rural"
16678,3573,1,47,"Hindu","Female","Rural"
16679,2656,5,35,"Hindu","Male","Rural"
16680,4289,7,36,"Hindu","Female","Rural"
16681,59828,7,56,"Hindu","Male","Urban"
16682,29604,0,44,"Hindu","Male","Urban"
16683,32756,0,44,"Hindu","Male","Rural"
16684,34068,5,46,"Hindu","Male","Rural"
16685,127671,12,27,"Hindu","Male","Rural"
16686,13814,6,32,"Hindu","Male","Rural"
16687,8836,0,45,"Hindu","Female","Urban"
16688,7513,0,25,"Hindu","Male","Rural"
16689,6388,9,44,"Hindu","Male","Urban"
16690,8692,8,18,"Hindu","Male","Rural"
16691,30426,0,18,"Hindu","Male","Rural"
16692,50578,8,55,"Christian","Male","Urban"
16693,14932,3,43,"Hindu","Male","Rural"
16694,28144,0,37,"Hindu","Male","Rural"
16695,93750,8,32,"Muslim","Male","Rural"
16696,10991,9,44,"Hindu","Male","Rural"
16697,28485,0,36,"Hindu","Male","Rural"
16698,147085,11,30,"Hindu","Male","Rural"
16699,9503,5,47,"Hindu","Female","Urban"
16700,29981,5,54,"Hindu","Male","Rural"
16701,619992,15,53,"Hindu","Male","Rural"
16702,5767,0,22,"Muslim","Male","Rural"
16703,26684,11,29,"Hindu","Female","Rural"
16704,20264,0,18,"Hindu","Female","Urban"
16705,72552,7,55,"Hindu","Male","Rural"
16706,3200,12,39,"Hindu","Male","Urban"
16707,458927,0,50,"Hindu","Male","Urban"
16708,141352,11,42,"Hindu","Male","Urban"
16709,9356,0,45,"Hindu","Female","Rural"
16710,4045,0,32,"Hindu","Male","Rural"
16711,80824,9,19,"Hindu","Male","Urban"
16712,21564,2,31,"Muslim","Male","Rural"
16713,42457,1,51,"Hindu","Female","Rural"
16714,63351,7,30,"Hindu","Male","Rural"
16715,3815,5,32,"Hindu","Male","Rural"
16716,59615,0,43,"Hindu","Male","Rural"
16717,73953,7,44,"Hindu","Male","Rural"
16718,19660,9,33,"Hindu","Male","Rural"
16719,11233,12,42,"Hindu","Female","Urban"
16720,125370,10,35,"Hindu","Male","Rural"
16721,80732,15,51,"Hindu","Male","Rural"
16722,10403,3,40,"Hindu","Female","Rural"
16723,29796,0,40,"Hindu","Male","Rural"
16724,17085,12,27,"Hindu","Female","Rural"
16725,17646,2,47,"Hindu","Female","Rural"
16726,5198,8,48,"Hindu","Female","Rural"
16727,21086,13,24,"Tribal","Female","Rural"
16728,109119,15,31,"Muslim","Male","Urban"
16729,5027,4,45,"Hindu","Male","Rural"
16730,14449,15,50,"Muslim","Female","Urban"
16731,921027,14,53,"Hindu","Male","Urban"
16732,1154,0,34,"Hindu","Male","Rural"
16733,43464,4,65,"Hindu","Female","Rural"
16734,200395,0,29,"Hindu","Male","Urban"
16735,14559,0,25,"Hindu","Female","Rural"
16736,3917,3,29,"Hindu","Male","Rural"
16737,131451,3,37,"Sikh","Male","Rural"
16738,9088,0,35,"Muslim","Male","Rural"
16739,11606,0,22,"Hindu","Male","Rural"
16740,70603,10,49,"Sikh","Female","Urban"
16741,8519,2,46,"Muslim","Female","Rural"
16742,17393,15,30,"Hindu","Male","Rural"
16743,55781,15,54,"Hindu","Male","Urban"
16744,106276,7,38,"Hindu","Male","Urban"
16745,23883,0,27,"Hindu","Male","Rural"
16746,13574,0,56,"Hindu","Male","Rural"
16747,21755,5,54,"Hindu","Female","Rural"
16748,61163,2,29,"Hindu","Male","Urban"
16749,15961,12,49,"Hindu","Male","Urban"
16750,5238,10,33,"Hindu","Male","Rural"
16751,43412,0,21,"Hindu","Male","Rural"
16752,1630,5,33,"Muslim","Male","Rural"
16753,34116,10,43,"Muslim","Male","Rural"
16754,45783,11,60,"Hindu","Female","Urban"
16755,61583,15,50,"Hindu","Female","Urban"
16756,18350,4,45,"Hindu","Male","Urban"
16757,22109,3,18,"Hindu","Male","Rural"
16758,18714,8,40,"Hindu","Male","Rural"
16759,108964,8,45,"Hindu","Male","Urban"
16760,144525,7,44,"Hindu","Male","Urban"
16761,77282,0,32,"Hindu","Male","Rural"
16762,33598,0,53,"Hindu","Male","Rural"
16763,29599,7,59,"Hindu","Male","Rural"
16764,79904,9,44,"Hindu","Male","Rural"
16765,28879,2,49,"Hindu","Male","Rural"
16766,2703,0,30,"Hindu","Male","Rural"
16767,21112,4,36,"Hindu","Male","Rural"
16768,94557,2,34,"Hindu","Male","Rural"
16769,28594,0,47,"Hindu","Male","Rural"
16770,32459,4,44,"Hindu","Male","Rural"
16771,9091,9,36,"Hindu","Female","Rural"
16772,209392,9,27,"Hindu","Male","Rural"
16773,174223,8,59,"Sikh","Male","Rural"
16774,3666,9,18,"Hindu","Male","Rural"
16775,30467,15,23,"Hindu","Male","Rural"
16776,69821,10,24,"Hindu","Male","Rural"
16777,21266,4,30,"Muslim","Male","Rural"
16778,48646,5,59,"Hindu","Male","Rural"
16779,31453,6,21,"Hindu","Male","Rural"
16780,12722,7,51,"Hindu","Male","Rural"
16781,30186,3,20,"Hindu","Male","Rural"
16782,19792,7,54,"Hindu","Male","Rural"
16783,9672,7,24,"Hindu","Male","Rural"
16784,3748,0,41,"Hindu","Male","Rural"
16785,33771,8,44,"Hindu","Male","Rural"
16786,12575,7,42,"Hindu","Male","Rural"
16787,124512,15,46,"Muslim","Male","Rural"
16788,17895,14,49,"Hindu","Female","Rural"
16789,11003,7,49,"Hindu","Male","Rural"
16790,9522,0,40,"Hindu","Male","Rural"
16791,23524,7,18,"Hindu","Male","Rural"
16792,34800,9,38,"Hindu","Male","Rural"
16793,115282,5,32,"Hindu","Male","Rural"
16794,4505,2,52,"Hindu","Male","Rural"
16795,28281,11,44,"Hindu","Female","Rural"
16796,50803,11,41,"Hindu","Male","Rural"
16797,1931,1,45,"Muslim","Male","Rural"
16798,7521,0,43,"Hindu","Male","Rural"
16799,19447,0,27,"Hindu","Male","Rural"
16800,5826,10,18,"Muslim","Male","Rural"
16801,133007,11,45,"Hindu","Female","Urban"
16802,52185,4,34,"Muslim","Male","Rural"
16803,69293,8,54,"Hindu","Male","Rural"
16804,423596,13,35,"Hindu","Male","Rural"
16805,99927,9,33,"Hindu","Male","Urban"
16806,7918,0,34,"Hindu","Female","Rural"
16807,3876,0,39,"Muslim","Female","Rural"
16808,113720,15,56,"Hindu","Male","Urban"
16809,28821,2,39,"Muslim","Female","Urban"
16810,5780,1,30,"Muslim","Female","Rural"
16811,24989,0,44,"Hindu","Male","Rural"
16812,92312,13,49,"Hindu","Male","Rural"
16813,14347,7,30,"Hindu","Male","Rural"
16814,63781,0,26,"Muslim","Female","Urban"
16815,3761,5,25,"Hindu","Male","Rural"
16816,91279,10,52,"Hindu","Male","Urban"
16817,1405,5,36,"Hindu","Male","Rural"
16818,212902,9,35,"Muslim","Male","Urban"
16819,49372,2,45,"Hindu","Male","Urban"
16820,2086,5,49,"Hindu","Female","Rural"
16821,11378,1,34,"Hindu","Male","Rural"
16822,35945,4,41,"Hindu","Male","Rural"
16823,11094,0,40,"Hindu","Male","Rural"
16824,392793,15,40,"Christian","Male","Urban"
16825,28981,3,43,"Hindu","Male","Rural"
16826,23479,0,60,"Hindu","Male","Rural"
16827,23044,3,44,"Hindu","Male","Rural"
16828,8268,0,40,"Hindu","Male","Rural"
16829,138374,13,35,"Hindu","Male","Rural"
16830,6908,1,65,"Hindu","Female","Rural"
16831,55218,7,54,"Hindu","Male","Urban"
16832,6471,0,18,"Hindu","Female","Urban"
16833,141474,0,20,"Hindu","Male","Urban"
16834,3974,0,37,"Hindu","Female","Rural"
16835,42673,0,38,"Hindu","Male","Rural"
16836,20046,0,64,"Hindu","Male","Urban"
16837,20684,0,18,"Hindu","Male","Rural"
16838,40093,1,65,"Hindu","Male","Rural"
16839,143990,6,58,"Hindu","Male","Urban"
16840,31839,15,51,"Hindu","Female","Rural"
16841,822,2,41,"Hindu","Female","Rural"
16842,78512,2,39,"Hindu","Male","Urban"
16843,39531,10,29,"Hindu","Female","Rural"
16844,80544,4,43,"Hindu","Male","Rural"
16845,11596,0,56,"Hindu","Female","Urban"
16846,20524,15,32,"Hindu","Male","Rural"
16847,53624,0,54,"Hindu","Male","Rural"
16848,4646,9,18,"Hindu","Male","Rural"
16849,69371,7,35,"Hindu","Female","Urban"
16850,3108,0,29,"Sikh","Female","Rural"
16851,11708,0,37,"Hindu","Female","Rural"
16852,41463,13,18,"Hindu","Male","Rural"
16853,51589,3,18,"Hindu","Male","Urban"
16854,77504,5,59,"Hindu","Male","Urban"
16855,7049,0,51,"Hindu","Female","Rural"
16856,19520,5,58,"Hindu","Male","Rural"
16857,46946,7,45,"Hindu","Male","Rural"
16858,28197,5,52,"Hindu","Male","Urban"
16859,22926,0,30,"Hindu","Female","Rural"
16860,50122,0,37,"Muslim","Male","Urban"
16861,4716,0,23,"Hindu","Male","Urban"
16862,916869,12,34,"Hindu","Male","Urban"
16863,2663,8,26,"Muslim","Male","Rural"
16864,164243,9,30,"Muslim","Male","Urban"
16865,18277,4,19,"Hindu","Female","Rural"
16866,10601,7,41,"Hindu","Male","Rural"
16867,11857,10,52,"Hindu","Male","Rural"
16868,76948,13,30,"Hindu","Male","Rural"
16869,39010,13,62,"Buddhist","Male","Rural"
16870,102588,11,42,"Hindu","Male","Urban"
16871,278900,9,54,"Hindu","Male","Rural"
16872,137805,7,38,"Hindu","Male","Rural"
16873,50115,6,22,"Hindu","Male","Rural"
16874,3920,2,52,"Hindu","Female","Rural"
16875,10613,10,50,"Hindu","Male","Urban"
16876,31043,6,36,"Hindu","Female","Urban"
16877,51660,10,34,"Hindu","Male","Urban"
16878,49180,15,48,"Hindu","Male","Rural"
16879,25599,5,44,"Muslim","Male","Rural"
16880,10033,4,37,"Hindu","Male","Urban"
16881,30694,6,33,"Hindu","Male","Rural"
16882,46915,6,42,"Hindu","Male","Rural"
16883,7604,0,41,"Muslim","Female","Rural"
16884,42966,0,46,"Hindu","Male","Rural"
16885,67646,8,37,"Hindu","Male","Rural"
16886,714622,11,31,"Hindu","Male","Urban"
16887,150395,6,35,"Hindu","Male","Urban"
16888,7313,5,54,"Hindu","Male","Rural"
16889,25024,8,32,"Hindu","Male","Urban"
16890,10710,0,45,"Hindu","Female","Urban"
16891,21744,15,18,"Hindu","Female","Urban"
16892,27962,0,45,"Muslim","Female","Rural"
16893,66053,14,30,"Hindu","Male","Urban"
16894,59292,15,31,"Hindu","Male","Rural"
16895,70482,5,41,"Hindu","Male","Rural"
16896,41863,5,18,"Hindu","Male","Urban"
16897,7792,0,31,"Hindu","Female","Rural"
16898,20259,8,39,"Hindu","Male","Rural"
16899,24009,0,40,"Hindu","Male","Rural"
16900,14377,7,51,"Hindu","Male","Rural"
16901,12755,10,48,"Hindu","Female","Rural"
16902,23201,11,28,"Hindu","Female","Urban"
16903,67055,15,33,"Hindu","Male","Rural"
16904,17496,0,39,"Muslim","Male","Rural"
16905,18878,0,64,"Hindu","Female","Rural"
16906,5049,0,46,"Hindu","Female","Rural"
16907,26704,0,51,"Hindu","Female","Rural"
16908,14122,1,46,"Hindu","Male","Rural"
16909,41279,10,18,"Hindu","Male","Urban"
16910,13785,12,50,"Hindu","Male","Rural"
16911,8492,7,41,"Hindu","Male","Rural"
16912,133215,13,50,"Hindu","Female","Urban"
16913,3002,0,49,"Hindu","Male","Rural"
16914,5522,0,40,"Hindu","Female","Rural"
16915,9109,13,39,"Hindu","Male","Urban"
16916,19179,1,44,"Hindu","Male","Urban"
16917,48167,9,39,"Hindu","Male","Urban"
16918,22716,1,43,"Hindu","Male","Rural"
16919,63851,0,37,"Hindu","Male","Rural"
16920,27513,6,22,"Hindu","Male","Rural"
16921,30071,4,45,"Hindu","Male","Rural"
16922,8613,3,39,"Hindu","Male","Rural"
16923,102638,13,38,"Muslim","Male","Rural"
16924,3715,0,45,"Hindu","Female","Rural"
16925,4553,11,58,"Hindu","Male","Rural"
16926,16180,0,32,"Hindu","Male","Rural"
16927,34767,0,46,"Hindu","Female","Rural"
16928,6120,6,34,"Hindu","Male","Rural"
16929,158160,12,24,"Muslim","Male","Urban"
16930,11313,0,29,"Hindu","Female","Urban"
16931,75148,7,43,"Hindu","Male","Rural"
16932,124556,15,53,"Hindu","Male","Urban"
16933,36795,10,29,"Hindu","Male","Rural"
16934,42432,15,44,"Hindu","Female","Urban"
16935,7794,6,19,"Hindu","Female","Rural"
16936,117284,7,43,"Hindu","Male","Rural"
16937,4825,0,18,"Hindu","Male","Rural"
16938,11472,12,57,"Hindu","Female","Rural"
16939,43660,0,34,"Hindu","Male","Rural"
16940,18657,3,35,"Hindu","Male","Rural"
16941,1821,0,29,"Sikh","Male","Rural"
16942,53075,12,29,"Hindu","Female","Urban"
16943,39156,0,48,"Muslim","Male","Rural"
16944,31638,0,44,"Hindu","Male","Urban"
16945,25387,7,42,"Muslim","Male","Urban"
16946,172241,14,52,"Hindu","Male","Urban"
16947,37547,15,35,"Christian","Male","Rural"
16948,6819,0,33,"Hindu","Male","Rural"
16949,71500,0,40,"Hindu","Male","Rural"
16950,89999,13,32,"Hindu","Male","Urban"
16951,9722,11,18,"Hindu","Female","Rural"
16952,26946,10,25,"Hindu","Female","Urban"
16953,9395,0,21,"Hindu","Female","Rural"
16954,28460,0,49,"Hindu","Male","Rural"
16955,21068,12,34,"Hindu","Female","Rural"
16956,31202,12,36,"Hindu","Male","Urban"
16957,7299,5,60,"Hindu","Male","Rural"
16958,6172,6,27,"Hindu","Female","Rural"
16959,31462,1,34,"Hindu","Female","Urban"
16960,1871,0,37,"Hindu","Female","Rural"
16961,22503,0,24,"Hindu","Male","Rural"
16962,247064,15,36,"Hindu","Male","Urban"
16963,14786,8,32,"Hindu","Female","Urban"
16964,23411,8,46,"Hindu","Male","Urban"
16965,63548,15,37,"Hindu","Male","Rural"
16966,55104,7,24,"Hindu","Male","Urban"
16967,10473,0,29,"Hindu","Male","Rural"
16968,6996,7,34,"Hindu","Female","Rural"
16969,71866,13,34,"Hindu","Male","Urban"
16970,19777,13,52,"Hindu","Male","Rural"
16971,59955,0,38,"Hindu","Male","Rural"
16972,149063,15,32,"Hindu","Male","Urban"
16973,18361,0,30,"Hindu","Male","Rural"
16974,4526,0,45,"Hindu","Female","Rural"
16975,25211,3,57,"Hindu","Male","Rural"
16976,249093,15,32,"Hindu","Male","Urban"
16977,7222,0,43,"Hindu","Male","Rural"
16978,18860,13,52,"Hindu","Female","Rural"
16979,21224,0,18,"Hindu","Female","Rural"
16980,20795,12,30,"Hindu","Female","Rural"
16981,25891,14,57,"Hindu","Male","Rural"
16982,7560,0,36,"Hindu","Male","Rural"
16983,9289,9,49,"Hindu","Male","Rural"
16984,107335,8,64,"Hindu","Male","Rural"
16985,6037,4,34,"Hindu","Male","Rural"
16986,54685,5,42,"Hindu","Male","Urban"
16987,21048,1,18,"Hindu","Male","Urban"
16988,56943,6,26,"Sikh","Male","Rural"
16989,51698,9,52,"Hindu","Male","Urban"
16990,5015,0,35,"Hindu","Male","Rural"
16991,28613,9,38,"Christian","Male","Rural"
16992,9098,10,37,"Hindu","Male","Rural"
16993,4211,6,39,"Hindu","Male","Rural"
16994,175896,7,30,"Hindu","Male","Urban"
16995,7774,9,39,"Hindu","Female","Rural"
16996,2755,0,28,"Hindu","Female","Rural"
16997,128807,9,43,"Hindu","Male","Urban"
16998,47207,5,18,"Hindu","Male","Rural"
16999,39818,2,48,"Hindu","Male","Rural"
17000,17982,10,28,"Hindu","Male","Urban"
17001,9126,1,35,"Hindu","Female","Rural"
17002,13994,0,34,"Hindu","Male","Rural"
17003,21402,12,37,"Hindu","Male","Rural"
17004,9479,0,43,"Hindu","Male","Rural"
17005,10708,1,18,"Hindu","Male","Rural"
17006,37984,2,58,"Hindu","Male","Urban"
17007,6841,1,27,"Muslim","Male","Rural"
17008,9130,0,37,"Hindu","Male","Rural"
17009,18599,11,36,"Hindu","Male","Rural"
17010,7422,3,50,"Hindu","Female","Rural"
17011,13334,3,35,"Hindu","Female","Rural"
17012,49725,10,25,"Hindu","Male","Rural"
17013,89699,2,49,"Hindu","Male","Rural"
17014,35455,2,27,"Hindu","Male","Rural"
17015,3525,4,44,"Hindu","Female","Rural"
17016,5286,15,18,"Hindu","Male","Rural"
17017,408405,9,33,"Hindu","Male","Urban"
17018,32713,0,21,"Muslim","Male","Rural"
17019,58375,9,29,"Hindu","Male","Rural"
17020,305978,14,32,"Hindu","Male","Urban"
17021,44815,5,32,"Hindu","Male","Rural"
17022,27252,4,55,"Muslim","Male","Rural"
17023,3210,0,40,"Hindu","Male","Urban"
17024,8722,0,28,"Hindu","Male","Rural"
17025,27564,11,56,"Hindu","Male","Rural"
17026,8249,5,45,"Hindu","Female","Rural"
17027,5843,1,48,"Hindu","Female","Rural"
17028,10084,12,56,"Hindu","Female","Rural"
17029,63573,3,40,"Hindu","Male","Rural"
17030,52378,9,46,"Hindu","Female","Urban"
17031,21048,8,41,"Hindu","Male","Rural"
17032,26594,4,43,"Hindu","Male","Rural"
17033,109415,13,20,"Muslim","Male","Urban"
17034,132653,6,21,"Hindu","Male","Urban"
17035,19377,0,45,"Hindu","Male","Rural"
17036,25884,3,21,"Hindu","Male","Rural"
17037,8105,11,29,"Hindu","Female","Rural"
17038,12071,5,59,"Muslim","Male","Rural"
17039,5293,0,41,"Hindu","Male","Rural"
17040,13396,4,52,"Hindu","Male","Rural"
17041,11954,11,46,"Hindu","Female","Rural"
17042,4052,10,33,"Hindu","Female","Rural"
17043,38925,2,22,"Hindu","Male","Urban"
17044,13280,5,42,"Hindu","Female","Rural"
17045,3885,4,32,"Hindu","Male","Rural"
17046,8165,3,55,"Hindu","Male","Rural"
17047,26247,8,35,"Hindu","Male","Rural"
17048,6852,1,63,"Hindu","Female","Rural"
17049,98161,8,41,"Hindu","Male","Rural"
17050,30015,4,27,"Hindu","Female","Rural"
17051,50471,12,45,"Hindu","Male","Rural"
17052,3741,0,39,"Hindu","Female","Rural"
17053,120963,0,39,"Sikh","Male","Rural"
17054,4798,0,37,"Hindu","Male","Rural"
17055,6379,3,39,"Sikh","Male","Rural"
17056,25186,10,62,"Muslim","Female","Urban"
17057,6112,0,33,"Sikh","Male","Rural"
17058,22829,7,20,"Hindu","Male","Rural"
17059,8792,2,18,"Hindu","Female","Rural"
17060,18458,11,45,"Hindu","Male","Rural"
17061,7043,0,26,"Muslim","Male","Rural"
17062,10186,7,41,"Hindu","Male","Rural"
17063,20258,0,37,"Hindu","Male","Urban"
17064,13449,2,33,"Hindu","Female","Rural"
17065,5852,0,25,"Hindu","Female","Rural"
17066,29164,0,55,"Hindu","Male","Rural"
17067,6926,11,20,"Hindu","Male","Rural"
17068,35771,11,58,"Hindu","Male","Rural"
17069,8010,2,32,"Hindu","Female","Rural"
17070,34991,9,29,"Hindu","Male","Rural"
17071,367556,10,36,"Hindu","Male","Urban"
17072,116295,15,49,"Hindu","Male","Urban"
17073,15343,7,24,"Hindu","Female","Rural"
17074,53003,2,36,"Hindu","Female","Rural"
17075,64470,9,60,"Muslim","Male","Rural"
17076,13085,15,39,"Hindu","Male","Rural"
17077,398684,13,60,"Christian","Male","Urban"
17078,29068,0,65,"Hindu","Female","Rural"
17079,13953,5,47,"Muslim","Male","Rural"
17080,54437,10,34,"Hindu","Male","Rural"
17081,15390,0,23,"Hindu","Female","Urban"
17082,97168,3,26,"Muslim","Male","Urban"
17083,11257,1,30,"Hindu","Male","Rural"
17084,6284,6,40,"Muslim","Male","Rural"
17085,3732,0,26,"Hindu","Female","Rural"
17086,7072,0,31,"Hindu","Male","Rural"
17087,50713,0,56,"Muslim","Female","Rural"
17088,4909,8,19,"Hindu","Male","Rural"
17089,172306,15,36,"Hindu","Male","Urban"
17090,12093,8,47,"Hindu","Male","Rural"
17091,31698,0,18,"Muslim","Male","Rural"
17092,13032,7,27,"Hindu","Female","Rural"
17093,7367,5,18,"Hindu","Female","Rural"
17094,7225,1,39,"Muslim","Male","Rural"
17095,8034,0,45,"Hindu","Female","Rural"
17096,183380,12,32,"Sikh","Male","Urban"
17097,17367,3,23,"Hindu","Male","Urban"
17098,115974,0,47,"Muslim","Female","Rural"
17099,1020,5,33,"Hindu","Female","Rural"
17100,22414,4,47,"Hindu","Female","Rural"
17101,38366,5,20,"Hindu","Male","Rural"
17102,143594,9,33,"Hindu","Male","Urban"
17103,20252,3,20,"Muslim","Male","Rural"
17104,20011,5,35,"Muslim","Male","Rural"
17105,23334,7,43,"Hindu","Male","Rural"
17106,4256,0,35,"Hindu","Male","Rural"
17107,26575,14,49,"Hindu","Female","Rural"
17108,47757,0,33,"Hindu","Male","Urban"
17109,277626,12,28,"Hindu","Male","Urban"
17110,48191,3,48,"Hindu","Female","Rural"
17111,2290,0,29,"Hindu","Male","Rural"
17112,17647,0,43,"Muslim","Female","Rural"
17113,4012,0,43,"Hindu","Male","Rural"
17114,39332,8,29,"Hindu","Female","Rural"
17115,36336,15,56,"Muslim","Female","Rural"
17116,10949,7,55,"Hindu","Female","Rural"
17117,83259,10,43,"Hindu","Male","Urban"
17118,11573,8,27,"Hindu","Male","Rural"
17119,52880,10,27,"Hindu","Female","Rural"
17120,58476,9,18,"Hindu","Male","Rural"
17121,295151,11,48,"Hindu","Male","Rural"
17122,16695,12,26,"Hindu","Male","Urban"
17123,12618,8,18,"Hindu","Female","Rural"
17124,39319,7,48,"Hindu","Male","Urban"
17125,32229,0,49,"Hindu","Male","Rural"
17126,46574,10,62,"Muslim","Male","Urban"
17127,40913,10,37,"Hindu","Male","Urban"
17128,58956,8,45,"Hindu","Male","Rural"
17129,22319,13,42,"Muslim","Female","Rural"
17130,19229,0,35,"Muslim","Female","Rural"
17131,24563,15,33,"Muslim","Female","Rural"
17132,444866,12,52,"Hindu","Male","Urban"
17133,12260,6,38,"Hindu","Male","Rural"
17134,10819,4,23,"Hindu","Male","Rural"
17135,52878,6,50,"Muslim","Male","Urban"
17136,53132,9,42,"Muslim","Female","Rural"
17137,5217,6,38,"Hindu","Female","Urban"
17138,11503,3,35,"Hindu","Female","Rural"
17139,10992,0,25,"Hindu","Male","Urban"
17140,11557,11,35,"Hindu","Male","Rural"
17141,9777,0,34,"Hindu","Male","Rural"
17142,55451,7,38,"Christian","Male","Rural"
17143,8591,2,26,"Muslim","Female","Urban"
17144,47533,15,47,"Hindu","Female","Urban"
17145,13367,5,32,"Muslim","Female","Rural"
17146,17110,2,34,"Hindu","Female","Urban"
17147,4378,2,43,"Hindu","Female","Urban"
17148,2628,0,46,"Hindu","Male","Rural"
17149,11262,3,46,"Hindu","Male","Rural"
17150,165992,5,29,"Sikh","Male","Rural"
17151,128184,7,19,"Hindu","Male","Urban"
17152,47455,3,38,"Muslim","Male","Urban"
17153,72754,4,21,"Hindu","Male","Rural"
17154,4120,9,57,"Hindu","Female","Rural"
17155,204080,7,33,"Hindu","Male","Urban"
17156,251603,0,42,"Hindu","Male","Rural"
17157,103472,6,62,"Hindu","Male","Urban"
17158,61258,7,38,"Jain","Female","Urban"
17159,11760,10,47,"Hindu","Female","Rural"
17160,13914,3,19,"Hindu","Male","Urban"
17161,21201,8,24,"Muslim","Male","Rural"
17162,234296,7,29,"Hindu","Male","Rural"
17163,41668,0,46,"Hindu","Female","Rural"
17164,156073,0,46,"Tribal","Male","Rural"
17165,217635,15,45,"Hindu","Male","Urban"
17166,39110,13,25,"Hindu","Male","Urban"
17167,50083,10,21,"Hindu","Male","Urban"
17168,94841,9,39,"Hindu","Male","Urban"
17169,13675,4,44,"Hindu","Male","Rural"
17170,187703,12,34,"Muslim","Male","Rural"
17171,25445,14,43,"Hindu","Female","Rural"
17172,17568,4,30,"Hindu","Male","Rural"
17173,665782,15,57,"Hindu","Male","Urban"
17174,11157,7,30,"Hindu","Female","Rural"
17175,45223,8,49,"Hindu","Male","Rural"
17176,8529,10,36,"Hindu","Female","Rural"
17177,14596,0,21,"Hindu","Male","Rural"
17178,19593,0,28,"Hindu","Male","Rural"
17179,18570,2,30,"Hindu","Male","Rural"
17180,8519,0,32,"Hindu","Female","Rural"
17181,35429,0,42,"Hindu","Male","Urban"
17182,47777,4,49,"Hindu","Male","Rural"
17183,28585,15,49,"Tribal","Male","Rural"
17184,55936,0,55,"Hindu","Male","Rural"
17185,29126,5,26,"Hindu","Male","Rural"
17186,15261,4,34,"Hindu","Female","Rural"
17187,22459,9,41,"Hindu","Female","Rural"
17188,5506,9,23,"Hindu","Female","Rural"
17189,7193,0,47,"Hindu","Female","Rural"
17190,9994,3,19,"Hindu","Male","Rural"
17191,6844,0,54,"Hindu","Female","Rural"
17192,10444,3,44,"Hindu","Male","Rural"
17193,929,0,42,"Hindu","Female","Rural"
17194,66337,9,27,"Hindu","Male","Rural"
17195,24596,7,56,"Hindu","Male","Urban"
17196,5490,3,24,"Muslim","Male","Rural"
17197,50948,0,38,"Hindu","Male","Urban"
17198,14776,0,43,"Hindu","Male","Rural"
17199,383679,8,22,"Hindu","Male","Urban"
17200,12369,13,37,"Hindu","Male","Urban"
17201,4058,6,29,"Hindu","Female","Rural"
17202,12813,7,32,"Tribal","Male","Rural"
17203,14905,0,31,"Hindu","Male","Rural"
17204,105162,8,40,"Hindu","Male","Rural"
17205,170680,11,43,"Hindu","Male","Urban"
17206,110138,2,55,"Hindu","Male","Rural"
17207,3144,0,31,"Muslim","Male","Rural"
17208,27803,6,23,"Muslim","Female","Rural"
17209,20089,1,40,"Hindu","Male","Rural"
17210,11129,6,53,"Hindu","Male","Rural"
17211,2038,2,26,"Hindu","Female","Rural"
17212,6953,0,41,"Hindu","Female","Urban"
17213,29989,11,55,"Hindu","Male","Rural"
17214,7991,0,41,"Muslim","Female","Rural"
17215,68811,0,42,"Hindu","Male","Rural"
17216,12990,6,18,"Hindu","Male","Rural"
17217,23349,9,30,"Hindu","Female","Urban"
17218,61607,4,35,"Hindu","Male","Urban"
17219,79398,9,50,"Muslim","Male","Urban"
17220,17343,4,37,"Hindu","Male","Urban"
17221,14431,15,53,"Hindu","Male","Rural"
17222,144743,6,40,"Hindu","Male","Urban"
17223,7722,0,31,"Muslim","Female","Rural"
17224,7808,0,18,"Hindu","Male","Rural"
17225,1058,0,40,"Hindu","Female","Rural"
17226,39722,2,51,"Hindu","Male","Rural"
17227,10190,1,57,"Hindu","Male","Rural"
17228,2343,0,47,"Hindu","Male","Rural"
17229,134847,14,26,"Hindu","Male","Rural"
17230,15627,4,30,"Hindu","Female","Urban"
17231,13141,5,41,"Hindu","Male","Rural"
17232,21025,10,47,"Hindu","Male","Urban"
17233,40743,15,32,"Christian","Male","Urban"
17234,14564,0,44,"Hindu","Male","Rural"
17235,60977,15,27,"Hindu","Male","Urban"
17236,28744,7,37,"Hindu","Male","Rural"
17237,10100,0,39,"Hindu","Male","Rural"
17238,3707,4,26,"Hindu","Female","Rural"
17239,237353,12,18,"Hindu","Male","Urban"
17240,50241,4,51,"Hindu","Male","Rural"
17241,6006,15,42,"Hindu","Female","Rural"
17242,13265,0,35,"Hindu","Male","Rural"
17243,4171,0,30,"Hindu","Male","Rural"
17244,16019,6,29,"Hindu","Male","Rural"
17245,29738,6,40,"Hindu","Male","Urban"
17246,15899,0,49,"Hindu","Male","Rural"
17247,85916,15,36,"Hindu","Male","Urban"
17248,74137,15,51,"Hindu","Male","Urban"
17249,70751,15,35,"Hindu","Male","Urban"
17250,5846,3,21,"Hindu","Male","Rural"
17251,1198,0,22,"Hindu","Female","Rural"
17252,44569,3,46,"Hindu","Male","Rural"
17253,15472,2,53,"Hindu","Male","Urban"
17254,23278,13,29,"Hindu","Male","Rural"
17255,4870,3,37,"Hindu","Male","Rural"
17256,32321,0,52,"Hindu","Male","Rural"
17257,9420,6,51,"Hindu","Female","Rural"
17258,15672,12,45,"Hindu","Male","Rural"
17259,4058,8,41,"Hindu","Female","Rural"
17260,7746,5,55,"Hindu","Female","Rural"
17261,33383,0,38,"Hindu","Male","Rural"
17262,27045,6,25,"Hindu","Male","Rural"
17263,5159,3,35,"Hindu","Female","Rural"
17264,8800,8,25,"Christian","Male","Rural"
17265,177475,9,48,"Hindu","Male","Rural"
17266,72111,5,46,"Hindu","Male","Urban"
17267,63887,12,49,"Hindu","Male","Rural"
17268,50341,10,31,"Hindu","Male","Urban"
17269,50914,14,46,"Hindu","Male","Rural"
17270,9582,5,22,"Sikh","Male","Rural"
17271,9143,0,33,"Hindu","Male","Rural"
17272,6130,12,32,"Hindu","Male","Rural"
17273,57506,2,41,"Hindu","Male","Rural"
17274,15432,0,50,"Hindu","Male","Rural"
17275,8380,15,22,"Christian","Female","Rural"
17276,26579,9,43,"Buddhist","Male","Rural"
17277,9335,0,27,"Hindu","Male","Rural"
17278,22390,10,33,"Hindu","Female","Urban"
17279,12172,10,39,"Hindu","Female","Rural"
17280,42654,0,54,"Muslim","Male","Rural"
17281,52708,12,35,"Sikh","Male","Rural"
17282,7346,2,55,"Hindu","Male","Rural"
17283,57292,5,38,"Sikh","Female","Urban"
17284,55909,8,30,"Hindu","Male","Urban"
17285,5651,2,32,"Hindu","Female","Rural"
17286,13389,7,40,"Muslim","Male","Rural"
17287,5551,10,31,"Hindu","Female","Rural"
17288,11683,4,18,"Hindu","Male","Rural"
17289,485663,5,37,"Hindu","Male","Urban"
17290,23474,5,30,"Hindu","Male","Rural"
17291,18411,11,43,"Hindu","Male","Rural"
17292,10630,8,63,"Hindu","Female","Rural"
17293,6805,0,25,"Hindu","Male","Rural"
17294,17172,6,47,"Muslim","Female","Rural"
17295,312169,15,18,"Hindu","Male","Urban"
17296,57945,10,18,"Hindu","Male","Urban"
17297,121374,13,23,"Hindu","Male","Urban"
17298,65393,15,34,"Hindu","Male","Rural"
17299,37157,2,35,"Hindu","Male","Rural"
17300,306515,15,38,"Christian","Female","Rural"
17301,16963,2,54,"Hindu","Male","Urban"
17302,475585,15,43,"Hindu","Male","Rural"
17303,7090,6,38,"Hindu","Female","Rural"
17304,35241,8,44,"Hindu","Male","Urban"
17305,50790,0,37,"Hindu","Male","Rural"
17306,1491,0,23,"Hindu","Female","Rural"
17307,8554,0,21,"Hindu","Male","Rural"
17308,2690,5,30,"Hindu","Female","Rural"
17309,21711,8,42,"Hindu","Female","Rural"
17310,6420,0,50,"Hindu","Female","Rural"
17311,411909,10,55,"Hindu","Male","Urban"
17312,7391,7,64,"Hindu","Male","Rural"
17313,22232,0,21,"Hindu","Female","Rural"
17314,2481,0,40,"Hindu","Male","Rural"
17315,81679,1,40,"Hindu","Male","Urban"
17316,41955,0,38,"Hindu","Female","Rural"
17317,49153,2,39,"Sikh","Male","Rural"
17318,44127,15,34,"Hindu","Female","Urban"
17319,31464,0,27,"Hindu","Female","Urban"
17320,120725,8,59,"Hindu","Male","Rural"
17321,102695,15,56,"Christian","Male","Rural"
17322,10532,6,27,"Muslim","Female","Rural"
17323,212796,4,45,"Hindu","Male","Urban"
17324,95497,4,56,"Hindu","Male","Rural"
17325,10307,0,47,"Hindu","Male","Rural"
17326,28872,15,46,"Hindu","Male","Rural"
17327,38538,8,38,"Hindu","Female","Urban"
17328,4089,2,21,"Hindu","Female","Rural"
17329,214312,12,36,"Hindu","Male","Urban"
17330,111758,12,39,"Hindu","Male","Urban"
17331,16989,3,48,"Muslim","Male","Rural"
17332,18943,8,31,"Buddhist","Male","Rural"
17333,87755,9,21,"Hindu","Male","Urban"
17334,58950,9,18,"Hindu","Male","Rural"
17335,3317,0,64,"Hindu","Male","Rural"
17336,106401,0,25,"Hindu","Male","Rural"
17337,15686,15,31,"Hindu","Female","Rural"
17338,6867,4,46,"Hindu","Female","Urban"
17339,214315,4,42,"Hindu","Male","Rural"
17340,10054,15,30,"Muslim","Female","Rural"
17341,26403,9,47,"Hindu","Male","Rural"
17342,20114,6,28,"Hindu","Male","Rural"
17343,132427,13,41,"Hindu","Male","Urban"
17344,15094,9,21,"Hindu","Female","Rural"
17345,14371,12,46,"Hindu","Male","Rural"
17346,39397,9,37,"Muslim","Male","Rural"
17347,59359,3,39,"Hindu","Male","Rural"
17348,3115,5,40,"Hindu","Male","Rural"
17349,7407,0,18,"Hindu","Male","Rural"
17350,400865,15,52,"Hindu","Male","Rural"
17351,9966,7,29,"Hindu","Female","Rural"
17352,86612,3,52,"Hindu","Male","Urban"
17353,83333,10,43,"Hindu","Male","Rural"
17354,103019,6,52,"Hindu","Female","Rural"
17355,12053,11,38,"Hindu","Female","Rural"
17356,224752,10,65,"Hindu","Male","Rural"
17357,3769,6,38,"Hindu","Male","Rural"
17358,38233,13,33,"Hindu","Male","Rural"
17359,13666,9,24,"Hindu","Male","Rural"
17360,65243,6,61,"Hindu","Male","Rural"
17361,18117,4,18,"Hindu","Female","Rural"
17362,12971,0,31,"Muslim","Male","Rural"
17363,13255,8,53,"Muslim","Female","Rural"
17364,1766,0,34,"Hindu","Female","Rural"
17365,293312,15,28,"Hindu","Male","Rural"
17366,29225,9,24,"Hindu","Male","Rural"
17367,85109,4,42,"Muslim","Male","Rural"
17368,48966,6,44,"Hindu","Female","Rural"
17369,33748,0,18,"Hindu","Male","Rural"
17370,9858,7,35,"Hindu","Female","Urban"
17371,14111,8,24,"Muslim","Male","Rural"
17372,35482,9,32,"Muslim","Male","Urban"
17373,18383,0,45,"Hindu","Male","Rural"
17374,31450,9,39,"Hindu","Male","Rural"
17375,69256,13,24,"Hindu","Female","Urban"
17376,9611,5,48,"Hindu","Male","Rural"
17377,42681,0,26,"Hindu","Male","Rural"
17378,2643,0,38,"Hindu","Male","Rural"
17379,9099,14,33,"Sikh","Female","Rural"
17380,56039,12,33,"Hindu","Male","Urban"
17381,275115,6,34,"Hindu","Male","Urban"
17382,43722,3,28,"Hindu","Male","Rural"
17383,62109,15,40,"Hindu","Male","Rural"
17384,201328,15,35,"Hindu","Female","Urban"
17385,4097,8,38,"Hindu","Female","Rural"
17386,29722,6,45,"Hindu","Male","Urban"
17387,84965,13,37,"Hindu","Female","Rural"
17388,26308,12,32,"Muslim","Male","Urban"
17389,6869,0,35,"Hindu","Female","Rural"
17390,8822,0,45,"Muslim","Female","Rural"
17391,1122019,7,18,"Hindu","Male","Urban"
17392,45866,0,32,"Hindu","Male","Rural"
17393,11370,6,41,"Hindu","Male","Rural"
17394,119794,3,18,"Hindu","Male","Urban"
17395,90138,9,42,"Hindu","Male","Rural"
17396,9519,3,21,"Hindu","Male","Urban"
17397,130278,15,47,"Hindu","Male","Rural"
17398,10211,1,28,"Hindu","Male","Urban"
17399,17137,5,44,"Hindu","Male","Rural"
17400,40723,0,25,"Hindu","Male","Rural"
17401,21865,8,34,"Hindu","Male","Rural"
17402,16866,12,34,"Hindu","Female","Rural"
17403,31265,0,56,"Hindu","Male","Rural"
17404,13935,8,34,"Hindu","Female","Rural"
17405,154316,8,18,"Hindu","Male","Urban"
17406,24870,5,48,"Hindu","Male","Rural"
17407,16223,8,37,"Muslim","Female","Urban"
17408,23863,15,49,"Hindu","Female","Rural"
17409,247840,10,39,"Hindu","Male","Rural"
17410,91521,7,30,"Hindu","Male","Urban"
17411,117356,3,42,"Hindu","Male","Rural"
17412,24871,11,53,"Hindu","Male","Rural"
17413,4830,0,36,"Hindu","Female","Rural"
17414,173340,8,26,"Hindu","Male","Rural"
17415,112210,5,40,"Hindu","Male","Urban"
17416,3424,3,39,"Hindu","Male","Rural"
17417,252688,10,21,"Muslim","Male","Urban"
17418,69668,6,49,"Hindu","Female","Rural"
17419,58586,0,35,"Hindu","Male","Urban"
17420,14446,7,21,"Hindu","Male","Urban"
17421,8771,11,38,"Hindu","Male","Rural"
17422,46320,0,19,"Sikh","Female","Rural"
17423,32002,8,39,"Christian","Female","Urban"
17424,17403,3,30,"Hindu","Male","Urban"
17425,8742,8,47,"Hindu","Male","Rural"
17426,3929,0,45,"Hindu","Female","Rural"
17427,4172,6,30,"Hindu","Female","Rural"
17428,5206,0,24,"Hindu","Male","Rural"
17429,11749,5,56,"Hindu","Male","Rural"
17430,6992,3,40,"Hindu","Female","Rural"
17431,54780,14,21,"Hindu","Female","Urban"
17432,132678,12,60,"Hindu","Female","Rural"
17433,32367,0,18,"Hindu","Male","Rural"
17434,1752,0,27,"Hindu","Male","Rural"
17435,49038,10,26,"Hindu","Male","Urban"
17436,1864,6,27,"Hindu","Male","Rural"
17437,6861,0,18,"Hindu","Male","Rural"
17438,43896,7,41,"Hindu","Male","Rural"
17439,15288,0,37,"Hindu","Female","Rural"
17440,2593,4,37,"Hindu","Female","Rural"
17441,24252,5,43,"Hindu","Male","Rural"
17442,12835,15,29,"Muslim","Male","Urban"
17443,381231,0,40,"Hindu","Male","Rural"
17444,36761,5,38,"Muslim","Female","Rural"
17445,3751,7,30,"Hindu","Male","Rural"
17446,43417,10,36,"Christian","Male","Rural"
17447,54688,8,58,"Hindu","Male","Rural"
17448,94113,13,39,"Sikh","Male","Rural"
17449,15812,6,46,"Hindu","Male","Rural"
17450,204180,1,55,"Hindu","Female","Urban"
17451,212135,13,62,"Hindu","Male","Rural"
17452,16615,1,40,"Hindu","Female","Urban"
17453,88900,15,33,"Sikh","Male","Rural"
17454,27683,14,49,"Hindu","Female","Urban"
17455,38032,15,26,"Hindu","Male","Rural"
17456,34374,9,28,"Hindu","Male","Rural"
17457,36004,0,30,"Hindu","Male","Rural"
17458,158167,2,54,"Hindu","Male","Rural"
17459,6709,7,44,"Hindu","Female","Rural"
17460,115754,9,40,"Hindu","Male","Rural"
17461,22238,10,54,"Hindu","Female","Rural"
17462,43536,0,44,"Hindu","Male","Rural"
17463,2078,1,35,"Hindu","Female","Rural"
17464,38228,9,28,"Hindu","Male","Rural"
17465,126666,15,58,"Hindu","Female","Rural"
17466,5376,2,23,"Hindu","Male","Urban"
17467,160603,10,31,"Hindu","Male","Urban"
17468,9808,10,37,"Hindu","Female","Urban"
17469,25083,8,45,"Hindu","Female","Urban"
17470,7809,1,32,"Hindu","Male","Rural"
17471,32702,2,43,"Hindu","Male","Rural"
17472,17380,13,18,"Hindu","Male","Rural"
17473,12690,4,32,"Hindu","Male","Rural"
17474,33508,15,34,"Hindu","Female","Urban"
17475,55698,9,28,"Hindu","Male","Rural"
17476,7785,5,28,"Hindu","Female","Rural"
17477,13018,0,53,"Hindu","Female","Rural"
17478,15438,12,50,"Hindu","Male","Rural"
17479,57022,8,44,"Hindu","Female","Urban"
17480,21261,5,47,"Hindu","Male","Rural"
17481,38624,1,33,"Hindu","Female","Urban"
17482,3945,6,29,"Hindu","Male","Urban"
17483,95189,6,57,"Hindu","Male","Urban"
17484,5177,2,26,"Hindu","Male","Urban"
17485,68440,0,43,"Hindu","Male","Rural"
17486,13351,4,65,"Hindu","Female","Rural"
17487,155487,14,19,"Hindu","Male","Rural"
17488,3049,2,49,"Hindu","Male","Rural"
17489,815399,13,28,"Muslim","Male","Urban"
17490,42683,14,18,"Hindu","Male","Urban"
17491,10473,7,43,"Christian","Female","Rural"
17492,22829,14,51,"Hindu","Female","Rural"
17493,19674,12,65,"Hindu","Male","Rural"
17494,5571,8,38,"Hindu","Male","Rural"
17495,642504,15,63,"Hindu","Male","Urban"
17496,9785,0,35,"Muslim","Male","Rural"
17497,1140,6,35,"Hindu","Female","Rural"
17498,62389,9,35,"Hindu","Male","Rural"
17499,26913,4,59,"Hindu","Male","Rural"
17500,27805,0,48,"Hindu","Male","Rural"
17501,14108,7,18,"Hindu","Male","Urban"
17502,20910,0,62,"Hindu","Female","Rural"
17503,79755,13,31,"Hindu","Female","Urban"
17504,1206,0,56,"Hindu","Female","Rural"
17505,9617,0,18,"Hindu","Male","Urban"
17506,14682,0,25,"Hindu","Male","Rural"
17507,50784,6,52,"Hindu","Male","Rural"
17508,12054,2,18,"Hindu","Female","Rural"
17509,140907,6,36,"Hindu","Male","Rural"
17510,36591,4,45,"Hindu","Male","Rural"
17511,10365,9,18,"Hindu","Male","Urban"
17512,59640,0,28,"Hindu","Male","Rural"
17513,42163,15,65,"Hindu","Female","Rural"
17514,377374,11,55,"Hindu","Male","Urban"
17515,5462,2,38,"Hindu","Female","Rural"
17516,5445,7,35,"Hindu","Female","Rural"
17517,4670,0,49,"Hindu","Female","Rural"
17518,385755,15,46,"Christian","Female","Urban"
17519,7845,7,18,"Hindu","Male","Rural"
17520,18329,7,50,"Hindu","Male","Rural"
17521,53609,1,18,"Hindu","Male","Rural"
17522,282225,5,50,"Hindu","Male","Rural"
17523,31258,6,25,"Hindu","Female","Rural"
17524,238,0,43,"Hindu","Male","Rural"
17525,4522,3,21,"Hindu","Female","Rural"
17526,13445,7,49,"Hindu","Male","Rural"
17527,1867,1,18,"Hindu","Female","Rural"
17528,94393,8,32,"Hindu","Male","Rural"
17529,124194,12,46,"Hindu","Male","Urban"
17530,36361,11,43,"Hindu","Male","Urban"
17531,8226,4,49,"Hindu","Male","Rural"
17532,57820,1,23,"Hindu","Male","Rural"
17533,43145,1,53,"Hindu","Male","Rural"
17534,18010,2,39,"Hindu","Male","Rural"
17535,47762,6,53,"Hindu","Male","Urban"
17536,39897,5,39,"Hindu","Male","Urban"
17537,70192,12,52,"Hindu","Male","Rural"
17538,25919,0,53,"Hindu","Male","Rural"
17539,141377,0,34,"Muslim","Male","Urban"
17540,8814,0,48,"Muslim","Female","Rural"
17541,2043,0,23,"Hindu","Male","Rural"
17542,30279,9,44,"Muslim","Male","Rural"
17543,374136,11,38,"Buddhist","Male","Urban"
17544,45107,8,40,"Hindu","Female","Urban"
17545,12258,9,46,"Muslim","Female","Rural"
17546,50750,6,52,"Hindu","Female","Rural"
17547,36526,3,56,"Hindu","Male","Rural"
17548,223957,15,41,"Hindu","Male","Urban"
17549,7605,1,36,"Hindu","Female","Rural"
17550,25718,15,58,"Hindu","Female","Rural"
17551,18881,4,37,"Hindu","Male","Urban"
17552,55059,8,49,"Hindu","Male","Urban"
17553,20150,3,49,"Hindu","Male","Rural"
17554,358150,12,34,"Hindu","Male","Urban"
17555,20461,0,49,"Hindu","Male","Rural"
17556,31203,15,34,"Hindu","Female","Rural"
17557,82931,2,50,"Hindu","Male","Urban"
17558,38996,1,23,"Hindu","Male","Urban"
17559,7210,0,57,"Muslim","Female","Rural"
17560,32000,0,20,"Hindu","Male","Rural"
17561,87893,15,47,"Hindu","Female","Rural"
17562,13184,9,38,"Hindu","Male","Rural"
17563,66968,7,37,"Muslim","Male","Urban"
17564,14681,7,30,"Hindu","Male","Rural"
17565,15355,0,47,"Hindu","Female","Urban"
17566,20270,15,33,"Hindu","Male","Urban"
17567,30277,8,42,"Hindu","Male","Rural"
17568,8522,1,48,"Hindu","Male","Rural"
17569,232720,15,34,"Hindu","Female","Urban"
17570,14887,0,51,"Hindu","Male","Rural"
17571,164993,13,50,"Christian","Male","Urban"
17572,35988,6,29,"Muslim","Male","Rural"
17573,10442,5,33,"Buddhist","Female","Rural"
17574,1826,2,48,"Hindu","Female","Rural"
17575,78262,12,32,"Hindu","Male","Rural"
17576,973,0,27,"Hindu","Female","Rural"
17577,2287,0,52,"Hindu","Male","Rural"
17578,7549,0,32,"Hindu","Male","Rural"
17579,18068,0,25,"Hindu","Male","Rural"
17580,13628,10,32,"Hindu","Female","Urban"
17581,67580,8,36,"Christian","Male","Rural"
17582,39113,11,33,"Muslim","Female","Rural"
17583,7197,11,26,"Hindu","Male","Rural"
17584,6112,0,36,"Hindu","Female","Urban"
17585,171089,5,62,"Hindu","Male","Rural"
17586,6394,0,45,"Hindu","Male","Rural"
17587,24914,3,32,"Hindu","Male","Rural"
17588,26586,2,18,"Hindu","Male","Rural"
17589,11845,3,18,"Muslim","Male","Rural"
17590,28360,10,52,"Hindu","Male","Rural"
17591,217448,15,18,"Muslim","Male","Urban"
17592,10333,3,36,"Muslim","Male","Rural"
17593,32665,4,36,"Hindu","Male","Rural"
17594,7021,9,38,"Muslim","Female","Rural"
17595,25037,4,53,"Hindu","Male","Rural"
17596,115549,12,28,"Hindu","Male","Urban"
17597,205886,10,23,"Hindu","Male","Rural"
17598,12936,6,37,"Muslim","Male","Rural"
17599,9324,0,31,"Hindu","Male","Rural"
17600,32446,11,39,"Muslim","Male","Rural"
17601,22176,3,52,"Hindu","Female","Rural"
17602,10100,7,43,"Christian","Male","Rural"
17603,45679,15,43,"Hindu","Female","Urban"
17604,17297,1,53,"Hindu","Male","Rural"
17605,6482,6,18,"Hindu","Male","Rural"
17606,73427,7,29,"Hindu","Male","Urban"
17607,177441,15,42,"Hindu","Female","Rural"
17608,10673,1,58,"Hindu","Male","Rural"
17609,12789,0,32,"Hindu","Male","Rural"
17610,47659,0,46,"Sikh","Male","Rural"
17611,23580,0,26,"Hindu","Male","Rural"
17612,57401,6,42,"Hindu","Male","Urban"
17613,16433,10,18,"Hindu","Female","Urban"
17614,18506,4,29,"Hindu","Female","Rural"
17615,11095,0,26,"Hindu","Male","Rural"
17616,5581,7,34,"Hindu","Female","Rural"
17617,27018,1,32,"Hindu","Male","Urban"
17618,24630,0,33,"Hindu","Female","Urban"
17619,7070,0,25,"Hindu","Male","Rural"
17620,91489,1,29,"Christian","Male","Rural"
17621,5943,2,44,"Muslim","Male","Rural"
17622,114675,4,38,"Hindu","Male","Urban"
17623,32621,11,44,"Hindu","Male","Rural"
17624,11767,0,50,"Hindu","Male","Rural"
17625,56042,0,38,"Hindu","Male","Rural"
17626,35804,15,40,"Hindu","Female","Urban"
17627,46643,10,35,"Hindu","Female","Rural"
17628,14267,0,32,"Hindu","Male","Rural"
17629,14102,0,65,"Hindu","Female","Rural"
17630,148447,14,32,"Hindu","Female","Rural"
17631,214249,15,36,"Hindu","Male","Rural"
17632,8496,1,23,"Hindu","Male","Rural"
17633,29248,2,38,"Muslim","Male","Urban"
17634,3965,3,41,"Hindu","Male","Rural"
17635,39670,2,36,"Muslim","Female","Rural"
17636,2257,0,45,"Hindu","Female","Rural"
17637,6740,14,33,"Hindu","Female","Rural"
17638,57851,13,32,"Hindu","Male","Rural"
17639,17146,0,27,"Hindu","Male","Rural"
17640,14596,0,44,"Sikh","Male","Rural"
17641,15180,5,32,"Hindu","Female","Rural"
17642,177456,8,52,"Hindu","Male","Urban"
17643,12664,0,36,"Hindu","Male","Urban"
17644,45682,15,53,"Hindu","Male","Rural"
17645,35289,13,39,"Hindu","Female","Rural"
17646,14013,0,41,"Hindu","Male","Rural"
17647,318162,0,34,"Muslim","Male","Urban"
17648,81034,7,18,"Hindu","Male","Urban"
17649,6631,0,35,"Hindu","Male","Urban"
17650,96525,0,56,"Hindu","Male","Rural"
17651,53401,12,49,"Hindu","Male","Rural"
17652,16518,5,65,"Hindu","Male","Rural"
17653,11050,6,21,"Hindu","Male","Rural"
17654,547,2,21,"Hindu","Female","Rural"
17655,8722,2,43,"Christian","Male","Rural"
17656,26149,14,36,"Hindu","Male","Rural"
17657,10257,0,44,"Hindu","Male","Rural"
17658,3795,7,32,"Hindu","Female","Rural"
17659,227152,0,42,"Hindu","Male","Rural"
17660,79015,12,48,"Hindu","Female","Urban"
17661,4752,5,27,"Hindu","Male","Rural"
17662,1720,0,18,"Hindu","Male","Rural"
17663,11236,0,18,"Hindu","Female","Rural"
17664,18366,0,43,"Hindu","Female","Rural"
17665,3815,5,18,"Hindu","Male","Rural"
17666,60590,11,28,"Hindu","Male","Rural"
17667,88247,0,44,"Hindu","Male","Urban"
17668,21311,10,35,"Hindu","Male","Urban"
17669,86571,9,30,"Muslim","Male","Urban"
17670,4082,9,43,"Hindu","Male","Rural"
17671,66912,0,50,"Hindu","Male","Rural"
17672,2784,2,48,"Hindu","Female","Rural"
17673,6774,0,27,"Hindu","Male","Rural"
17674,19943,8,22,"Hindu","Female","Rural"
17675,68596,3,56,"Hindu","Female","Rural"
17676,277191,15,54,"Hindu","Male","Rural"
17677,158373,5,46,"Hindu","Female","Rural"
17678,3782,7,43,"Hindu","Male","Rural"
17679,167952,11,50,"Muslim","Male","Rural"
17680,103622,0,31,"Hindu","Male","Urban"
17681,6522,9,44,"Hindu","Female","Urban"
17682,20632,10,46,"Hindu","Male","Rural"
17683,4732,3,51,"Hindu","Female","Rural"
17684,78159,12,30,"Hindu","Male","Urban"
17685,232932,15,37,"Hindu","Male","Rural"
17686,19129,2,27,"Hindu","Male","Rural"
17687,19711,0,26,"Hindu","Female","Rural"
17688,1049,0,38,"Hindu","Male","Rural"
17689,20063,7,36,"Hindu","Male","Rural"
17690,6423,0,29,"Hindu","Male","Rural"
17691,2632,0,41,"Hindu","Female","Rural"
17692,12981,7,33,"Hindu","Male","Rural"
17693,1781,0,47,"Hindu","Female","Rural"
17694,24280,7,46,"Hindu","Male","Urban"
17695,9385,0,41,"Hindu","Female","Rural"
17696,27124,7,49,"Hindu","Male","Urban"
17697,74262,11,47,"Hindu","Male","Rural"
17698,2331,12,35,"Hindu","Female","Rural"
17699,15741,5,18,"Hindu","Female","Rural"
17700,41474,0,26,"Hindu","Male","Urban"
17701,138341,1,47,"Hindu","Male","Rural"
17702,5115,2,51,"Hindu","Male","Rural"
17703,41491,13,30,"Hindu","Male","Rural"
17704,16952,10,61,"Hindu","Female","Rural"
17705,69122,4,59,"Hindu","Male","Rural"
17706,17119,0,24,"Hindu","Male","Rural"
17707,3450,0,32,"Hindu","Female","Rural"
17708,36836,1,43,"Hindu","Male","Rural"
17709,6537,0,39,"Hindu","Female","Rural"
17710,19766,0,55,"Hindu","Female","Rural"
17711,16340,1,51,"Hindu","Female","Rural"
17712,71380,2,65,"Hindu","Male","Rural"
17713,38537,15,36,"Hindu","Male","Urban"
17714,51165,9,53,"Hindu","Male","Urban"
17715,103304,15,18,"Hindu","Female","Rural"
17716,57888,2,32,"Hindu","Female","Urban"
17717,134195,7,42,"Hindu","Male","Urban"
17718,4643,0,65,"Hindu","Female","Rural"
17719,99492,9,50,"Christian","Male","Rural"
17720,21672,5,18,"Hindu","Male","Urban"
17721,11671,2,58,"Hindu","Female","Urban"
17722,10651,13,30,"Hindu","Male","Urban"
17723,36048,0,37,"Hindu","Male","Rural"
17724,167822,8,53,"Christian","Male","Rural"
17725,357766,15,54,"Hindu","Male","Urban"
17726,67421,0,57,"Hindu","Male","Urban"
17727,22670,0,50,"Hindu","Male","Rural"
17728,21842,3,26,"Hindu","Female","Rural"
17729,16298,9,37,"Buddhist","Female","Rural"
17730,128953,15,43,"Hindu","Female","Urban"
17731,3972,4,31,"Hindu","Female","Rural"
17732,819735,12,55,"Hindu","Male","Urban"
17733,27343,7,35,"Hindu","Male","Rural"
17734,1201,0,34,"Hindu","Female","Rural"
17735,13717,4,46,"Hindu","Male","Rural"
17736,165144,8,38,"Hindu","Male","Urban"
17737,24349,5,22,"Hindu","Male","Rural"
17738,155065,11,40,"Muslim","Male","Rural"
17739,4958,0,38,"Hindu","Female","Urban"
17740,19843,5,41,"Hindu","Male","Rural"
17741,8027,0,25,"Hindu","Male","Rural"
17742,1914,0,31,"Hindu","Male","Rural"
17743,47813,7,59,"Hindu","Male","Urban"
17744,16273,4,27,"Hindu","Male","Rural"
17745,8172,4,65,"Hindu","Male","Rural"
17746,92190,6,35,"Muslim","Male","Urban"
17747,8523,8,34,"Hindu","Female","Rural"
17748,1413,0,34,"Hindu","Female","Rural"
17749,96318,4,48,"Hindu","Male","Urban"
17750,5254,0,18,"Hindu","Male","Rural"
17751,32278,7,43,"Muslim","Male","Rural"
17752,119678,3,44,"Muslim","Female","Urban"
17753,13958,12,43,"Hindu","Male","Rural"
17754,35912,2,28,"Hindu","Male","Rural"
17755,9948,0,27,"Hindu","Male","Urban"
17756,32625,0,24,"Hindu","Male","Rural"
17757,6746,6,25,"Hindu","Male","Urban"
17758,94122,10,18,"Hindu","Male","Rural"
17759,20434,3,36,"Hindu","Male","Rural"
17760,19578,6,45,"Hindu","Male","Rural"
17761,9511,2,44,"Hindu","Male","Rural"
17762,1059,0,33,"Hindu","Male","Rural"
17763,31913,9,33,"Muslim","Male","Rural"
17764,16506,2,47,"Hindu","Female","Rural"
17765,31152,11,36,"Hindu","Female","Rural"
17766,20591,5,60,"Hindu","Male","Urban"
17767,3800,0,33,"Hindu","Male","Rural"
17768,128858,8,43,"Hindu","Male","Urban"
17769,104575,15,51,"Hindu","Male","Urban"
17770,65305,0,55,"Hindu","Male","Urban"
17771,55797,6,39,"Muslim","Male","Rural"
17772,6336,0,41,"Hindu","Male","Rural"
17773,26918,12,52,"Hindu","Male","Rural"
17774,9690,6,48,"Hindu","Female","Rural"
17775,33651,3,46,"Hindu","Male","Urban"
17776,18025,9,19,"Hindu","Male","Rural"
17777,25536,2,54,"Hindu","Female","Urban"
17778,37483,2,38,"Hindu","Male","Rural"
17779,4421,7,31,"Hindu","Male","Rural"
17780,23265,6,20,"Tribal","Female","Rural"
17781,14349,9,30,"Hindu","Female","Rural"
17782,4868,1,36,"Hindu","Male","Rural"
17783,9384,14,59,"Hindu","Female","Rural"
17784,19699,6,18,"Hindu","Male","Urban"
17785,11829,0,30,"Hindu","Male","Rural"
17786,104204,1,36,"Hindu","Female","Rural"
17787,36327,1,18,"Hindu","Male","Rural"
17788,149817,0,24,"Hindu","Male","Urban"
17789,68161,15,50,"Hindu","Male","Rural"
17790,62633,0,21,"Sikh","Male","Urban"
17791,11818,2,43,"Hindu","Female","Rural"
17792,21873,2,36,"Hindu","Male","Urban"
17793,9585,7,45,"Hindu","Female","Rural"
17794,61104,10,45,"Hindu","Male","Rural"
17795,21930,3,32,"Hindu","Male","Urban"
17796,8582,0,47,"Hindu","Male","Rural"
17797,19297,0,65,"Hindu","Female","Rural"
17798,34310,3,44,"Muslim","Male","Urban"
17799,98716,2,32,"Hindu","Male","Urban"
17800,3791,11,46,"Hindu","Female","Rural"
17801,10799,2,43,"Buddhist","Female","Rural"
17802,74371,7,37,"Hindu","Male","Urban"
17803,53377,0,38,"Hindu","Male","Urban"
17804,35420,8,53,"Hindu","Female","Rural"
17805,25866,4,24,"Hindu","Male","Urban"
17806,13070,0,40,"Hindu","Female","Rural"
17807,52452,0,18,"Hindu","Male","Urban"
17808,337901,0,43,"Hindu","Male","Urban"
17809,151729,15,43,"Hindu","Male","Rural"
17810,23446,13,30,"Muslim","Male","Urban"
17811,23272,10,40,"Hindu","Male","Urban"
17812,27471,9,50,"Muslim","Female","Rural"
17813,17291,5,39,"Christian","Male","Rural"
17814,11051,15,49,"Hindu","Male","Rural"
17815,141441,10,46,"Hindu","Male","Urban"
17816,2314,0,39,"Hindu","Male","Rural"
17817,13646,4,54,"Hindu","Female","Urban"
17818,53866,6,50,"Hindu","Male","Rural"
17819,24809,7,49,"Hindu","Male","Rural"
17820,45470,0,34,"Hindu","Male","Rural"
17821,4215,0,26,"Hindu","Female","Rural"
17822,3469,12,43,"Hindu","Female","Rural"
17823,32697,13,33,"Hindu","Male","Rural"
17824,10626,5,56,"Hindu","Female","Rural"
17825,34273,15,54,"Hindu","Male","Rural"
17826,116902,10,53,"Hindu","Male","Urban"
17827,26442,15,35,"Sikh","Male","Rural"
17828,11266,9,46,"Hindu","Male","Urban"
17829,4037,1,48,"Hindu","Female","Rural"
17830,18563,8,25,"Hindu","Male","Rural"
17831,103756,15,55,"Hindu","Male","Urban"
17832,539,0,18,"Hindu","Female","Rural"
17833,7868,1,48,"Buddhist","Male","Rural"
17834,108769,14,23,"Hindu","Male","Urban"
17835,109504,12,65,"Hindu","Male","Urban"
17836,10845,0,43,"Hindu","Male","Urban"
17837,107098,11,65,"Hindu","Male","Rural"
17838,5397,2,33,"Tribal","Female","Rural"
17839,17783,9,38,"Hindu","Male","Rural"
17840,15979,0,31,"Hindu","Male","Rural"
17841,66648,13,19,"Hindu","Male","Urban"
17842,76625,0,30,"Hindu","Male","Rural"
17843,6705,0,44,"Hindu","Female","Rural"
17844,27406,0,38,"Hindu","Male","Urban"
17845,19875,1,18,"Hindu","Male","Rural"
17846,13990,1,54,"Hindu","Male","Rural"
17847,21009,0,33,"Hindu","Female","Rural"
17848,15582,7,41,"Hindu","Male","Rural"
17849,8234,0,20,"Hindu","Male","Rural"
17850,3885,5,42,"Hindu","Male","Rural"
17851,5451,1,37,"Hindu","Female","Rural"
17852,18006,12,27,"Hindu","Female","Rural"
17853,6815,0,52,"Muslim","Female","Urban"
17854,29385,0,24,"Hindu","Male","Urban"
17855,121092,0,47,"Muslim","Male","Urban"
17856,27701,0,18,"Hindu","Female","Rural"
17857,63288,0,46,"Hindu","Male","Rural"
17858,28053,2,38,"Hindu","Male","Urban"
17859,1379,5,43,"Hindu","Female","Rural"
17860,43804,0,38,"Muslim","Male","Urban"
17861,205742,15,39,"Hindu","Male","Urban"
17862,60068,5,26,"Hindu","Male","Rural"
17863,447904,5,52,"Hindu","Male","Urban"
17864,59364,4,19,"Hindu","Male","Urban"
17865,10415,5,28,"Hindu","Female","Rural"
17866,29391,15,26,"Hindu","Male","Urban"
17867,37625,0,23,"Hindu","Male","Urban"
17868,34678,8,27,"Hindu","Female","Rural"
17869,15445,9,28,"Hindu","Male","Urban"
17870,6418,8,22,"Hindu","Female","Rural"
17871,26940,0,19,"Hindu","Male","Rural"
17872,30149,1,24,"Hindu","Male","Rural"
17873,39080,0,25,"Hindu","Female","Rural"
17874,16849,2,29,"Hindu","Male","Urban"
17875,52696,9,30,"Hindu","Female","Rural"
17876,1069,5,47,"Muslim","Female","Rural"
17877,6865,2,38,"Hindu","Female","Rural"
17878,61474,12,32,"Muslim","Male","Rural"
17879,9096,0,54,"Hindu","Male","Rural"
17880,25604,2,43,"Hindu","Male","Rural"
17881,2337,4,23,"Hindu","Male","Rural"
17882,10548,0,43,"Hindu","Male","Rural"
17883,1493,0,29,"Muslim","Female","Rural"
17884,26432,7,34,"Muslim","Male","Rural"
17885,15604,4,29,"Hindu","Male","Urban"
17886,66910,0,48,"Hindu","Female","Rural"
17887,13051,0,30,"Hindu","Male","Rural"
17888,39444,11,23,"Hindu","Female","Rural"
17889,7491,5,46,"Hindu","Male","Rural"
17890,70818,14,44,"Hindu","Male","Rural"
17891,122537,15,43,"Jain","Male","Urban"
17892,1154,0,34,"Hindu","Male","Rural"
17893,49245,8,65,"Hindu","Female","Urban"
17894,16636,3,18,"Hindu","Male","Urban"
17895,61999,0,56,"Hindu","Male","Rural"
17896,26119,8,59,"Muslim","Male","Rural"
17897,6404,0,18,"Hindu","Female","Rural"
17898,19846,10,52,"Hindu","Male","Rural"
17899,40869,8,25,"Muslim","Male","Rural"
17900,46417,3,53,"Hindu","Male","Rural"
17901,5895,0,58,"Hindu","Female","Rural"
17902,21024,7,33,"Buddhist","Male","Rural"
17903,24572,7,51,"Hindu","Female","Urban"
17904,11489,2,47,"Muslim","Male","Rural"
17905,163002,14,27,"Hindu","Male","Rural"
17906,12536,0,42,"Hindu","Female","Rural"
17907,2794,5,48,"Hindu","Male","Rural"
17908,51229,13,41,"Hindu","Male","Rural"
17909,15711,5,29,"Muslim","Female","Rural"
17910,17225,11,36,"Hindu","Male","Rural"
17911,7718,8,40,"Hindu","Male","Rural"
17912,86869,12,39,"Hindu","Male","Rural"
17913,7202,4,51,"Hindu","Female","Rural"
17914,3921,2,47,"Hindu","Female","Rural"
17915,2034,9,30,"Hindu","Female","Rural"
17916,10975,3,37,"Hindu","Male","Rural"
17917,10797,5,38,"Muslim","Male","Urban"
17918,17869,7,32,"Hindu","Female","Rural"
17919,19603,10,20,"Muslim","Female","Rural"
17920,11085,7,18,"Hindu","Male","Rural"
17921,17711,6,33,"Hindu","Male","Rural"
17922,3010,2,34,"Hindu","Female","Rural"
17923,26201,14,38,"Hindu","Male","Rural"
17924,71109,15,41,"Hindu","Male","Rural"
17925,7743,9,29,"Hindu","Male","Urban"
17926,39453,12,23,"Hindu","Male","Rural"
17927,57383,11,36,"Hindu","Male","Rural"
17928,15134,9,42,"Hindu","Male","Rural"
17929,76310,9,18,"Hindu","Male","Rural"
17930,7074,4,59,"Hindu","Male","Rural"
17931,4353,5,26,"Hindu","Male","Rural"
17932,4793,0,44,"Muslim","Male","Rural"
17933,1956,0,18,"Hindu","Female","Rural"
17934,310117,15,49,"Hindu","Male","Urban"
17935,20867,0,36,"Hindu","Female","Rural"
17936,155694,6,27,"Hindu","Male","Rural"
17937,161539,3,39,"Christian","Male","Rural"
17938,317753,15,38,"Hindu","Male","Urban"
17939,15705,6,49,"Hindu","Male","Rural"
17940,14064,2,41,"Hindu","Male","Rural"
17941,1364,0,18,"Hindu","Female","Rural"
17942,51910,6,37,"Hindu","Male","Urban"
17943,2693,8,30,"Christian","Female","Rural"
17944,186415,10,40,"Hindu","Male","Urban"
17945,74959,15,31,"Hindu","Female","Urban"
17946,15304,6,37,"Hindu","Male","Rural"
17947,211031,7,42,"Hindu","Male","Urban"
17948,460681,8,65,"Hindu","Male","Urban"
17949,157691,1,47,"Hindu","Male","Urban"
17950,5095,7,38,"Hindu","Female","Rural"
17951,26316,2,38,"Hindu","Female","Rural"
17952,16831,1,49,"Hindu","Female","Rural"
17953,21643,0,44,"Hindu","Male","Urban"
17954,9796,0,18,"Hindu","Female","Rural"
17955,135880,14,49,"Hindu","Male","Rural"
17956,14667,5,47,"Hindu","Male","Rural"
17957,54376,6,44,"Muslim","Male","Rural"
17958,1152,0,30,"Hindu","Female","Rural"
17959,23212,0,51,"Hindu","Female","Rural"
17960,6368,0,33,"Hindu","Female","Rural"
17961,45973,4,18,"Hindu","Male","Urban"
17962,56359,0,44,"Hindu","Male","Urban"
17963,82583,0,18,"Hindu","Male","Urban"
17964,20491,0,45,"Hindu","Male","Rural"
17965,34208,4,48,"Hindu","Male","Urban"
17966,64998,10,44,"Hindu","Male","Urban"
17967,12563,1,43,"Hindu","Female","Urban"
17968,7072,1,39,"Muslim","Male","Rural"
17969,35278,2,23,"Hindu","Male","Rural"
17970,7055,0,39,"Hindu","Male","Rural"
17971,565106,7,48,"Hindu","Male","Rural"
17972,23684,11,44,"Hindu","Male","Rural"
17973,26811,5,44,"Muslim","Male","Urban"
17974,1667,10,49,"Hindu","Female","Rural"
17975,9830,0,36,"Hindu","Female","Urban"
17976,5698,2,34,"Muslim","Female","Rural"
17977,15993,4,30,"Hindu","Female","Rural"
17978,8724,3,31,"Hindu","Male","Rural"
17979,6165,0,36,"Hindu","Male","Rural"
17980,9496,0,38,"Hindu","Female","Rural"
17981,36425,5,32,"Hindu","Male","Rural"
17982,283457,12,28,"Hindu","Male","Urban"
17983,140255,1,65,"Muslim","Male","Rural"
17984,102658,6,37,"Hindu","Male","Rural"
17985,57151,5,20,"Hindu","Male","Urban"
17986,17863,9,22,"Hindu","Male","Urban"
17987,9473,7,48,"Hindu","Male","Rural"
17988,11503,15,36,"Muslim","Female","Rural"
17989,31557,0,45,"Hindu","Male","Rural"
17990,38881,0,45,"Hindu","Male","Rural"
17991,207685,6,65,"Hindu","Male","Urban"
17992,59331,4,54,"Hindu","Male","Rural"
17993,5733,0,37,"Hindu","Female","Rural"
17994,25965,1,58,"Hindu","Male","Rural"
17995,52907,12,55,"Hindu","Male","Rural"
17996,35546,5,38,"Hindu","Female","Urban"
17997,40370,8,31,"Hindu","Male","Rural"
17998,60671,13,55,"Hindu","Male","Rural"
17999,169958,14,43,"Tribal","Male","Urban"
18000,24687,14,47,"Hindu","Female","Urban"
18001,9939,4,42,"Hindu","Male","Rural"
18002,26399,15,23,"Hindu","Male","Rural"
18003,15603,7,43,"Hindu","Female","Rural"
18004,4051,8,56,"Hindu","Male","Rural"
18005,12155,6,44,"Hindu","Male","Rural"
18006,18123,8,52,"Hindu","Female","Rural"
18007,14663,12,34,"Hindu","Male","Rural"
18008,143453,15,42,"Hindu","Male","Rural"
18009,15548,13,36,"Hindu","Male","Rural"
18010,37481,10,37,"Hindu","Female","Urban"
18011,34001,5,58,"Christian","Male","Rural"
18012,17407,0,25,"Hindu","Male","Rural"
18013,18603,10,40,"Hindu","Female","Rural"
18014,98202,6,29,"Hindu","Male","Rural"
18015,56832,8,41,"Hindu","Male","Rural"
18016,13142,6,37,"Hindu","Female","Rural"
18017,6044,9,54,"Hindu","Male","Rural"
18018,74656,6,51,"Hindu","Female","Rural"
18019,55731,2,34,"Hindu","Male","Rural"
18020,10800,2,22,"Hindu","Female","Rural"
18021,30571,3,39,"Muslim","Female","Rural"
18022,25289,0,47,"Hindu","Male","Rural"
18023,35057,15,18,"Hindu","Male","Rural"
18024,7524,0,56,"Muslim","Male","Rural"
18025,80596,3,45,"Hindu","Male","Urban"
18026,25178,0,38,"Hindu","Male","Urban"
18027,20911,15,32,"Hindu","Male","Rural"
18028,8138,12,51,"Hindu","Male","Urban"
18029,4859,0,27,"Muslim","Male","Rural"
18030,11719,4,43,"Hindu","Male","Rural"
18031,16279,1,30,"Hindu","Male","Urban"
18032,41259,0,37,"Hindu","Male","Rural"
18033,5190,0,37,"Muslim","Male","Rural"
18034,15985,7,51,"Hindu","Male","Rural"
18035,72244,15,50,"Hindu","Male","Rural"
18036,73217,0,28,"Hindu","Male","Urban"
18037,15836,0,55,"Christian","Male","Rural"
18038,19073,0,29,"Hindu","Male","Rural"
18039,30518,0,35,"Hindu","Male","Rural"
18040,43464,8,65,"Hindu","Female","Rural"
18041,121113,0,52,"Hindu","Male","Urban"
18042,41600,2,32,"Hindu","Female","Urban"
18043,86055,12,57,"Hindu","Male","Urban"
18044,28148,3,60,"Hindu","Male","Rural"
18045,14681,5,33,"Hindu","Male","Rural"
18046,44134,0,48,"Muslim","Male","Rural"
18047,38475,10,21,"Hindu","Female","Rural"
18048,67633,3,38,"Hindu","Male","Rural"
18049,4318,8,53,"Hindu","Female","Rural"
18050,18881,6,32,"Muslim","Male","Rural"
18051,45458,0,45,"Hindu","Male","Urban"
18052,9946,0,45,"Muslim","Female","Rural"
18053,32411,0,26,"Hindu","Male","Urban"
18054,164165,15,40,"Muslim","Male","Rural"
18055,2204,0,23,"Hindu","Male","Rural"
18056,21251,0,52,"Muslim","Male","Rural"
18057,3516,3,46,"Hindu","Female","Rural"
18058,11018,0,29,"Hindu","Male","Rural"
18059,96484,0,46,"Hindu","Male","Rural"
18060,222250,15,31,"Hindu","Male","Urban"
18061,18393,13,43,"Hindu","Female","Rural"
18062,120757,13,37,"Muslim","Male","Rural"
18063,416925,1,34,"Hindu","Male","Rural"
18064,174776,7,25,"Hindu","Male","Urban"
18065,33514,0,40,"Hindu","Male","Rural"
18066,30281,0,55,"Muslim","Female","Rural"
18067,55304,9,28,"Sikh","Male","Urban"
18068,3447,8,38,"Hindu","Female","Rural"
18069,35611,0,29,"Muslim","Female","Rural"
18070,121818,10,42,"Hindu","Male","Urban"
18071,28348,0,38,"Hindu","Male","Rural"
18072,6733,0,53,"Hindu","Male","Rural"
18073,12153,0,40,"Hindu","Female","Rural"
18074,8034,0,58,"Hindu","Male","Rural"
18075,59286,15,26,"Hindu","Female","Urban"
18076,3632,0,34,"Hindu","Male","Rural"
18077,184361,2,51,"Hindu","Female","Rural"
18078,22038,0,54,"Hindu","Male","Rural"
18079,5560,0,34,"Hindu","Male","Rural"
18080,8423,1,46,"Muslim","Female","Urban"
18081,7585,0,32,"Hindu","Male","Rural"
18082,39167,8,49,"Hindu","Male","Rural"
18083,114380,11,49,"Hindu","Male","Urban"
18084,80876,10,41,"Hindu","Male","Rural"
18085,11702,0,39,"Hindu","Female","Rural"
18086,111610,0,34,"Hindu","Male","Urban"
18087,72659,13,37,"Hindu","Male","Rural"
18088,11047,0,41,"Hindu","Male","Rural"
18089,90094,2,48,"Hindu","Male","Urban"
18090,6650,0,43,"Hindu","Female","Rural"
18091,9332,11,29,"Hindu","Male","Rural"
18092,14177,2,29,"Hindu","Male","Rural"
18093,42396,0,37,"Hindu","Male","Rural"
18094,24875,8,39,"Hindu","Male","Urban"
18095,4303,6,37,"Hindu","Male","Rural"
18096,119609,4,55,"Muslim","Male","Rural"
18097,11966,3,41,"Hindu","Male","Urban"
18098,11194,14,49,"Hindu","Female","Rural"
18099,832,0,22,"Hindu","Female","Rural"
18100,281970,1,53,"Christian","Male","Rural"
18101,11096,10,27,"Hindu","Male","Rural"
18102,57796,7,42,"Muslim","Male","Rural"
18103,15738,11,35,"Hindu","Male","Rural"
18104,44888,9,43,"Hindu","Male","Rural"
18105,5141,0,52,"Hindu","Male","Rural"
18106,15886,10,38,"Hindu","Male","Rural"
18107,4141,0,50,"Muslim","Female","Rural"
18108,15307,5,29,"Muslim","Female","Rural"
18109,4646,0,34,"Hindu","Male","Rural"
18110,34479,0,49,"Hindu","Male","Rural"
18111,10630,0,34,"Muslim","Male","Urban"
18112,25519,9,46,"Sikh","Male","Rural"
18113,111518,4,35,"Hindu","Male","Urban"
18114,100902,0,55,"Hindu","Male","Rural"
18115,2915,2,36,"Hindu","Male","Rural"
18116,40811,15,36,"Hindu","Male","Rural"
18117,13735,9,28,"Hindu","Male","Rural"
18118,26268,0,56,"Christian","Female","Rural"
18119,331924,5,49,"Muslim","Male","Rural"
18120,37893,6,36,"Hindu","Male","Rural"
18121,84294,0,35,"Hindu","Male","Rural"
18122,5727,8,41,"Hindu","Female","Rural"
18123,37667,6,53,"Muslim","Male","Rural"
18124,180613,14,44,"Hindu","Male","Urban"
18125,81399,0,32,"Hindu","Male","Rural"
18126,15931,8,22,"Hindu","Male","Rural"
18127,125200,0,30,"Muslim","Male","Urban"
18128,4520,0,42,"Hindu","Female","Rural"
18129,222123,12,65,"Hindu","Male","Rural"
18130,1614,0,29,"Hindu","Female","Rural"
18131,32838,2,44,"Hindu","Male","Rural"
18132,8497,0,37,"Hindu","Female","Rural"
18133,14752,0,34,"Muslim","Male","Rural"
18134,34880,4,53,"Hindu","Male","Rural"
18135,17471,6,43,"Hindu","Male","Urban"
18136,29487,4,43,"Hindu","Female","Rural"
18137,30622,6,32,"Hindu","Male","Rural"
18138,105894,1,48,"Hindu","Female","Urban"
18139,9644,5,46,"Hindu","Female","Rural"
18140,46902,11,50,"Muslim","Male","Rural"
18141,4586,9,44,"Muslim","Male","Rural"
18142,36826,0,34,"Muslim","Male","Rural"
18143,80618,0,54,"Hindu","Female","Urban"
18144,6379,7,40,"Christian","Female","Rural"
18145,114472,3,60,"Hindu","Male","Rural"
18146,23011,10,65,"Muslim","Male","Urban"
18147,6475,5,36,"Hindu","Male","Rural"
18148,12506,2,42,"Hindu","Male","Urban"
18149,113327,5,50,"Hindu","Male","Urban"
18150,72836,0,50,"Hindu","Male","Rural"
18151,18273,11,54,"Hindu","Female","Rural"
18152,188738,10,60,"Hindu","Male","Urban"
18153,52861,10,37,"Tribal","Male","Rural"
18154,36919,15,19,"Hindu","Male","Rural"
18155,143312,0,32,"Hindu","Male","Rural"
18156,23092,6,51,"Hindu","Female","Rural"
18157,7231,0,45,"Muslim","Female","Rural"
18158,88553,3,55,"Hindu","Male","Rural"
18159,7408,0,27,"Hindu","Male","Rural"
18160,585902,6,35,"Sikh","Male","Rural"
18161,9257,11,33,"Hindu","Male","Rural"
18162,12833,2,48,"Hindu","Female","Rural"
18163,71350,5,33,"Hindu","Male","Rural"
18164,1663,7,45,"Hindu","Male","Rural"
18165,48328,11,36,"Hindu","Male","Rural"
18166,331935,10,24,"Hindu","Male","Urban"
18167,13007,0,28,"Hindu","Male","Rural"
18168,2714,2,41,"Hindu","Female","Rural"
18169,8386,0,29,"Hindu","Male","Rural"
18170,20085,0,25,"Hindu","Female","Rural"
18171,8417,5,65,"Buddhist","Female","Rural"
18172,33791,0,41,"Hindu","Male","Urban"
18173,220479,15,21,"Muslim","Male","Rural"
18174,73959,12,43,"Hindu","Male","Urban"
18175,11101,0,34,"Hindu","Male","Rural"
18176,7175,0,38,"Hindu","Male","Rural"
18177,132199,10,22,"Hindu","Male","Urban"
18178,7246,0,18,"Hindu","Male","Rural"
18179,9788,0,54,"Hindu","Male","Rural"
18180,14605,5,37,"Hindu","Female","Urban"
18181,3929,0,39,"Hindu","Male","Rural"
18182,95124,1,31,"Buddhist","Male","Rural"
18183,13098,4,48,"Hindu","Female","Rural"
18184,20506,9,44,"Hindu","Male","Rural"
18185,29515,5,41,"Hindu","Female","Rural"
18186,9526,14,28,"Hindu","Male","Urban"
18187,70347,5,34,"Hindu","Male","Rural"
18188,6743,0,43,"Hindu","Male","Rural"
18189,1876,0,44,"Hindu","Female","Rural"
18190,19228,14,48,"Hindu","Female","Rural"
18191,15695,8,51,"Hindu","Male","Rural"
18192,6844,0,36,"Hindu","Male","Rural"
18193,2287,0,52,"Muslim","Male","Rural"
18194,72689,2,45,"Hindu","Male","Urban"
18195,67720,3,49,"Hindu","Male","Urban"
18196,13816,5,22,"Hindu","Male","Rural"
18197,17576,0,51,"Hindu","Male","Rural"
18198,2821,0,43,"Muslim","Female","Rural"
18199,43635,3,34,"Muslim","Male","Urban"
18200,7004,0,26,"Muslim","Male","Rural"
18201,87279,8,18,"Hindu","Male","Urban"
18202,10151,0,18,"Hindu","Female","Rural"
18203,31812,12,41,"Hindu","Male","Rural"
18204,8128,3,28,"Hindu","Female","Rural"
18205,26651,6,18,"Hindu","Male","Rural"
18206,26036,0,48,"Hindu","Male","Rural"
18207,14054,7,41,"Muslim","Male","Rural"
18208,31676,6,54,"Muslim","Male","Urban"
18209,49116,10,26,"Hindu","Female","Urban"
18210,25462,3,37,"Hindu","Male","Rural"
18211,25705,13,28,"Hindu","Female","Urban"
18212,18981,1,18,"Hindu","Male","Rural"
18213,4141,5,44,"Hindu","Male","Rural"
18214,66161,9,57,"Hindu","Male","Urban"
18215,7899,0,52,"Hindu","Female","Rural"
18216,3261,0,39,"Hindu","Female","Rural"
18217,6195,0,21,"Hindu","Male","Rural"
18218,26562,6,38,"Muslim","Male","Rural"
18219,25424,5,52,"Hindu","Male","Rural"
18220,33904,8,39,"Muslim","Male","Rural"
18221,16513,8,37,"Hindu","Female","Urban"
18222,2230,5,42,"Hindu","Male","Rural"
18223,41946,7,30,"Hindu","Male","Rural"
18224,25509,9,50,"Muslim","Male","Rural"
18225,13164,10,41,"Hindu","Female","Urban"
18226,26844,10,38,"Hindu","Female","Rural"
18227,8164,9,25,"Hindu","Male","Rural"
18228,10914,11,36,"Muslim","Female","Rural"
18229,12982,0,22,"Hindu","Male","Rural"
18230,33113,14,35,"Hindu","Male","Urban"
18231,92398,5,59,"Hindu","Female","Rural"
18232,189081,5,18,"Hindu","Male","Rural"
18233,217542,15,26,"Hindu","Male","Urban"
18234,72814,3,50,"Hindu","Female","Rural"
18235,9343,0,25,"Hindu","Female","Rural"
18236,6936,8,45,"Hindu","Female","Rural"
18237,6181,0,24,"Hindu","Male","Rural"
18238,39341,0,65,"Hindu","Male","Rural"
18239,3499,5,31,"Hindu","Female","Rural"
18240,74348,8,47,"Hindu","Male","Urban"
18241,33270,5,35,"Hindu","Female","Rural"
18242,72461,8,48,"Hindu","Male","Urban"
18243,8183,0,41,"Muslim","Female","Rural"
18244,3521,0,29,"Hindu","Male","Rural"
18245,4666,12,29,"Hindu","Male","Rural"
18246,4298,3,25,"Hindu","Female","Urban"
18247,16228,6,53,"Hindu","Male","Rural"
18248,15542,10,25,"Hindu","Female","Rural"
18249,42613,2,32,"Hindu","Male","Urban"
18250,35375,15,27,"Hindu","Female","Urban"
18251,58502,2,51,"Hindu","Male","Rural"
18252,20976,7,46,"Hindu","Female","Rural"
18253,19595,7,28,"Hindu","Female","Rural"
18254,14247,1,51,"Hindu","Female","Rural"
18255,44278,3,60,"Hindu","Male","Rural"
18256,64049,15,65,"Sikh","Female","Rural"
18257,52514,7,33,"Muslim","Female","Rural"
18258,31294,10,28,"Hindu","Male","Rural"
18259,76234,4,28,"Hindu","Male","Rural"
18260,8049,7,55,"Hindu","Male","Rural"
18261,34324,1,40,"Hindu","Female","Rural"
18262,27299,5,41,"Hindu","Female","Rural"
18263,8349,6,38,"Hindu","Female","Rural"
18264,10273,0,29,"Hindu","Male","Urban"
18265,88003,2,51,"Hindu","Male","Urban"
18266,150342,11,26,"Hindu","Male","Urban"
18267,174175,15,38,"Hindu","Female","Urban"
18268,9347,12,23,"Hindu","Male","Rural"
18269,20217,6,61,"Christian","Male","Rural"
18270,46075,8,41,"Muslim","Female","Rural"
18271,22617,0,33,"Hindu","Male","Urban"
18272,30039,0,29,"Hindu","Male","Rural"
18273,35820,14,23,"Hindu","Male","Urban"
18274,28390,0,18,"Hindu","Female","Rural"
18275,111802,3,43,"Buddhist","Male","Rural"
18276,51912,14,48,"Hindu","Male","Rural"
18277,24405,7,28,"Hindu","Male","Rural"
18278,22643,0,45,"Hindu","Male","Rural"
18279,150337,9,51,"Hindu","Male","Urban"
18280,26926,15,31,"Hindu","Female","Rural"
18281,13949,10,61,"Hindu","Male","Rural"
18282,10725,2,57,"Hindu","Female","Rural"
18283,6598,4,29,"Hindu","Male","Urban"
18284,17615,3,51,"Hindu","Male","Rural"
18285,424012,0,37,"Hindu","Male","Rural"
18286,7721,4,49,"Hindu","Female","Rural"
18287,20066,3,52,"Hindu","Male","Rural"
18288,45555,12,61,"Hindu","Male","Rural"
18289,14805,0,21,"Muslim","Female","Rural"
18290,19231,0,23,"Hindu","Male","Rural"
18291,24355,4,23,"Hindu","Male","Rural"
18292,9140,0,53,"Muslim","Female","Rural"
18293,20798,7,47,"Hindu","Male","Rural"
18294,3542,3,37,"Hindu","Female","Rural"
18295,50838,9,33,"Hindu","Female","Rural"
18296,30383,7,31,"Christian","Male","Rural"
18297,122523,15,35,"Hindu","Male","Urban"
18298,41811,5,44,"Muslim","Male","Rural"
18299,43119,2,44,"Hindu","Male","Rural"
18300,48300,0,52,"Hindu","Male","Urban"
18301,5249,1,21,"Hindu","Male","Rural"
18302,3729,5,45,"Muslim","Female","Rural"
18303,13019,15,25,"Hindu","Male","Rural"
18304,11881,4,27,"Hindu","Male","Urban"
18305,61918,12,26,"Hindu","Female","Urban"
18306,93125,12,37,"Hindu","Male","Rural"
18307,51455,6,18,"Hindu","Male","Rural"
18308,17352,9,39,"Hindu","Female","Rural"
18309,2432,0,43,"Hindu","Female","Rural"
18310,184735,8,41,"Muslim","Male","Urban"
18311,4286,7,50,"Hindu","Female","Urban"
18312,37198,0,39,"Hindu","Male","Rural"
18313,36958,0,18,"Muslim","Female","Urban"
18314,41019,1,50,"Hindu","Female","Urban"
18315,27955,6,23,"Hindu","Female","Rural"
18316,28445,1,38,"Christian","Male","Rural"
18317,9184,2,49,"Hindu","Female","Rural"
18318,10546,5,46,"Muslim","Male","Rural"
18319,13852,3,44,"Hindu","Male","Rural"
18320,20088,2,43,"Hindu","Male","Urban"
18321,31997,7,22,"Hindu","Male","Urban"
18322,46790,9,36,"Hindu","Male","Rural"
18323,33879,8,57,"Hindu","Female","Urban"
18324,59570,6,45,"Hindu","Female","Rural"
18325,22509,4,21,"Hindu","Male","Urban"
18326,19212,12,34,"Hindu","Male","Rural"
18327,46187,14,50,"Hindu","Male","Rural"
18328,79447,10,48,"Christian","Male","Rural"
18329,125244,3,45,"Hindu","Male","Rural"
18330,32669,8,33,"Hindu","Male","Rural"
18331,220918,8,28,"Hindu","Male","Urban"
18332,6253,5,18,"Hindu","Male","Rural"
18333,151404,0,36,"Hindu","Male","Rural"
18334,8701,15,28,"Hindu","Female","Urban"
18335,13861,10,21,"Hindu","Female","Urban"
18336,16359,2,53,"Hindu","Female","Rural"
18337,2631,0,39,"Hindu","Female","Rural"
18338,8556,0,52,"Muslim","Male","Rural"
18339,124371,15,62,"Hindu","Male","Rural"
18340,22981,4,35,"Hindu","Male","Rural"
18341,94018,0,24,"Muslim","Male","Rural"
18342,13139,10,18,"Hindu","Male","Rural"
18343,127754,8,34,"Hindu","Male","Rural"
18344,21728,8,36,"Hindu","Male","Rural"
18345,10690,5,40,"Hindu","Male","Rural"
18346,3143,0,44,"Hindu","Female","Rural"
18347,29621,7,22,"Hindu","Male","Rural"
18348,10895,13,20,"Hindu","Male","Urban"
18349,4396,0,60,"Hindu","Male","Rural"
18350,3321,10,18,"Hindu","Male","Rural"
18351,22823,7,36,"Christian","Male","Rural"
18352,27955,0,31,"Hindu","Male","Rural"
18353,4574,6,53,"Hindu","Male","Rural"
18354,14010,15,20,"Hindu","Male","Rural"
18355,155108,9,26,"Hindu","Male","Rural"
18356,5338,0,40,"Hindu","Female","Rural"
18357,26772,6,35,"Hindu","Male","Rural"
18358,240301,13,49,"Hindu","Male","Rural"
18359,42940,11,33,"Hindu","Male","Rural"
18360,212704,12,52,"Muslim","Male","Rural"
18361,87474,15,44,"Hindu","Male","Rural"
18362,2547,0,41,"Hindu","Male","Rural"
18363,24800,0,64,"Hindu","Male","Rural"
18364,77395,7,32,"Hindu","Male","Rural"
18365,8563,15,33,"Hindu","Male","Rural"
18366,85235,6,18,"Hindu","Male","Rural"
18367,11035,5,48,"Hindu","Male","Urban"
18368,87716,6,18,"Hindu","Male","Urban"
18369,38187,4,39,"Hindu","Male","Rural"
18370,46195,0,46,"Christian","Male","Rural"
18371,40109,9,25,"Christian","Male","Urban"
18372,2050,4,18,"Hindu","Female","Rural"
18373,46279,0,33,"Muslim","Male","Rural"
18374,54690,6,51,"Hindu","Male","Rural"
18375,3441,0,48,"Hindu","Male","Rural"
18376,26316,4,43,"Hindu","Male","Rural"
18377,218378,7,62,"Muslim","Male","Urban"
18378,22865,12,29,"Muslim","Female","Urban"
18379,22424,0,27,"Hindu","Female","Rural"
18380,11975,12,25,"Hindu","Male","Rural"
18381,13313,4,31,"Hindu","Female","Urban"
18382,17580,15,28,"Hindu","Female","Rural"
18383,115277,13,34,"Tribal","Female","Rural"
18384,13900,9,57,"Hindu","Female","Rural"
18385,70258,7,37,"Hindu","Male","Rural"
18386,69064,0,48,"Buddhist","Male","Urban"
18387,10277,2,45,"Hindu","Female","Rural"
18388,28740,0,40,"Hindu","Male","Rural"
18389,3454,11,35,"Muslim","Male","Rural"
18390,14538,10,18,"Hindu","Male","Urban"
18391,67180,13,45,"Hindu","Male","Rural"
18392,52864,12,60,"Hindu","Male","Urban"
18393,21261,0,34,"Hindu","Male","Rural"
18394,64542,3,43,"Hindu","Male","Rural"
18395,13867,7,48,"Muslim","Female","Rural"
18396,9857,10,39,"Sikh","Female","Rural"
18397,24065,6,38,"Hindu","Male","Rural"
18398,40627,4,35,"Hindu","Male","Rural"
18399,16624,7,51,"Hindu","Female","Rural"
18400,6113,13,40,"Hindu","Male","Rural"
18401,69571,9,60,"Hindu","Male","Rural"
18402,37197,3,35,"Hindu","Female","Rural"
18403,36444,0,41,"Hindu","Female","Rural"
18404,112524,15,33,"Hindu","Female","Urban"
18405,15488,5,23,"Hindu","Male","Rural"
18406,8335,0,46,"Muslim","Female","Rural"
18407,44765,12,47,"Hindu","Male","Urban"
18408,31560,0,38,"Muslim","Male","Rural"
18409,3848,0,38,"Hindu","Female","Rural"
18410,35445,0,33,"Hindu","Male","Rural"
18411,12418,4,18,"Hindu","Female","Rural"
18412,32676,1,38,"Hindu","Male","Urban"
18413,38771,7,63,"Hindu","Female","Rural"
18414,5933,0,33,"Hindu","Female","Rural"
18415,41118,5,26,"Hindu","Female","Rural"
18416,12546,10,42,"Hindu","Female","Rural"
18417,49624,14,55,"Muslim","Female","Rural"
18418,17458,9,33,"Hindu","Male","Rural"
18419,3879,0,29,"Hindu","Male","Rural"
18420,5959,6,42,"Hindu","Female","Rural"
18421,10838,0,35,"Hindu","Female","Rural"
18422,1392,0,32,"Hindu","Female","Urban"
18423,19474,4,37,"Muslim","Male","Urban"
18424,88400,0,47,"Hindu","Male","Rural"
18425,7229,0,57,"Muslim","Female","Rural"
18426,8266,15,43,"Hindu","Female","Rural"
18427,7179,0,32,"Hindu","Male","Rural"
18428,16191,0,31,"Hindu","Male","Rural"
18429,9867,0,46,"Hindu","Male","Rural"
18430,16011,0,65,"Hindu","Male","Rural"
18431,41108,0,59,"Hindu","Male","Rural"
18432,178604,12,23,"Muslim","Male","Urban"
18433,4281,3,43,"Hindu","Female","Rural"
18434,28142,2,54,"Hindu","Male","Rural"
18435,116008,3,37,"Hindu","Male","Rural"
18436,14517,11,59,"Hindu","Male","Rural"
18437,37612,8,55,"Hindu","Male","Rural"
18438,20673,0,38,"Hindu","Male","Rural"
18439,117918,14,60,"Christian","Female","Urban"
18440,8624,3,32,"Hindu","Female","Rural"
18441,38359,11,26,"Hindu","Male","Rural"
18442,169660,2,38,"Christian","Male","Rural"
18443,48865,5,46,"Hindu","Male","Rural"
18444,30806,9,25,"Sikh","Male","Rural"
18445,1953,4,36,"Hindu","Male","Rural"
18446,14972,5,31,"Hindu","Female","Rural"
18447,31029,1,50,"Hindu","Male","Rural"
18448,191556,3,37,"Hindu","Male","Rural"
18449,95751,2,24,"Muslim","Male","Rural"
18450,22605,3,37,"Hindu","Female","Urban"
18451,14434,4,29,"Hindu","Female","Rural"
18452,112723,10,18,"Hindu","Male","Rural"
18453,5546,5,45,"Hindu","Male","Rural"
18454,14549,4,38,"Hindu","Female","Rural"
18455,29931,0,30,"Hindu","Male","Rural"
18456,24957,0,49,"Hindu","Male","Rural"
18457,8585,5,41,"Hindu","Male","Rural"
18458,45234,3,44,"Hindu","Male","Rural"
18459,1468,0,18,"Muslim","Male","Rural"
18460,26558,0,30,"Hindu","Male","Rural"
18461,49426,11,46,"Hindu","Female","Rural"
18462,368505,15,30,"Christian","Male","Urban"
18463,6943,3,37,"Christian","Female","Rural"
18464,11845,15,18,"Hindu","Male","Rural"
18465,5060,0,37,"Hindu","Male","Urban"
18466,22957,6,22,"Hindu","Female","Rural"
18467,36792,3,50,"Hindu","Male","Rural"
18468,35535,2,36,"Hindu","Male","Rural"
18469,14606,7,19,"Hindu","Female","Rural"
18470,127867,12,22,"Tribal","Female","Urban"
18471,50049,15,21,"Hindu","Male","Rural"
18472,27549,13,28,"Hindu","Male","Urban"
18473,15956,1,54,"Hindu","Female","Rural"
18474,7583,4,43,"Hindu","Female","Rural"
18475,30241,0,65,"Hindu","Male","Rural"
18476,20771,7,40,"Hindu","Male","Urban"
18477,34327,11,57,"Hindu","Female","Urban"
18478,5255,0,27,"Hindu","Male","Rural"
18479,13989,0,36,"Hindu","Male","Rural"
18480,24024,0,31,"Hindu","Female","Rural"
18481,31917,0,42,"Hindu","Female","Rural"
18482,9532,4,42,"Christian","Male","Rural"
18483,10723,0,38,"Muslim","Male","Rural"
18484,81075,15,35,"Christian","Male","Urban"
18485,10361,0,25,"Hindu","Female","Rural"
18486,18455,13,30,"Hindu","Male","Rural"
18487,102353,9,43,"Christian","Male","Rural"
18488,160255,11,64,"Christian","Male","Urban"
18489,47589,4,42,"Hindu","Male","Rural"
18490,42259,8,42,"Hindu","Female","Urban"
18491,7092,0,32,"Hindu","Female","Rural"
18492,9971,7,50,"Hindu","Female","Rural"
18493,2533,6,50,"Hindu","Male","Rural"
18494,5553,7,18,"Hindu","Female","Rural"
18495,10226,3,48,"Hindu","Male","Rural"
18496,6623,0,24,"Sikh","Female","Rural"
18497,17837,1,44,"Hindu","Male","Rural"
18498,85452,15,30,"Hindu","Male","Urban"
18499,7752,4,38,"Hindu","Male","Rural"
18500,17439,0,48,"Hindu","Female","Rural"
18501,28991,6,47,"Muslim","Male","Rural"
18502,22861,4,46,"Hindu","Female","Rural"
18503,2111,9,53,"Hindu","Female","Rural"
18504,27779,12,28,"Hindu","Male","Rural"
18505,11385,9,38,"Hindu","Female","Rural"
18506,4842,7,30,"Hindu","Female","Rural"
18507,76677,2,65,"Tribal","Male","Rural"
18508,17119,15,47,"Muslim","Male","Urban"
18509,18761,0,28,"Hindu","Male","Urban"
18510,4510,1,19,"Hindu","Male","Rural"
18511,77489,0,59,"Hindu","Male","Rural"
18512,65117,14,38,"Muslim","Male","Urban"
18513,5408,0,56,"Hindu","Female","Rural"
18514,21674,3,40,"Sikh","Male","Rural"
18515,36221,11,44,"Hindu","Male","Rural"
18516,97485,5,31,"Hindu","Male","Urban"
18517,33692,0,32,"Hindu","Male","Urban"
18518,141542,9,31,"Hindu","Male","Urban"
18519,82350,9,48,"Hindu","Female","Urban"
18520,6329,1,18,"Hindu","Female","Rural"
18521,8263,0,23,"Hindu","Male","Rural"
18522,34525,8,26,"Hindu","Male","Rural"
18523,4787,0,39,"Muslim","Female","Urban"
18524,10095,5,38,"Hindu","Male","Rural"
18525,48202,0,49,"Hindu","Male","Rural"
18526,2728,0,55,"Hindu","Male","Rural"
18527,9235,8,31,"Hindu","Male","Urban"
18528,29655,11,31,"Hindu","Female","Rural"
18529,164053,4,64,"Hindu","Male","Rural"
18530,248735,3,43,"Muslim","Male","Urban"
18531,56427,3,39,"Hindu","Male","Rural"
18532,10101,0,28,"Hindu","Male","Rural"
18533,12366,2,41,"Christian","Female","Rural"
18534,59104,9,28,"Hindu","Male","Urban"
18535,8374,0,18,"Hindu","Male","Rural"
18536,4704,4,32,"Hindu","Male","Rural"
18537,96852,0,55,"Hindu","Male","Urban"
18538,13712,10,54,"Muslim","Male","Rural"
18539,73649,0,36,"Hindu","Male","Rural"
18540,10308,10,34,"Hindu","Female","Rural"
18541,122069,10,30,"Hindu","Female","Urban"
18542,270733,15,21,"Hindu","Male","Urban"
18543,8195,0,42,"Hindu","Male","Urban"
18544,13335,0,25,"Hindu","Male","Rural"
18545,1594,0,56,"Hindu","Female","Rural"
18546,8213,5,22,"Hindu","Male","Rural"
18547,42944,0,48,"Hindu","Male","Rural"
18548,2711,0,24,"Hindu","Female","Rural"
18549,78291,14,40,"Muslim","Male","Urban"
18550,26657,2,42,"Hindu","Male","Rural"
18551,41395,15,39,"Hindu","Male","Rural"
18552,5895,3,36,"Hindu","Female","Rural"
18553,20818,0,40,"Hindu","Male","Rural"
18554,11270,2,51,"Hindu","Female","Rural"
18555,15968,9,44,"Hindu","Male","Rural"
18556,30429,6,32,"Sikh","Female","Urban"
18557,52847,12,39,"Hindu","Female","Rural"
18558,32045,9,26,"Hindu","Male","Urban"
18559,269788,14,33,"Hindu","Male","Urban"
18560,28551,13,65,"Hindu","Female","Rural"
18561,21384,1,35,"Hindu","Female","Rural"
18562,37747,11,31,"Hindu","Male","Rural"
18563,29683,0,48,"Hindu","Male","Rural"
18564,16568,1,33,"Hindu","Female","Rural"
18565,24629,2,34,"Hindu","Male","Rural"
18566,4273,0,47,"Hindu","Male","Rural"
18567,33094,4,43,"Hindu","Male","Urban"
18568,24821,0,56,"Hindu","Female","Rural"
18569,9071,1,48,"Hindu","Male","Rural"
18570,22949,6,33,"Hindu","Male","Urban"
18571,7678,0,48,"Hindu","Female","Urban"
18572,5070,9,34,"Hindu","Female","Rural"
18573,14544,14,51,"Hindu","Female","Urban"
18574,22450,11,30,"Muslim","Male","Rural"
18575,75675,4,33,"Hindu","Male","Rural"
18576,16200,5,27,"Hindu","Male","Rural"
18577,1351,5,43,"Muslim","Male","Rural"
18578,251002,15,18,"Hindu","Male","Urban"
18579,122609,12,41,"Hindu","Male","Urban"
18580,146410,1,54,"Hindu","Female","Rural"
18581,82061,0,36,"Hindu","Male","Urban"
18582,3655,15,29,"Hindu","Female","Rural"
18583,38967,0,35,"Hindu","Male","Rural"
18584,1506,2,46,"Hindu","Male","Rural"
18585,32453,5,30,"Muslim","Male","Urban"
18586,52114,13,32,"Hindu","Female","Rural"
18587,32499,8,18,"Hindu","Male","Rural"
18588,18559,0,31,"Hindu","Male","Rural"
18589,1688,0,21,"Hindu","Male","Rural"
18590,17379,6,39,"Hindu","Male","Rural"
18591,16739,8,30,"Hindu","Male","Rural"
18592,9089,1,51,"Hindu","Female","Rural"
18593,23743,15,36,"Muslim","Male","Urban"
18594,5945,3,28,"Hindu","Female","Rural"
18595,173898,6,23,"Hindu","Male","Urban"
18596,912534,13,37,"Hindu","Male","Urban"
18597,159370,15,23,"Hindu","Male","Urban"
18598,11172,6,39,"Tribal","Female","Urban"
18599,119755,10,43,"Hindu","Female","Urban"
18600,27168,9,26,"Hindu","Male","Urban"
18601,68464,7,37,"Hindu","Male","Urban"
18602,7590,8,35,"Hindu","Male","Rural"
18603,37021,7,46,"Hindu","Male","Rural"
18604,30015,7,62,"Muslim","Male","Rural"
18605,21424,15,18,"Muslim","Female","Urban"
18606,21721,8,65,"Hindu","Male","Rural"
18607,266999,13,49,"Hindu","Male","Urban"
18608,59146,0,39,"Hindu","Male","Rural"
18609,32635,0,20,"Muslim","Male","Rural"
18610,34615,9,65,"Hindu","Male","Rural"
18611,22061,13,28,"Hindu","Male","Rural"
18612,26757,3,40,"Hindu","Male","Rural"
18613,173747,15,47,"Muslim","Female","Urban"
18614,34766,4,25,"Muslim","Male","Rural"
18615,3806,3,23,"Hindu","Female","Rural"
18616,83348,9,46,"Hindu","Male","Rural"
18617,10994,3,41,"Hindu","Male","Urban"
18618,47970,8,51,"Christian","Female","Urban"
18619,32129,1,28,"Hindu","Female","Rural"
18620,16995,15,18,"Hindu","Female","Rural"
18621,2502,5,47,"Hindu","Female","Rural"
18622,6028,5,18,"Hindu","Female","Rural"
18623,9677,1,48,"Tribal","Male","Rural"
18624,14867,10,39,"Hindu","Male","Urban"
18625,60144,11,33,"Muslim","Female","Rural"
18626,23724,0,31,"Hindu","Male","Rural"
18627,84482,15,25,"Hindu","Male","Urban"
18628,64248,9,46,"Hindu","Male","Rural"
18629,49685,3,32,"Hindu","Female","Rural"
18630,8677,15,41,"Hindu","Male","Rural"
18631,19315,4,41,"Hindu","Male","Urban"
18632,3483,15,45,"Hindu","Female","Rural"
18633,5466,0,34,"Hindu","Male","Rural"
18634,2460,1,39,"Hindu","Female","Rural"
18635,13408,0,39,"Hindu","Male","Rural"
18636,33662,3,25,"Hindu","Male","Rural"
18637,46000,4,49,"Hindu","Male","Rural"
18638,26300,5,19,"Hindu","Male","Rural"
18639,45316,1,38,"Hindu","Female","Rural"
18640,492049,6,42,"Muslim","Male","Urban"
18641,91221,12,30,"Hindu","Male","Rural"
18642,25860,1,46,"Hindu","Male","Urban"
18643,9923,12,30,"Hindu","Male","Rural"
18644,161051,9,36,"Hindu","Male","Rural"
18645,13317,11,28,"Hindu","Female","Rural"
18646,19095,2,32,"Muslim","Male","Rural"
18647,6075,6,35,"Hindu","Female","Rural"
18648,10507,0,36,"Hindu","Male","Rural"
18649,545988,11,34,"Hindu","Male","Urban"
18650,45000,15,37,"Buddhist","Male","Urban"
18651,81271,0,19,"Hindu","Male","Rural"
18652,110642,9,43,"Hindu","Male","Rural"
18653,1320,0,56,"Hindu","Female","Rural"
18654,18074,15,41,"Muslim","Male","Rural"
18655,15277,0,24,"Muslim","Female","Urban"
18656,1940,8,61,"Hindu","Male","Rural"
18657,31888,9,25,"Hindu","Male","Urban"
18658,105853,3,62,"Hindu","Male","Urban"
18659,22547,12,27,"Hindu","Female","Rural"
18660,26008,0,23,"Hindu","Male","Urban"
18661,63570,0,29,"Hindu","Male","Rural"
18662,48911,5,27,"Hindu","Male","Rural"
18663,13683,2,33,"Hindu","Male","Rural"
18664,12751,15,40,"Hindu","Male","Rural"
18665,20153,0,43,"Christian","Male","Rural"
18666,65800,5,35,"Muslim","Male","Rural"
18667,33651,14,42,"Hindu","Male","Rural"
18668,26170,13,20,"Hindu","Male","Rural"
18669,17004,9,52,"Hindu","Male","Rural"
18670,320889,4,44,"Hindu","Female","Rural"
18671,137078,15,44,"Muslim","Male","Rural"
18672,15451,4,18,"Hindu","Male","Urban"
18673,95461,13,28,"Muslim","Male","Urban"
18674,729614,15,55,"Christian","Male","Urban"
18675,1186,0,29,"Hindu","Female","Rural"
18676,97538,4,26,"Hindu","Male","Urban"
18677,28645,15,50,"Hindu","Male","Urban"
18678,135928,11,59,"Hindu","Female","Urban"
18679,51521,2,44,"Hindu","Male","Rural"
18680,1645673,11,50,"Hindu","Male","Rural"
18681,16597,13,18,"Hindu","Male","Urban"
18682,44582,0,38,"Hindu","Male","Rural"
18683,119116,5,55,"Hindu","Male","Rural"
18684,80595,11,41,"Hindu","Male","Urban"
18685,49675,12,21,"Hindu","Male","Rural"
18686,26492,0,44,"Hindu","Male","Rural"
18687,41763,4,47,"Hindu","Male","Rural"
18688,45022,15,39,"Hindu","Male","Urban"
18689,16207,1,36,"Muslim","Male","Rural"
18690,121260,15,38,"Hindu","Male","Urban"
18691,34903,14,33,"Hindu","Male","Rural"
18692,6874,4,45,"Hindu","Male","Rural"
18693,41670,15,24,"Muslim","Male","Rural"
18694,5920,0,36,"Hindu","Female","Rural"
18695,9023,11,61,"Hindu","Male","Rural"
18696,12636,9,55,"Hindu","Male","Rural"
18697,3773,0,34,"Hindu","Male","Rural"
18698,11447,8,23,"Hindu","Female","Rural"
18699,8472,5,54,"Hindu","Female","Rural"
18700,11133,4,30,"Sikh","Male","Rural"
18701,13660,0,22,"Hindu","Male","Rural"
18702,56453,9,61,"Hindu","Female","Rural"
18703,10944,5,34,"Christian","Male","Rural"
18704,1143,0,35,"Hindu","Female","Rural"
18705,53506,7,45,"Hindu","Male","Rural"
18706,83525,12,50,"Hindu","Male","Rural"
18707,17280,3,42,"Hindu","Male","Rural"
18708,9310,2,29,"Hindu","Male","Rural"
18709,12551,0,50,"Muslim","Male","Rural"
18710,6593,4,27,"Hindu","Female","Rural"
18711,19023,6,54,"Hindu","Female","Rural"
18712,49803,9,31,"Muslim","Male","Rural"
18713,20153,5,52,"Muslim","Female","Rural"
18714,12261,5,39,"Hindu","Female","Rural"
18715,81530,13,40,"Hindu","Male","Rural"
18716,17361,8,49,"Muslim","Female","Rural"
18717,13619,8,35,"Muslim","Male","Rural"
18718,22898,7,64,"Hindu","Male","Rural"
18719,42286,0,56,"Hindu","Male","Rural"
18720,9452,12,63,"Hindu","Female","Rural"
18721,11115,2,21,"Hindu","Male","Rural"
18722,134136,2,50,"Hindu","Male","Urban"
18723,75136,9,30,"Hindu","Male","Rural"
18724,11501,0,19,"Hindu","Male","Rural"
18725,13714,12,35,"Hindu","Male","Rural"
18726,41489,8,21,"Muslim","Male","Rural"
18727,35935,15,53,"Hindu","Male","Rural"
18728,24757,0,37,"Muslim","Female","Rural"
18729,18568,1,55,"Hindu","Male","Rural"
18730,316409,12,27,"Hindu","Male","Rural"
18731,3389,0,33,"Hindu","Male","Rural"
18732,10655,1,39,"Hindu","Female","Rural"
18733,25005,0,42,"Hindu","Male","Rural"
18734,106179,0,51,"Hindu","Female","Urban"
18735,31686,4,42,"Hindu","Male","Urban"
18736,26064,4,65,"Hindu","Female","Urban"
18737,6647,0,50,"Hindu","Male","Rural"
18738,5909,6,39,"Hindu","Male","Rural"
18739,84381,11,42,"Hindu","Male","Rural"
18740,23702,8,56,"Hindu","Male","Rural"
18741,115535,10,50,"Hindu","Male","Urban"
18742,7267,3,48,"Hindu","Male","Rural"
18743,13173,15,18,"Muslim","Male","Rural"
18744,816156,15,42,"Hindu","Male","Urban"
18745,89960,3,22,"Hindu","Male","Rural"
18746,90629,7,32,"Hindu","Female","Urban"
18747,12744,15,30,"Hindu","Female","Urban"
18748,58068,2,47,"Hindu","Male","Rural"
18749,95046,14,51,"Hindu","Male","Urban"
18750,26049,9,37,"Muslim","Male","Urban"
18751,17444,0,43,"Hindu","Male","Rural"
18752,10213,1,21,"Hindu","Male","Rural"
18753,19437,3,30,"Tribal","Male","Rural"
18754,8892,7,18,"Hindu","Male","Rural"
18755,99471,6,28,"Hindu","Male","Rural"
18756,3958,4,51,"Hindu","Male","Rural"
18757,15058,2,48,"Hindu","Female","Rural"
18758,37731,3,19,"Hindu","Male","Rural"
18759,10625,0,35,"Hindu","Female","Rural"
18760,137106,12,63,"Hindu","Male","Rural"
18761,4864,0,31,"Hindu","Female","Rural"
18762,111275,15,33,"Hindu","Male","Rural"
18763,18361,7,27,"Muslim","Female","Rural"
18764,25580,10,35,"Hindu","Female","Urban"
18765,110581,8,41,"Muslim","Male","Urban"
18766,62808,13,25,"Hindu","Male","Urban"
18767,13498,5,24,"Hindu","Female","Rural"
18768,4404,4,22,"Hindu","Male","Rural"
18769,25473,2,28,"Buddhist","Male","Rural"
18770,14973,7,50,"Hindu","Male","Rural"
18771,49700,4,37,"Hindu","Male","Rural"
18772,78166,5,37,"Hindu","Male","Urban"
18773,68091,9,24,"Sikh","Male","Rural"
18774,49651,7,37,"Hindu","Female","Urban"
18775,39674,10,37,"Hindu","Male","Rural"
18776,65221,8,18,"Hindu","Male","Urban"
18777,52773,15,42,"Hindu","Male","Rural"
18778,10113,4,34,"Hindu","Female","Rural"
18779,48522,5,28,"Christian","Male","Urban"
18780,35198,15,39,"Hindu","Male","Urban"
18781,170593,9,32,"Hindu","Male","Urban"
18782,44031,0,33,"Hindu","Male","Rural"
18783,23279,6,40,"Hindu","Male","Rural"
18784,15305,3,34,"Hindu","Male","Rural"
18785,14646,0,58,"Hindu","Male","Rural"
18786,24473,15,44,"Hindu","Male","Rural"
18787,7775,8,33,"Muslim","Male","Rural"
18788,21801,3,42,"Hindu","Female","Rural"
18789,3605,0,20,"Hindu","Male","Rural"
18790,16440,13,36,"Hindu","Male","Urban"
18791,38328,8,32,"Hindu","Male","Urban"
18792,9128,13,47,"Hindu","Female","Urban"
18793,17987,14,28,"Hindu","Male","Rural"
18794,6477,10,38,"Hindu","Male","Rural"
18795,55334,15,20,"Hindu","Male","Rural"
18796,37451,12,38,"Hindu","Female","Urban"
18797,50932,4,31,"Hindu","Male","Rural"
18798,17130,5,32,"Hindu","Male","Urban"
18799,8882,0,35,"Hindu","Male","Rural"
18800,7639,1,43,"Hindu","Female","Rural"
18801,11161,8,43,"Hindu","Female","Rural"
18802,18424,7,38,"Hindu","Male","Urban"
18803,5798,0,36,"Hindu","Male","Rural"
18804,10594,11,18,"Hindu","Female","Rural"
18805,20980,15,50,"Hindu","Male","Rural"
18806,3392,0,31,"Hindu","Male","Rural"
18807,3014,15,28,"Hindu","Female","Urban"
18808,255144,15,44,"Hindu","Male","Urban"
18809,18439,8,54,"Hindu","Male","Rural"
18810,32927,9,40,"Hindu","Male","Urban"
18811,27078,5,47,"Hindu","Male","Rural"
18812,13783,6,27,"Hindu","Female","Rural"
18813,407367,12,35,"Hindu","Male","Urban"
18814,89291,9,42,"Hindu","Male","Rural"
18815,44249,1,24,"Muslim","Male","Urban"
18816,39477,12,40,"Hindu","Male","Urban"
18817,115897,12,54,"Christian","Female","Rural"
18818,61819,15,28,"Hindu","Female","Urban"
18819,159699,10,18,"Hindu","Male","Rural"
18820,18770,0,38,"Hindu","Male","Urban"
18821,151893,5,37,"Muslim","Male","Rural"
18822,4900,0,41,"Buddhist","Male","Rural"
18823,78995,3,37,"Hindu","Male","Rural"
18824,18364,8,46,"Hindu","Male","Urban"
18825,2358,0,18,"Hindu","Male","Rural"
18826,8074,0,47,"Hindu","Male","Rural"
18827,4420,0,18,"Hindu","Male","Rural"
18828,2068,6,21,"Hindu","Male","Rural"
18829,16907,3,32,"Hindu","Male","Urban"
18830,10176,5,32,"Hindu","Female","Rural"
18831,29795,0,45,"Hindu","Male","Rural"
18832,11870,0,30,"Hindu","Male","Rural"
18833,1548,0,35,"Hindu","Female","Rural"
18834,12586,6,49,"Hindu","Male","Rural"
18835,102525,8,18,"Hindu","Male","Urban"
18836,35706,6,39,"Hindu","Male","Rural"
18837,78102,12,30,"Hindu","Male","Urban"
18838,80718,15,18,"Hindu","Male","Rural"
18839,101869,7,45,"Muslim","Male","Rural"
18840,83864,11,22,"Hindu","Male","Urban"
18841,337704,11,31,"Muslim","Female","Urban"
18842,4871,11,28,"Hindu","Female","Rural"
18843,129086,0,28,"Muslim","Male","Urban"
18844,99651,0,47,"Hindu","Male","Rural"
18845,3547,0,28,"Hindu","Male","Rural"
18846,5639,1,42,"Muslim","Female","Rural"
18847,10661,7,38,"Hindu","Female","Rural"
18848,101798,15,36,"Hindu","Male","Rural"
18849,121397,0,45,"Hindu","Male","Rural"
18850,69695,15,53,"Hindu","Male","Rural"
18851,28437,9,31,"Hindu","Female","Rural"
18852,168687,1,32,"Muslim","Male","Urban"
18853,33469,6,53,"Hindu","Male","Urban"
18854,14013,2,34,"Hindu","Female","Rural"
18855,85050,3,42,"Hindu","Male","Rural"
18856,11030,9,30,"Hindu","Male","Rural"
18857,42338,0,39,"Muslim","Male","Rural"
18858,2772,1,35,"Hindu","Female","Rural"
18859,128413,1,27,"Hindu","Male","Urban"
18860,32782,11,34,"Hindu","Male","Rural"
18861,17033,10,33,"Muslim","Male","Rural"
18862,26740,0,41,"Hindu","Female","Rural"
18863,24420,0,40,"Hindu","Male","Urban"
18864,140323,4,40,"Hindu","Male","Urban"
18865,13944,12,44,"Hindu","Female","Rural"
18866,4456,0,38,"Hindu","Female","Rural"
18867,30709,0,51,"Hindu","Female","Rural"
18868,22616,0,65,"Hindu","Male","Rural"
18869,3392,0,45,"Hindu","Male","Rural"
18870,2155,0,34,"Hindu","Male","Rural"
18871,57073,3,34,"Hindu","Male","Rural"
18872,13629,1,36,"Hindu","Male","Rural"
18873,195728,15,58,"Hindu","Male","Rural"
18874,30559,6,32,"Hindu","Male","Rural"
18875,39955,4,41,"Hindu","Male","Rural"
18876,46780,13,39,"Hindu","Male","Urban"
18877,41753,11,48,"Muslim","Female","Urban"
18878,124769,8,33,"Sikh","Female","Rural"
18879,8762,0,26,"Hindu","Male","Rural"
18880,236900,11,65,"Hindu","Male","Urban"
18881,26250,5,41,"Hindu","Male","Rural"
18882,118715,10,27,"Hindu","Male","Rural"
18883,64742,12,29,"Hindu","Male","Rural"
18884,33542,0,37,"Hindu","Female","Rural"
18885,9436,3,18,"Muslim","Male","Rural"
18886,69354,15,57,"Hindu","Male","Urban"
18887,7686,5,39,"Christian","Male","Rural"
18888,499167,2,29,"Hindu","Male","Rural"
18889,17439,0,18,"Hindu","Male","Rural"
18890,147424,15,36,"Hindu","Male","Urban"
18891,65344,7,34,"Hindu","Male","Rural"
18892,74686,11,31,"Hindu","Male","Rural"
18893,80493,0,34,"Hindu","Male","Rural"
18894,6465,0,46,"Hindu","Male","Rural"
18895,6801,0,53,"Hindu","Female","Rural"
18896,11035,0,33,"Hindu","Male","Rural"
18897,2593,0,47,"Hindu","Male","Rural"
18898,302567,7,36,"Hindu","Male","Rural"
18899,19193,7,27,"Hindu","Male","Urban"
18900,3755,2,20,"Hindu","Female","Rural"
18901,4970,12,29,"Hindu","Female","Rural"
18902,79831,11,35,"Christian","Male","Urban"
18903,4366,0,65,"Hindu","Male","Rural"
18904,32081,6,36,"Hindu","Male","Urban"
18905,19544,0,42,"Sikh","Female","Rural"
18906,31775,15,38,"Hindu","Female","Urban"
18907,4872,0,34,"Muslim","Male","Rural"
18908,23482,5,39,"Hindu","Male","Rural"
18909,152128,9,40,"Hindu","Male","Urban"
18910,14149,5,37,"Hindu","Male","Rural"
18911,302355,0,38,"Hindu","Male","Urban"
18912,7124,5,36,"Hindu","Female","Rural"
18913,26012,2,39,"Hindu","Male","Rural"
18914,455368,15,21,"Hindu","Male","Urban"
18915,292653,9,39,"Muslim","Male","Urban"
18916,14259,7,18,"Hindu","Female","Rural"
18917,7624,7,43,"Muslim","Male","Rural"
18918,98654,0,35,"Hindu","Male","Rural"
18919,20078,0,22,"Hindu","Female","Urban"
18920,48955,10,44,"Hindu","Male","Rural"
18921,225566,8,42,"Hindu","Female","Rural"
18922,6978,5,33,"Hindu","Male","Rural"
18923,36250,10,61,"Hindu","Male","Urban"
18924,6293,0,18,"Muslim","Female","Rural"
18925,95043,15,56,"Hindu","Male","Urban"
18926,45838,0,27,"Hindu","Male","Rural"
18927,3412,0,22,"Muslim","Female","Rural"
18928,204006,11,36,"Hindu","Male","Rural"
18929,55593,6,38,"Hindu","Male","Rural"
18930,27609,15,38,"Hindu","Male","Rural"
18931,36246,0,18,"Hindu","Male","Urban"
18932,6021,0,44,"Hindu","Female","Rural"
18933,2256,5,24,"Hindu","Female","Rural"
18934,185530,5,32,"Hindu","Male","Rural"
18935,28692,10,43,"Hindu","Female","Rural"
18936,19222,6,56,"Hindu","Male","Rural"
18937,18582,11,32,"Hindu","Female","Urban"
18938,181747,15,53,"Hindu","Male","Rural"
18939,28049,15,35,"Hindu","Male","Urban"
18940,17140,15,25,"Hindu","Male","Urban"
18941,14377,1,50,"Hindu","Female","Rural"
18942,9349,4,52,"Hindu","Male","Rural"
18943,5712,0,46,"Hindu","Male","Rural"
18944,49565,8,42,"Hindu","Male","Rural"
18945,11293,7,24,"Hindu","Male","Rural"
18946,77260,8,48,"Hindu","Male","Rural"
18947,21311,1,56,"Hindu","Female","Rural"
18948,33260,6,18,"Hindu","Female","Urban"
18949,1060,2,47,"Hindu","Female","Rural"
18950,63111,15,24,"Hindu","Male","Urban"
18951,15002,7,44,"Hindu","Male","Rural"
18952,8313,0,43,"Muslim","Male","Rural"
18953,48271,11,53,"Hindu","Male","Urban"
18954,43217,5,42,"Muslim","Male","Rural"
18955,87499,12,59,"Hindu","Female","Rural"
18956,10626,6,18,"Buddhist","Male","Rural"
18957,39808,1,32,"Muslim","Male","Rural"
18958,380786,15,37,"Hindu","Male","Urban"
18959,17777,8,45,"Hindu","Female","Rural"
18960,12340,8,25,"Hindu","Female","Rural"
18961,12243,8,29,"Hindu","Male","Rural"
18962,13998,0,42,"Hindu","Male","Rural"
18963,18744,1,39,"Hindu","Male","Urban"
18964,10739,0,33,"Hindu","Male","Rural"
18965,16702,2,27,"Hindu","Male","Rural"
18966,54128,13,50,"Hindu","Male","Rural"
18967,245622,10,25,"Hindu","Male","Urban"
18968,12825,0,45,"Muslim","Male","Rural"
18969,14393,15,47,"Hindu","Male","Urban"
18970,73494,3,41,"Hindu","Female","Rural"
18971,12218,6,42,"Muslim","Male","Rural"
18972,106219,11,48,"Hindu","Male","Rural"
18973,4993,0,18,"Hindu","Female","Rural"
18974,1956,0,37,"Hindu","Female","Rural"
18975,5067,4,32,"Hindu","Male","Urban"
18976,18089,0,39,"Hindu","Female","Rural"
18977,139684,13,39,"Muslim","Male","Rural"
18978,12250,13,50,"Hindu","Female","Urban"
18979,58638,15,30,"Hindu","Male","Urban"
18980,9686,0,29,"Hindu","Female","Rural"
18981,23363,5,35,"Hindu","Male","Urban"
18982,10782,2,18,"Hindu","Female","Rural"
18983,54495,13,21,"Hindu","Male","Rural"
18984,35797,5,55,"Christian","Male","Rural"
18985,6252,0,30,"Hindu","Male","Rural"
18986,61406,0,42,"Hindu","Male","Rural"
18987,3087,0,34,"Hindu","Female","Rural"
18988,3948,0,40,"Muslim","Female","Rural"
18989,8110,0,22,"Hindu","Male","Rural"
18990,3597,7,21,"Hindu","Male","Rural"
18991,96744,7,53,"Hindu","Male","Rural"
18992,120651,0,18,"Hindu","Male","Urban"
18993,12126,5,38,"Christian","Female","Rural"
18994,82954,12,43,"Hindu","Male","Urban"
18995,3181,0,20,"Hindu","Male","Rural"
18996,39560,15,18,"Hindu","Female","Rural"
18997,35893,15,24,"Hindu","Male","Rural"
18998,75756,2,47,"Hindu","Female","Rural"
18999,17458,0,43,"Muslim","Female","Rural"
19000,125149,8,59,"Hindu","Male","Urban"
19001,219191,15,28,"Muslim","Male","Urban"
19002,228648,8,36,"Muslim","Male","Urban"
19003,4860,5,27,"Hindu","Male","Rural"
19004,80174,5,34,"Christian","Male","Rural"
19005,10489,0,52,"Muslim","Female","Rural"
19006,72159,15,30,"Hindu","Male","Urban"
19007,52024,5,60,"Hindu","Male","Rural"
19008,22993,11,45,"Hindu","Female","Rural"
19009,39981,9,46,"Hindu","Male","Urban"
19010,14496,0,42,"Hindu","Female","Rural"
19011,9694,4,26,"Hindu","Female","Urban"
19012,5237,2,45,"Hindu","Male","Rural"
19013,21471,0,49,"Hindu","Male","Urban"
19014,15898,4,38,"Hindu","Male","Rural"
19015,23062,2,32,"Hindu","Male","Rural"
19016,4982,3,40,"Hindu","Female","Rural"
19017,137698,15,28,"Hindu","Male","Urban"
19018,12707,3,23,"Hindu","Female","Rural"
19019,20955,0,40,"Hindu","Male","Urban"
19020,60651,9,39,"Hindu","Male","Urban"
19021,198176,15,20,"Hindu","Female","Urban"
19022,3783,2,36,"Hindu","Male","Rural"
19023,2219,0,40,"Hindu","Female","Rural"
19024,46456,0,33,"Hindu","Male","Rural"
19025,6010,0,36,"Hindu","Male","Rural"
19026,68106,0,45,"Hindu","Male","Rural"
19027,7247,0,34,"Hindu","Female","Rural"
19028,337188,13,29,"Hindu","Male","Urban"
19029,30566,2,38,"Hindu","Male","Rural"
19030,11349,0,49,"Muslim","Male","Rural"
19031,4224,0,49,"Sikh","Female","Rural"
19032,117904,9,36,"Hindu","Male","Urban"
19033,8200,0,41,"Hindu","Female","Rural"
19034,15552,4,41,"Hindu","Male","Rural"
19035,6059,3,55,"Hindu","Female","Rural"
19036,201020,15,47,"Muslim","Male","Urban"
19037,177521,9,36,"Hindu","Male","Urban"
19038,261934,0,40,"Muslim","Male","Rural"
19039,566,0,34,"Hindu","Male","Rural"
19040,169875,2,42,"Hindu","Male","Rural"
19041,7861,5,25,"Hindu","Female","Rural"
19042,10483,0,32,"Muslim","Female","Rural"
19043,370623,10,33,"Hindu","Male","Urban"
19044,15591,0,44,"Hindu","Male","Rural"
19045,35381,0,27,"Hindu","Male","Rural"
19046,10501,10,25,"Hindu","Male","Urban"
19047,19053,1,53,"Hindu","Male","Rural"
19048,10562,0,21,"Buddhist","Male","Urban"
19049,50801,11,26,"Hindu","Male","Rural"
19050,18520,0,34,"Hindu","Female","Rural"
19051,179536,3,27,"Hindu","Male","Rural"
19052,60274,1,43,"Hindu","Male","Urban"
19053,38849,2,47,"Muslim","Male","Urban"
19054,6542,5,51,"Hindu","Female","Rural"
19055,6131,0,62,"Hindu","Female","Rural"
19056,71125,0,40,"Hindu","Male","Rural"
19057,10469,0,23,"Hindu","Male","Rural"
19058,12269,4,35,"Christian","Male","Rural"
19059,90960,15,65,"Hindu","Male","Urban"
19060,53453,14,52,"Hindu","Male","Urban"
19061,20574,6,35,"Sikh","Male","Rural"
19062,48665,0,54,"Hindu","Male","Rural"
19063,10890,2,39,"Hindu","Female","Rural"
19064,31850,6,29,"Hindu","Male","Rural"
19065,19095,0,37,"Hindu","Male","Rural"
19066,26580,0,29,"Muslim","Male","Rural"
19067,39520,4,29,"Hindu","Male","Rural"
19068,29042,6,42,"Hindu","Male","Rural"
19069,36403,15,33,"Hindu","Male","Rural"
19070,108385,6,47,"Hindu","Female","Urban"
19071,5701,5,35,"Hindu","Female","Rural"
19072,11261,0,34,"Hindu","Male","Rural"
19073,181436,13,31,"Muslim","Male","Urban"
19074,109386,6,54,"Christian","Male","Urban"
19075,24150,7,35,"Hindu","Male","Urban"
19076,53247,11,27,"Christian","Female","Rural"
19077,15202,8,27,"Hindu","Male","Rural"
19078,433434,7,36,"Hindu","Male","Urban"
19079,25525,15,51,"Hindu","Male","Urban"
19080,56657,10,53,"Hindu","Female","Rural"
19081,236850,15,38,"Sikh","Male","Urban"
19082,4575,0,39,"Hindu","Male","Rural"
19083,21036,9,20,"Hindu","Male","Rural"
19084,7042,0,31,"Hindu","Male","Rural"
19085,3193,0,48,"Christian","Female","Rural"
19086,356822,13,39,"Hindu","Male","Urban"
19087,3427,0,61,"Hindu","Male","Rural"
19088,58136,9,65,"Hindu","Male","Rural"
19089,21826,0,25,"Hindu","Male","Rural"
19090,14947,3,27,"Muslim","Male","Rural"
19091,15715,0,52,"Hindu","Male","Rural"
19092,16575,3,22,"Muslim","Male","Rural"
19093,361941,0,54,"Hindu","Male","Urban"
19094,41689,0,34,"Hindu","Male","Urban"
19095,64888,11,45,"Hindu","Female","Rural"
19096,8104,0,35,"Hindu","Male","Rural"
19097,5459,0,30,"Muslim","Male","Rural"
19098,39961,15,32,"Hindu","Male","Urban"
19099,8803,2,54,"Hindu","Male","Rural"
19100,34045,0,33,"Hindu","Male","Rural"
19101,1536,3,39,"Hindu","Female","Rural"
19102,16044,7,52,"Hindu","Male","Rural"
19103,77813,0,28,"Hindu","Male","Rural"
19104,132189,13,54,"Hindu","Female","Urban"
19105,36419,5,45,"Hindu","Male","Urban"
19106,54108,14,49,"Buddhist","Male","Rural"
19107,53840,0,20,"Hindu","Male","Rural"
19108,3033,3,41,"Hindu","Female","Rural"
19109,43365,0,41,"Hindu","Male","Rural"
19110,9910,8,34,"Hindu","Male","Rural"
19111,33930,10,30,"Hindu","Male","Rural"
19112,5402,9,18,"Hindu","Male","Urban"
19113,7285,2,26,"Muslim","Male","Rural"
19114,42022,9,63,"Hindu","Male","Rural"
19115,97929,9,51,"Hindu","Male","Rural"
19116,54101,8,58,"Hindu","Male","Urban"
19117,38257,1,25,"Hindu","Male","Urban"
19118,238398,0,35,"Hindu","Male","Rural"
19119,71292,15,40,"Hindu","Male","Urban"
19120,9248,3,44,"Hindu","Female","Rural"
19121,6273,0,41,"Hindu","Female","Rural"
19122,428580,15,57,"Hindu","Male","Urban"
19123,67032,11,40,"Hindu","Male","Rural"
19124,39594,0,50,"Hindu","Male","Rural"
19125,16520,0,29,"Hindu","Female","Rural"
19126,44578,11,21,"Hindu","Male","Rural"
19127,3412,4,36,"Hindu","Male","Rural"
19128,38120,15,32,"Hindu","Male","Rural"
19129,39682,10,42,"Hindu","Male","Rural"
19130,23811,0,29,"Hindu","Male","Rural"
19131,15074,2,27,"Hindu","Male","Rural"
19132,78717,12,57,"Christian","Male","Rural"
19133,11803,2,57,"Hindu","Female","Rural"
19134,162266,15,49,"Muslim","Male","Rural"
19135,64366,10,27,"Hindu","Male","Rural"
19136,166238,9,51,"Hindu","Male","Urban"
19137,8075,4,40,"Hindu","Male","Rural"
19138,34871,5,47,"Hindu","Male","Rural"
19139,10738,0,42,"Hindu","Male","Rural"
19140,1428,9,38,"Hindu","Female","Rural"
19141,16825,5,21,"Hindu","Male","Urban"
19142,12706,0,28,"Hindu","Female","Rural"
19143,21736,11,31,"Sikh","Male","Rural"
19144,13548,6,55,"Hindu","Male","Rural"
19145,376655,14,40,"Muslim","Male","Urban"
19146,12437,7,23,"Hindu","Female","Rural"
19147,3864,0,51,"Hindu","Female","Rural"
19148,22696,4,33,"Hindu","Male","Rural"
19149,13034,15,26,"Hindu","Female","Urban"
19150,84297,9,33,"Hindu","Male","Rural"
19151,162696,11,32,"Sikh","Female","Urban"
19152,9044,4,31,"Hindu","Male","Urban"
19153,103219,8,38,"Hindu","Male","Urban"
19154,35842,13,18,"Muslim","Female","Rural"
19155,1666,2,48,"Hindu","Female","Rural"
19156,6387,6,36,"Hindu","Male","Rural"
19157,15927,10,65,"Hindu","Female","Rural"
19158,2030,13,35,"Hindu","Female","Rural"
19159,84373,8,25,"Muslim","Male","Urban"
19160,28572,3,39,"Muslim","Male","Rural"
19161,144305,9,32,"Hindu","Male","Urban"
19162,35048,14,42,"Hindu","Female","Rural"
19163,30196,7,18,"Muslim","Male","Rural"
19164,28343,3,49,"Hindu","Female","Rural"
19165,29035,5,18,"Hindu","Male","Urban"
19166,125185,7,27,"Hindu","Female","Urban"
19167,3984,9,37,"Hindu","Female","Rural"
19168,42025,4,52,"Hindu","Female","Urban"
19169,10848,5,19,"Hindu","Male","Rural"
19170,22904,0,33,"Muslim","Male","Rural"
19171,3925,0,53,"Hindu","Female","Rural"
19172,29026,9,28,"Hindu","Female","Rural"
19173,519497,7,31,"Christian","Female","Rural"
19174,102272,10,38,"Muslim","Male","Rural"
19175,58464,15,23,"Hindu","Male","Rural"
19176,45403,4,18,"Hindu","Male","Rural"
19177,44647,10,46,"Hindu","Male","Rural"
19178,4870,0,33,"Hindu","Female","Rural"
19179,11748,10,31,"Hindu","Female","Rural"
19180,602034,7,51,"Hindu","Male","Urban"
19181,52329,2,44,"Sikh","Male","Urban"
19182,21357,8,28,"Muslim","Female","Rural"
19183,11846,3,46,"Hindu","Female","Rural"
19184,51323,6,57,"Hindu","Male","Urban"
19185,10316,12,49,"Hindu","Female","Urban"
19186,59873,10,31,"Hindu","Male","Urban"
19187,63148,8,36,"Hindu","Female","Rural"
19188,13994,0,46,"Hindu","Male","Rural"
19189,30356,10,24,"Muslim","Female","Rural"
19190,11687,2,45,"Hindu","Male","Rural"
19191,25797,0,34,"Hindu","Male","Rural"
19192,12145,9,18,"Christian","Male","Rural"
19193,15745,6,46,"Hindu","Male","Rural"
19194,15581,0,39,"Hindu","Female","Rural"
19195,39779,6,36,"Hindu","Male","Rural"
19196,38513,10,24,"Hindu","Male","Rural"
19197,16161,2,65,"Hindu","Female","Rural"
19198,16280,15,28,"Hindu","Female","Rural"
19199,17645,6,47,"Hindu","Male","Rural"
19200,20812,5,24,"Hindu","Male","Urban"
19201,11110,7,19,"Sikh","Male","Rural"
19202,29416,9,32,"Hindu","Male","Urban"
19203,52100,6,40,"Muslim","Male","Rural"
19204,5296,0,42,"Hindu","Female","Rural"
19205,100532,12,51,"Hindu","Male","Rural"
19206,7199,0,41,"Hindu","Male","Rural"
19207,423767,13,57,"Hindu","Male","Rural"
19208,31949,0,39,"Hindu","Male","Rural"
19209,39309,4,18,"Hindu","Male","Rural"
19210,11452,1,31,"Hindu","Male","Rural"
19211,58784,9,33,"Hindu","Male","Urban"
19212,4112,0,34,"Muslim","Male","Rural"
19213,77849,9,46,"Hindu","Male","Rural"
19214,103506,0,53,"Hindu","Female","Rural"
19215,27970,10,34,"Christian","Male","Rural"
19216,75055,8,31,"Hindu","Male","Urban"
19217,10593,4,48,"Hindu","Female","Rural"
19218,23170,8,38,"Hindu","Female","Rural"
19219,5898,2,47,"Hindu","Female","Rural"
19220,617260,6,37,"Hindu","Male","Rural"
19221,9482,5,18,"Muslim","Male","Rural"
19222,17428,0,59,"Hindu","Male","Rural"
19223,76933,10,37,"Hindu","Male","Rural"
19224,186859,0,20,"Hindu","Male","Rural"
19225,9999,14,36,"Hindu","Female","Rural"
19226,178714,3,36,"Hindu","Male","Urban"
19227,20019,0,24,"Hindu","Male","Rural"
19228,132294,12,32,"Hindu","Male","Urban"
19229,187339,13,52,"Hindu","Male","Urban"
19230,11472,10,36,"Hindu","Male","Rural"
19231,143387,10,43,"Hindu","Male","Urban"
19232,244185,5,48,"Hindu","Male","Rural"
19233,9907,5,36,"Hindu","Female","Rural"
19234,178768,2,46,"Hindu","Male","Urban"
19235,269498,15,49,"Hindu","Male","Urban"
19236,13985,2,51,"Sikh","Male","Rural"
19237,862,0,37,"Hindu","Female","Rural"
19238,126701,3,43,"Hindu","Male","Rural"
19239,9515,0,65,"Hindu","Female","Rural"
19240,15565,6,37,"Hindu","Male","Rural"
19241,14326,12,57,"Hindu","Female","Rural"
19242,5720,12,27,"Muslim","Female","Rural"
19243,14522,15,28,"Hindu","Female","Urban"
19244,29402,0,53,"Hindu","Male","Urban"
19245,19160,1,40,"Hindu","Male","Urban"
19246,300216,9,49,"Hindu","Male","Rural"
19247,26178,6,21,"Hindu","Male","Rural"
19248,4276,14,56,"Hindu","Female","Rural"
19249,11695,7,30,"Muslim","Female","Rural"
19250,207566,2,39,"Hindu","Male","Urban"
19251,10685,2,49,"Hindu","Female","Rural"
19252,4033,7,18,"Hindu","Male","Rural"
19253,17585,9,37,"Hindu","Male","Rural"
19254,8631,4,35,"Hindu","Male","Rural"
19255,28341,5,26,"Hindu","Male","Rural"
19256,34727,8,40,"Hindu","Male","Rural"
19257,10858,10,35,"Hindu","Female","Rural"
19258,58372,4,28,"Muslim","Female","Urban"
19259,22719,2,35,"Hindu","Male","Rural"
19260,38890,1,59,"Hindu","Male","Rural"
19261,394577,11,41,"Hindu","Male","Rural"
19262,5237,1,40,"Muslim","Female","Urban"
19263,36754,2,49,"Hindu","Male","Urban"
19264,34244,4,45,"Hindu","Male","Urban"
19265,44735,0,39,"Hindu","Male","Rural"
19266,21189,4,54,"Hindu","Male","Rural"
19267,95922,1,31,"Hindu","Male","Urban"
19268,95418,7,53,"Hindu","Male","Urban"
19269,436449,12,35,"Hindu","Female","Urban"
19270,193094,11,42,"Hindu","Male","Rural"
19271,19978,3,51,"Hindu","Male","Rural"
19272,38644,5,40,"Hindu","Female","Rural"
19273,9226,10,24,"Muslim","Female","Rural"
19274,51174,1,33,"Hindu","Male","Rural"
19275,26923,4,37,"Hindu","Male","Rural"
19276,234966,15,31,"Hindu","Male","Urban"
19277,30793,2,45,"Hindu","Male","Rural"
19278,31525,0,32,"Hindu","Male","Rural"
19279,49269,0,28,"Hindu","Female","Rural"
19280,102102,6,33,"Hindu","Female","Rural"
19281,52367,11,33,"Muslim","Male","Rural"
19282,20829,1,40,"Hindu","Male","Rural"
19283,18964,8,18,"Hindu","Female","Rural"
19284,105627,4,43,"Hindu","Male","Urban"
19285,13754,4,49,"Hindu","Female","Urban"
19286,4233,10,31,"Hindu","Female","Rural"
19287,8693,2,34,"Hindu","Female","Rural"
19288,18540,9,44,"Hindu","Male","Rural"
19289,262224,7,38,"Christian","Male","Urban"
19290,4493,0,43,"Hindu","Female","Rural"
19291,21870,10,43,"Hindu","Female","Rural"
19292,10963,2,27,"Hindu","Female","Rural"
19293,6830,1,40,"Hindu","Male","Urban"
19294,25911,7,37,"Hindu","Male","Rural"
19295,53361,12,22,"Hindu","Male","Urban"
19296,133933,15,25,"Muslim","Male","Urban"
19297,73291,7,42,"Hindu","Female","Rural"
19298,2938,1,24,"Hindu","Female","Rural"
19299,128286,13,33,"Hindu","Male","Rural"
19300,9320,0,23,"Hindu","Male","Rural"
19301,17884,0,50,"Hindu","Male","Rural"
19302,58503,10,43,"Hindu","Male","Urban"
19303,25008,6,46,"Hindu","Male","Urban"
19304,41122,6,53,"Hindu","Female","Urban"
19305,28912,3,25,"Hindu","Male","Rural"
19306,1038,4,39,"Hindu","Female","Rural"
19307,67195,0,52,"Hindu","Male","Urban"
19308,30365,0,30,"Hindu","Male","Rural"
19309,92879,4,57,"Hindu","Female","Rural"
19310,13539,1,38,"Sikh","Male","Rural"
19311,35366,7,25,"Hindu","Male","Urban"
19312,352946,15,47,"Hindu","Male","Urban"
19313,9502,0,47,"Hindu","Female","Rural"
19314,30985,10,18,"Christian","Male","Urban"
19315,20963,15,27,"Hindu","Female","Urban"
19316,64375,10,53,"Hindu","Male","Urban"
19317,37969,0,34,"Hindu","Male","Rural"
19318,131359,12,41,"Sikh","Male","Urban"
19319,4462,0,46,"Hindu","Male","Rural"
19320,4381,0,47,"Hindu","Male","Rural"
19321,24350,6,19,"Hindu","Female","Rural"
19322,38356,15,20,"Buddhist","Male","Rural"
19323,27868,6,46,"Hindu","Male","Rural"
19324,95112,15,32,"Hindu","Male","Urban"
19325,1720,0,19,"Hindu","Female","Rural"
19326,5828,9,18,"Hindu","Male","Rural"
19327,59028,0,41,"Hindu","Male","Rural"
19328,7874,5,40,"Hindu","Male","Urban"
19329,50143,3,46,"Hindu","Male","Urban"
19330,52619,6,18,"Muslim","Female","Urban"
19331,33297,10,56,"Hindu","Male","Urban"
19332,92043,2,27,"Hindu","Male","Rural"
19333,7167,15,42,"Hindu","Female","Rural"
19334,39206,13,22,"Hindu","Male","Urban"
19335,20146,9,42,"Hindu","Female","Rural"
19336,11669,0,62,"Hindu","Male","Rural"
19337,14438,14,43,"Hindu","Male","Rural"
19338,20572,11,42,"Hindu","Male","Urban"
19339,46006,1,45,"Muslim","Female","Urban"
19340,43529,2,35,"Hindu","Male","Rural"
19341,6283,0,38,"Muslim","Female","Rural"
19342,6419,0,42,"Buddhist","Male","Rural"
19343,9309,4,49,"Hindu","Male","Rural"
19344,6154,4,32,"Hindu","Female","Rural"
19345,6746,4,57,"Hindu","Female","Rural"
19346,58811,9,32,"Hindu","Male","Urban"
19347,192768,5,40,"Hindu","Male","Urban"
19348,13654,6,51,"Hindu","Male","Urban"
19349,29157,0,54,"Hindu","Male","Rural"
19350,11940,7,44,"Muslim","Male","Rural"
19351,18502,7,37,"Hindu","Female","Rural"
19352,27189,7,30,"Hindu","Female","Urban"
19353,128448,9,31,"Buddhist","Male","Urban"
19354,96122,14,33,"Hindu","Male","Rural"
19355,6569,2,20,"Hindu","Male","Rural"
19356,44858,5,45,"Buddhist","Male","Rural"
19357,13410,5,47,"Hindu","Male","Rural"
19358,10207,1,37,"Hindu","Female","Rural"
19359,41371,0,35,"Hindu","Male","Rural"
19360,41428,7,57,"Muslim","Male","Urban"
19361,22443,9,41,"Muslim","Male","Rural"
19362,10899,15,58,"Hindu","Male","Rural"
19363,33585,15,55,"Hindu","Female","Urban"
19364,32851,11,39,"Hindu","Male","Rural"
19365,31412,13,40,"Hindu","Female","Rural"
19366,190705,0,35,"Hindu","Male","Rural"
19367,56733,10,30,"Hindu","Male","Rural"
19368,16139,2,43,"Hindu","Male","Rural"
19369,35002,1,35,"Muslim","Male","Urban"
19370,106655,10,18,"Hindu","Male","Rural"
19371,9387,1,24,"Hindu","Male","Rural"
19372,11431,9,41,"Hindu","Male","Rural"
19373,76748,15,35,"Hindu","Male","Rural"
19374,10442,7,45,"Hindu","Female","Rural"
19375,53409,0,20,"Hindu","Male","Rural"
19376,38613,15,38,"Hindu","Male","Urban"
19377,127173,11,58,"Hindu","Male","Urban"
19378,17341,7,65,"Hindu","Male","Rural"
19379,6114,14,46,"Muslim","Male","Rural"
19380,2209,1,43,"Hindu","Male","Rural"
19381,12706,2,41,"Muslim","Male","Rural"
19382,6655,7,48,"Hindu","Female","Rural"
19383,23224,10,43,"Hindu","Female","Rural"
19384,3055,0,50,"Hindu","Female","Rural"
19385,3653,3,27,"Hindu","Female","Rural"
19386,73947,0,33,"Hindu","Male","Rural"
19387,17156,0,41,"Muslim","Male","Rural"
19388,307985,10,47,"Hindu","Male","Rural"
19389,262946,15,53,"Hindu","Male","Urban"
19390,3263,2,43,"Hindu","Male","Rural"
19391,8623,0,38,"Tribal","Female","Rural"
19392,37852,15,55,"Hindu","Male","Urban"
19393,33982,0,37,"Hindu","Male","Rural"
19394,47972,0,30,"Hindu","Male","Urban"
19395,11593,1,42,"Hindu","Male","Rural"
19396,20491,4,34,"Sikh","Male","Rural"
19397,71218,5,53,"Hindu","Male","Rural"
19398,10511,5,38,"Hindu","Male","Rural"
19399,7521,7,35,"Hindu","Female","Rural"
19400,284070,15,46,"Hindu","Male","Urban"
19401,40472,1,39,"Tribal","Male","Rural"
19402,34704,0,48,"Hindu","Male","Rural"
19403,6889,5,54,"Hindu","Female","Rural"
19404,22555,7,30,"Hindu","Male","Urban"
19405,19644,8,31,"Hindu","Male","Rural"
19406,73770,3,42,"Muslim","Male","Urban"
19407,374045,9,51,"Hindu","Male","Rural"
19408,13138,9,35,"Hindu","Female","Rural"
19409,564049,1,27,"Hindu","Male","Urban"
19410,5405,6,44,"Hindu","Female","Rural"
19411,5569,11,30,"Hindu","Female","Rural"
19412,14851,2,56,"Hindu","Male","Rural"
19413,7870,1,47,"Hindu","Male","Rural"
19414,39446,13,23,"Sikh","Male","Rural"
19415,10781,0,40,"Hindu","Male","Rural"
19416,17524,9,48,"Hindu","Male","Rural"
19417,10587,4,42,"Hindu","Female","Rural"
19418,173272,3,31,"Muslim","Female","Urban"
19419,12417,2,50,"Hindu","Male","Rural"
19420,30573,9,20,"Hindu","Male","Urban"
19421,8887,0,30,"Hindu","Male","Rural"
19422,18350,0,26,"Hindu","Female","Urban"
19423,27225,0,46,"Hindu","Male","Rural"
19424,108924,8,34,"Hindu","Male","Rural"
19425,47188,14,50,"Hindu","Male","Urban"
19426,55140,13,50,"Muslim","Male","Rural"
19427,198220,7,21,"Hindu","Male","Urban"
19428,8840,1,31,"Hindu","Male","Rural"
19429,16472,11,43,"Hindu","Male","Urban"
19430,2704,7,44,"Hindu","Male","Rural"
19431,61880,5,28,"Muslim","Male","Urban"
19432,190194,5,52,"Sikh","Male","Rural"
19433,112550,12,34,"Hindu","Male","Urban"
19434,2173,0,19,"Hindu","Male","Rural"
19435,11071,0,23,"Hindu","Male","Rural"
19436,14235,8,37,"Hindu","Male","Rural"
19437,31703,2,42,"Buddhist","Male","Rural"
19438,31363,0,34,"Christian","Male","Rural"
19439,118856,8,46,"Hindu","Male","Rural"
19440,29747,2,29,"Hindu","Male","Rural"
19441,48306,2,33,"Hindu","Male","Urban"
19442,8528,4,47,"Hindu","Female","Rural"
19443,8777,1,52,"Hindu","Male","Rural"
19444,87227,12,39,"Hindu","Male","Rural"
19445,582416,15,20,"Hindu","Male","Urban"
19446,45174,8,18,"Muslim","Male","Urban"
19447,9655,8,52,"Hindu","Female","Rural"
19448,8084,4,21,"Hindu","Male","Rural"
19449,7692,5,18,"Hindu","Male","Rural"
19450,101836,15,36,"Hindu","Male","Urban"
19451,11563,3,38,"Hindu","Male","Rural"
19452,10870,11,35,"Hindu","Male","Rural"
19453,320704,13,40,"Hindu","Male","Rural"
19454,25446,8,42,"Hindu","Male","Urban"
19455,68949,8,43,"Hindu","Male","Urban"
19456,18094,12,35,"Hindu","Female","Urban"
19457,2364,0,37,"Hindu","Female","Rural"
19458,167223,6,52,"Hindu","Male","Urban"
19459,7732,0,40,"Hindu","Male","Rural"
19460,34253,0,35,"Hindu","Male","Rural"
19461,53744,0,22,"Hindu","Male","Rural"
19462,22547,0,45,"Hindu","Male","Urban"
19463,86830,0,62,"Hindu","Male","Urban"
19464,26278,15,33,"Hindu","Male","Urban"
19465,3002,0,31,"Hindu","Female","Rural"
19466,12428,0,41,"Hindu","Male","Urban"
19467,10322,6,40,"Hindu","Male","Rural"
19468,8866,14,25,"Christian","Male","Rural"
19469,19694,4,65,"Hindu","Male","Rural"
19470,10100,0,26,"Hindu","Male","Rural"
19471,63016,7,36,"Hindu","Male","Rural"
19472,45581,3,42,"Hindu","Male","Rural"
19473,31335,0,40,"Hindu","Male","Rural"
19474,11259,4,65,"Hindu","Female","Rural"
19475,62983,5,59,"Sikh","Female","Rural"
19476,12945,7,39,"Hindu","Male","Rural"
19477,13200,5,42,"Hindu","Female","Rural"
19478,66452,13,45,"Hindu","Male","Urban"
19479,28852,0,42,"Hindu","Male","Rural"
19480,15824,8,48,"Hindu","Male","Rural"
19481,16132,2,36,"Hindu","Male","Rural"
19482,65347,12,41,"Hindu","Male","Rural"
19483,17913,3,50,"Hindu","Female","Rural"
19484,5823,3,35,"Hindu","Male","Rural"
19485,22137,5,37,"Hindu","Male","Rural"
19486,84790,1,65,"Hindu","Male","Urban"
19487,32814,0,40,"Hindu","Male","Rural"
19488,66178,15,38,"Hindu","Female","Rural"
19489,11389,9,40,"Hindu","Female","Rural"
19490,56557,14,32,"Hindu","Male","Rural"
19491,28157,0,30,"Hindu","Male","Rural"
19492,23085,5,46,"Tribal","Female","Rural"
19493,14119,0,51,"Hindu","Female","Rural"
19494,4656,13,20,"Hindu","Male","Rural"
19495,73556,1,53,"Hindu","Male","Rural"
19496,69403,0,50,"Muslim","Male","Rural"
19497,10080,3,50,"Hindu","Male","Rural"
19498,71631,8,53,"Hindu","Male","Urban"
19499,24962,9,32,"Hindu","Female","Rural"
19500,3230,0,44,"Hindu","Male","Rural"
19501,19955,9,62,"Hindu","Male","Rural"
19502,84098,11,34,"Hindu","Female","Urban"
19503,179722,10,37,"Hindu","Male","Urban"
19504,121141,8,39,"Hindu","Female","Urban"
19505,206927,4,40,"Hindu","Male","Urban"
19506,38858,15,35,"Hindu","Male","Rural"
19507,201809,9,43,"Hindu","Male","Urban"
19508,11990,0,47,"Hindu","Male","Rural"
19509,25893,15,39,"Muslim","Male","Rural"
19510,22985,3,34,"Hindu","Female","Urban"
19511,9631,9,27,"Hindu","Male","Rural"
19512,7091,5,27,"Tribal","Male","Rural"
19513,27091,0,41,"Hindu","Male","Rural"
19514,13699,11,50,"Hindu","Male","Rural"
19515,118746,5,61,"Hindu","Male","Urban"
19516,204923,12,50,"Hindu","Male","Urban"
19517,52841,0,29,"Hindu","Male","Rural"
19518,21134,1,45,"Hindu","Male","Rural"
19519,20214,11,56,"Hindu","Female","Urban"
19520,39949,0,38,"Hindu","Female","Rural"
19521,56719,10,25,"Christian","Male","Rural"
19522,50550,5,38,"Hindu","Male","Rural"
19523,142293,1,41,"Hindu","Male","Urban"
19524,11303,7,26,"Hindu","Male","Urban"
19525,10485,0,36,"Hindu","Male","Rural"
19526,12468,8,24,"Hindu","Female","Rural"
19527,12434,0,52,"Hindu","Female","Rural"
19528,68487,3,40,"Christian","Male","Rural"
19529,48677,15,45,"Muslim","Male","Urban"
19530,2361,10,35,"Christian","Female","Rural"
19531,34865,8,48,"Hindu","Male","Rural"
19532,9034,6,20,"Hindu","Female","Rural"
19533,39770,1,42,"Hindu","Female","Urban"
19534,44715,2,53,"Hindu","Male","Rural"
19535,7236,6,24,"Hindu","Female","Rural"
19536,18427,0,32,"Hindu","Male","Rural"
19537,2519,1,52,"Hindu","Male","Rural"
19538,10508,2,32,"Hindu","Male","Urban"
19539,14043,4,18,"Buddhist","Male","Rural"
19540,74925,6,60,"Hindu","Female","Urban"
19541,3819,4,22,"Hindu","Female","Rural"
19542,16878,0,36,"Hindu","Male","Urban"
19543,7827,0,18,"Hindu","Female","Rural"
19544,15189,13,51,"Hindu","Female","Rural"
19545,78216,3,40,"Hindu","Male","Rural"
19546,4338,8,42,"Hindu","Male","Rural"
19547,10440,0,29,"Hindu","Female","Rural"
19548,17369,0,40,"Hindu","Male","Rural"
19549,38697,8,25,"Muslim","Male","Urban"
19550,25088,11,33,"Muslim","Male","Rural"
19551,39187,6,46,"Hindu","Male","Rural"
19552,154884,10,54,"Hindu","Male","Urban"
19553,17268,0,27,"Hindu","Male","Rural"
19554,31493,1,37,"Muslim","Male","Rural"
19555,30528,0,46,"Hindu","Male","Rural"
19556,73109,13,33,"Hindu","Male","Rural"
19557,2428,7,40,"Hindu","Male","Rural"
19558,76941,0,26,"Hindu","Male","Rural"
19559,32406,4,34,"Hindu","Female","Urban"
19560,31747,6,26,"Hindu","Female","Rural"
19561,15469,0,38,"Hindu","Female","Rural"
19562,13749,9,37,"Hindu","Female","Urban"
19563,6083,5,45,"Hindu","Male","Rural"
19564,40504,2,36,"Hindu","Male","Rural"
19565,8991,0,46,"Hindu","Male","Rural"
19566,24730,10,21,"Hindu","Female","Urban"
19567,11670,1,46,"Hindu","Male","Rural"
19568,15707,0,49,"Hindu","Male","Rural"
19569,127325,15,36,"Hindu","Male","Rural"
19570,77591,1,18,"Christian","Male","Rural"
19571,30860,3,48,"Hindu","Male","Rural"
19572,2984,6,48,"Hindu","Female","Rural"
19573,10627,0,37,"Muslim","Female","Rural"
19574,31947,0,25,"Hindu","Male","Rural"
19575,167662,8,34,"Christian","Male","Urban"
19576,19365,1,56,"Hindu","Male","Rural"
19577,26928,0,46,"Hindu","Female","Rural"
19578,6245,0,52,"Hindu","Male","Rural"
19579,5914,7,18,"Hindu","Female","Rural"
19580,10701,0,39,"Hindu","Female","Rural"
19581,7296,2,43,"Hindu","Male","Rural"
19582,8990,0,35,"Hindu","Female","Rural"
19583,9125,0,39,"Muslim","Female","Rural"
19584,17824,0,36,"Sikh","Female","Rural"
19585,19047,1,44,"Hindu","Male","Rural"
19586,90361,10,18,"Muslim","Male","Urban"
19587,45140,7,45,"Hindu","Male","Urban"
19588,16109,8,18,"Hindu","Female","Rural"
19589,14166,5,22,"Hindu","Male","Rural"
19590,324340,15,43,"Sikh","Male","Urban"
19591,393568,5,26,"Buddhist","Male","Rural"
19592,10268,1,41,"Hindu","Male","Rural"
19593,23734,2,45,"Hindu","Male","Rural"
19594,102747,8,45,"Hindu","Male","Urban"
19595,7976,10,32,"Hindu","Female","Rural"
19596,11151,0,39,"Hindu","Female","Rural"
19597,10567,10,33,"Hindu","Male","Rural"
19598,43835,13,43,"Hindu","Male","Urban"
19599,34604,1,56,"Muslim","Male","Urban"
19600,45501,8,63,"Hindu","Male","Rural"
19601,90462,14,18,"Hindu","Male","Urban"
19602,28504,3,32,"Muslim","Male","Rural"
19603,11920,7,47,"Hindu","Female","Rural"
19604,28631,2,32,"Buddhist","Male","Rural"
19605,6438,4,30,"Hindu","Male","Rural"
19606,4300,1,51,"Hindu","Male","Rural"
19607,26829,9,54,"Muslim","Male","Urban"
19608,37178,8,44,"Muslim","Male","Urban"
19609,44952,5,34,"Hindu","Male","Rural"
19610,3161,0,45,"Hindu","Female","Rural"
19611,1577719,2,62,"Hindu","Male","Urban"
19612,23735,12,28,"Hindu","Male","Urban"
19613,19193,4,43,"Hindu","Male","Rural"
19614,3100,0,29,"Hindu","Female","Rural"
19615,15954,0,53,"Hindu","Male","Rural"
19616,18308,0,45,"Hindu","Female","Rural"
19617,7036,15,37,"Hindu","Male","Urban"
19618,9421,3,60,"Hindu","Male","Urban"
19619,39147,6,45,"Hindu","Male","Urban"
19620,59925,15,54,"Hindu","Male","Urban"
19621,55690,0,35,"Hindu","Male","Rural"
19622,37034,10,24,"Hindu","Male","Rural"
19623,10025,7,18,"Muslim","Male","Rural"
19624,4492,3,54,"Hindu","Female","Rural"
19625,29454,6,43,"Hindu","Male","Rural"
19626,5996,0,51,"Hindu","Female","Rural"
19627,9014,8,38,"Hindu","Female","Rural"
19628,3202,0,41,"Hindu","Male","Rural"
19629,69744,14,42,"Muslim","Male","Rural"
19630,20977,0,31,"Christian","Male","Rural"
19631,1918,12,43,"Hindu","Male","Rural"
19632,153125,9,51,"Hindu","Female","Rural"
19633,6003,0,37,"Sikh","Male","Rural"
19634,204134,6,38,"Hindu","Male","Rural"
19635,25969,6,28,"Hindu","Male","Rural"
19636,3354,1,47,"Hindu","Female","Rural"
19637,141375,7,39,"Hindu","Male","Urban"
19638,4605,15,51,"Hindu","Female","Rural"
19639,24048,13,38,"Hindu","Male","Rural"
19640,1985,0,20,"Hindu","Male","Rural"
19641,979,0,57,"Hindu","Female","Urban"
19642,13021,4,29,"Muslim","Male","Rural"
19643,7179,6,24,"Hindu","Female","Rural"
19644,131402,9,49,"Hindu","Female","Rural"
19645,5940,8,45,"Hindu","Male","Rural"
19646,25769,15,33,"Muslim","Male","Rural"
19647,18351,7,33,"Hindu","Female","Rural"
19648,32276,0,32,"Hindu","Male","Rural"
19649,6329,4,37,"Hindu","Male","Rural"
19650,128220,6,42,"Hindu","Male","Rural"
19651,30144,9,21,"Hindu","Male","Urban"
19652,1797,0,28,"Hindu","Female","Rural"
19653,24853,5,35,"Hindu","Male","Rural"
19654,32252,6,65,"Hindu","Male","Rural"
19655,64045,3,53,"Hindu","Male","Rural"
19656,121138,15,18,"Hindu","Male","Rural"
19657,21262,1,42,"Hindu","Female","Rural"
19658,19378,7,26,"Hindu","Male","Rural"
19659,7745,0,49,"Hindu","Male","Rural"
19660,22698,15,55,"Muslim","Male","Rural"
19661,5775,3,32,"Hindu","Female","Rural"
19662,3340,2,23,"Hindu","Male","Rural"
19663,15679,0,35,"Hindu","Male","Urban"
19664,55590,2,59,"Hindu","Male","Rural"
19665,272283,9,46,"Hindu","Male","Urban"
19666,3256,0,52,"Hindu","Female","Rural"
19667,30132,6,60,"Hindu","Female","Rural"
19668,27248,6,38,"Hindu","Male","Rural"
19669,3957,9,41,"Hindu","Female","Rural"
19670,15048,0,43,"Hindu","Female","Rural"
19671,215425,9,51,"Muslim","Male","Rural"
19672,55416,9,52,"Hindu","Male","Rural"
19673,23392,0,50,"Hindu","Male","Rural"
19674,41715,0,42,"Hindu","Male","Rural"
19675,24666,13,65,"Hindu","Female","Rural"
19676,52727,0,26,"Muslim","Male","Rural"
19677,30775,4,40,"Hindu","Male","Rural"
19678,25905,0,33,"Hindu","Male","Rural"
19679,6011,9,49,"Hindu","Female","Rural"
19680,153633,15,42,"Christian","Male","Urban"
19681,30287,15,25,"Hindu","Male","Rural"
19682,27858,2,53,"Hindu","Male","Rural"
19683,17024,5,23,"Hindu","Male","Rural"
19684,6848,0,35,"Hindu","Female","Rural"
19685,13874,4,37,"Hindu","Male","Rural"
19686,22040,14,33,"Hindu","Male","Rural"
19687,231673,10,43,"Hindu","Male","Urban"
19688,183229,10,55,"Hindu","Male","Urban"
19689,30285,9,32,"Hindu","Male","Rural"
19690,9728,0,41,"Hindu","Male","Rural"
19691,9858,15,39,"Christian","Female","Rural"
19692,16335,4,57,"Hindu","Male","Rural"
19693,38574,6,26,"Hindu","Male","Rural"
19694,12235,0,40,"Hindu","Female","Rural"
19695,72546,8,47,"Hindu","Male","Urban"
19696,33559,4,38,"Hindu","Male","Rural"
19697,26898,3,26,"Muslim","Female","Rural"
19698,23283,1,47,"Hindu","Male","Urban"
19699,7001,0,50,"Hindu","Female","Rural"
19700,100650,7,53,"Hindu","Male","Rural"
19701,44703,9,26,"Hindu","Male","Rural"
19702,12771,6,36,"Hindu","Female","Rural"
19703,56720,0,35,"Hindu","Male","Rural"
19704,198324,13,30,"Hindu","Male","Rural"
19705,101740,7,51,"Hindu","Female","Urban"
19706,23006,4,18,"Hindu","Male","Rural"
19707,67401,0,38,"Hindu","Male","Urban"
19708,25939,0,34,"Hindu","Male","Rural"
19709,37223,4,33,"Hindu","Male","Rural"
19710,8838,9,37,"Hindu","Male","Rural"
19711,4492,3,37,"Hindu","Female","Rural"
19712,31611,7,18,"Hindu","Female","Rural"
19713,16328,9,27,"Hindu","Male","Urban"
19714,30079,8,47,"Jain","Male","Rural"
19715,7849,1,20,"Muslim","Female","Urban"
19716,5791,0,25,"Hindu","Male","Rural"
19717,90754,0,28,"Hindu","Male","Rural"
19718,883,2,18,"Hindu","Female","Rural"
19719,124193,12,22,"Hindu","Male","Rural"
19720,67481,8,34,"Hindu","Female","Urban"
19721,39631,4,48,"Hindu","Female","Rural"
19722,24463,8,35,"Hindu","Male","Rural"
19723,53858,13,33,"Hindu","Male","Rural"
19724,426099,0,49,"Hindu","Male","Urban"
19725,58894,1,48,"Hindu","Male","Urban"
19726,102837,11,36,"Hindu","Male","Urban"
19727,8310,3,23,"Hindu","Male","Urban"
19728,72444,3,21,"Christian","Male","Rural"
19729,80930,1,55,"Hindu","Male","Rural"
19730,53073,10,27,"Hindu","Male","Rural"
19731,3381,0,29,"Hindu","Female","Rural"
19732,15891,1,53,"Hindu","Male","Rural"
19733,9762,3,52,"Muslim","Male","Rural"
19734,4346,3,30,"Hindu","Female","Rural"
19735,13516,3,47,"Hindu","Male","Rural"
19736,24058,9,58,"Hindu","Male","Rural"
19737,14046,0,47,"Hindu","Male","Rural"
19738,5992,1,50,"Hindu","Male","Rural"
19739,37124,15,56,"Hindu","Male","Rural"
19740,7662,11,34,"Hindu","Male","Rural"
19741,118646,15,41,"Hindu","Male","Rural"
19742,26460,3,31,"Hindu","Male","Rural"
19743,23952,3,61,"Hindu","Male","Rural"
19744,14092,2,27,"Muslim","Female","Urban"
19745,117345,7,41,"Hindu","Male","Urban"
19746,2236,0,37,"Hindu","Female","Rural"
19747,4980,1,33,"Hindu","Female","Rural"
19748,110641,10,38,"Hindu","Male","Rural"
19749,109340,4,46,"Hindu","Female","Rural"
19750,102497,13,28,"Hindu","Male","Urban"
19751,857,3,27,"Muslim","Female","Rural"
19752,11252,5,39,"Hindu","Female","Rural"
19753,44679,0,37,"Hindu","Male","Rural"
19754,12701,0,34,"Hindu","Male","Rural"
19755,24190,0,54,"Hindu","Male","Urban"
19756,7262,0,39,"Hindu","Male","Rural"
19757,8369,0,42,"Hindu","Male","Rural"
19758,124327,0,43,"Hindu","Male","Urban"
19759,9055,4,55,"Hindu","Female","Rural"
19760,3359,3,25,"Hindu","Female","Rural"
19761,98941,0,65,"Hindu","Male","Rural"
19762,157610,7,26,"Hindu","Male","Rural"
19763,7289,1,37,"Hindu","Male","Rural"
19764,29730,0,55,"Hindu","Male","Rural"
19765,10316,8,49,"Hindu","Male","Rural"
19766,8733,15,46,"Hindu","Male","Rural"
19767,9985,8,38,"Hindu","Female","Urban"
19768,20257,6,29,"Hindu","Male","Rural"
19769,88410,12,65,"Hindu","Male","Rural"
19770,5884,4,43,"Muslim","Male","Rural"
19771,34017,11,42,"Hindu","Male","Rural"
19772,7677,0,49,"Hindu","Male","Rural"
19773,23668,13,41,"Hindu","Female","Rural"
19774,17623,0,55,"Hindu","Male","Rural"
19775,6840,0,30,"Christian","Female","Rural"
19776,5217,0,30,"Hindu","Female","Rural"
19777,4619,6,26,"Hindu","Male","Rural"
19778,2015,10,18,"Hindu","Male","Rural"
19779,29720,7,35,"Hindu","Female","Urban"
19780,1824,6,43,"Muslim","Female","Rural"
19781,61551,5,34,"Hindu","Male","Rural"
19782,27459,10,52,"Hindu","Female","Urban"
19783,23554,8,36,"Hindu","Female","Rural"
19784,10854,3,30,"Hindu","Female","Urban"
19785,199838,15,45,"Christian","Male","Urban"
19786,19558,2,24,"Hindu","Male","Urban"
19787,5388,0,23,"Hindu","Female","Rural"
19788,67829,3,32,"Muslim","Male","Rural"
19789,43596,1,42,"Hindu","Male","Rural"
19790,791,3,36,"Hindu","Female","Rural"
19791,63993,0,56,"Sikh","Male","Rural"
19792,42798,3,24,"Hindu","Female","Rural"
19793,41590,0,32,"Hindu","Male","Rural"
19794,8849,10,46,"Hindu","Female","Rural"
19795,33936,8,53,"Sikh","Male","Rural"
19796,10995,4,50,"Hindu","Male","Urban"
19797,4833,13,22,"Hindu","Male","Rural"
19798,4219,0,21,"Hindu","Male","Rural"
19799,30320,4,29,"Hindu","Male","Urban"
19800,294619,2,52,"Muslim","Female","Rural"
19801,27793,4,49,"Hindu","Male","Rural"
19802,3730,3,32,"Hindu","Female","Rural"
19803,11483,5,58,"Hindu","Male","Rural"
19804,32527,10,20,"Hindu","Male","Rural"
19805,134665,12,55,"Hindu","Male","Urban"
19806,38765,15,40,"Muslim","Male","Urban"
19807,42223,4,49,"Christian","Male","Rural"
19808,54670,0,50,"Hindu","Male","Rural"
19809,302521,1,18,"Muslim","Male","Urban"
19810,46837,15,44,"Hindu","Male","Rural"
19811,36167,3,49,"Hindu","Male","Rural"
19812,46647,12,46,"Sikh","Male","Rural"
19813,202460,6,39,"Muslim","Male","Rural"
19814,53411,0,53,"Hindu","Male","Rural"
19815,20610,7,50,"Hindu","Male","Rural"
19816,2555,4,36,"Hindu","Male","Rural"
19817,7662,5,53,"Muslim","Male","Rural"
19818,28696,9,40,"Hindu","Male","Rural"
19819,22688,8,30,"Sikh","Male","Urban"
19820,36652,8,35,"Hindu","Male","Rural"
19821,48748,10,31,"Hindu","Male","Rural"
19822,141063,12,61,"Hindu","Male","Urban"
19823,26091,15,18,"Hindu","Male","Rural"
19824,29422,9,37,"Hindu","Male","Rural"
19825,14074,8,55,"Hindu","Male","Urban"
19826,6267,0,48,"Hindu","Male","Rural"
19827,21770,2,38,"Hindu","Male","Rural"
19828,88117,14,37,"Tribal","Female","Urban"
19829,364979,3,50,"Hindu","Male","Urban"
19830,9140,4,55,"Hindu","Male","Rural"
19831,52841,0,43,"Hindu","Male","Urban"
19832,9807,7,24,"Hindu","Female","Rural"
19833,57943,0,37,"Muslim","Male","Rural"
19834,20806,0,24,"Muslim","Male","Rural"
19835,87191,5,21,"Hindu","Male","Rural"
19836,42137,3,33,"Hindu","Female","Rural"
19837,12471,6,34,"Muslim","Male","Rural"
19838,4158,0,18,"Christian","Female","Rural"
19839,2881,0,33,"Buddhist","Male","Rural"
19840,17539,4,32,"Muslim","Male","Rural"
19841,58945,4,59,"Muslim","Male","Urban"
19842,1419,0,32,"Hindu","Male","Rural"
19843,21360,0,53,"Hindu","Male","Rural"
19844,8004,5,47,"Hindu","Female","Rural"
19845,968,1,46,"Hindu","Male","Rural"
19846,21258,0,51,"Hindu","Male","Rural"
19847,37672,3,18,"Sikh","Male","Rural"
19848,44211,10,63,"Hindu","Male","Urban"
19849,91694,4,60,"Hindu","Female","Rural"
19850,17946,9,44,"Hindu","Male","Rural"
19851,29827,9,43,"Hindu","Female","Rural"
19852,5509,4,32,"Hindu","Male","Rural"
19853,15368,0,53,"Hindu","Male","Rural"
19854,13246,9,45,"Hindu","Male","Rural"
19855,83156,10,43,"Hindu","Female","Urban"
19856,16881,7,56,"Hindu","Male","Rural"
19857,90536,4,32,"Christian","Female","Rural"
19858,130998,13,35,"Muslim","Male","Urban"
19859,86450,12,55,"Hindu","Female","Urban"
19860,26125,6,53,"Hindu","Male","Rural"
19861,189203,0,18,"Muslim","Male","Rural"
19862,24017,14,33,"Hindu","Female","Urban"
19863,63203,0,42,"Hindu","Male","Rural"
19864,22277,14,41,"Hindu","Female","Urban"
19865,38467,0,35,"Hindu","Male","Rural"
19866,264435,6,53,"Hindu","Male","Urban"
19867,34065,8,50,"Hindu","Male","Rural"
19868,27203,0,53,"Hindu","Male","Rural"
19869,9179,10,18,"Hindu","Male","Rural"
19870,27126,3,43,"Hindu","Male","Rural"
19871,9880,0,28,"Hindu","Female","Rural"
19872,56390,1,18,"Muslim","Male","Urban"
19873,35791,0,65,"Hindu","Male","Rural"
19874,1000,0,30,"Hindu","Female","Rural"
19875,41541,6,53,"Hindu","Male","Urban"
19876,12279,2,52,"Hindu","Female","Urban"
19877,29282,10,38,"Hindu","Male","Urban"
19878,12993,1,39,"Hindu","Male","Rural"
19879,12419,7,39,"Christian","Male","Rural"
19880,12647,6,60,"Hindu","Female","Urban"
19881,95023,5,45,"Christian","Male","Rural"
19882,8873,8,25,"Hindu","Male","Rural"
19883,19296,2,27,"Hindu","Male","Rural"
19884,11105,0,52,"Hindu","Female","Rural"
19885,11998,6,42,"Hindu","Male","Rural"
19886,42654,0,33,"Hindu","Female","Rural"
19887,34740,11,47,"Hindu","Female","Urban"
19888,18286,8,56,"Sikh","Female","Rural"
19889,223770,4,40,"Hindu","Male","Urban"
19890,5963,0,30,"Hindu","Female","Rural"
19891,20564,11,36,"Muslim","Female","Rural"
19892,39481,7,34,"Hindu","Male","Rural"
19893,44005,15,60,"Hindu","Male","Rural"
19894,10225,0,30,"Muslim","Male","Rural"
19895,141017,7,30,"Hindu","Male","Urban"
19896,127659,14,38,"Hindu","Male","Urban"
19897,2501,2,36,"Hindu","Male","Rural"
19898,27093,11,36,"Hindu","Male","Urban"
19899,2133,1,51,"Hindu","Male","Rural"
19900,16521,0,38,"Hindu","Male","Rural"
19901,10057,8,46,"Hindu","Male","Rural"
19902,79410,15,43,"Hindu","Male","Urban"
19903,8132,0,42,"Hindu","Male","Rural"
19904,4979,7,37,"Hindu","Male","Rural"
19905,94295,9,52,"Hindu","Male","Urban"
19906,13838,15,18,"Christian","Male","Rural"
19907,8436,0,20,"Hindu","Male","Rural"
19908,14847,2,18,"Hindu","Male","Rural"
19909,33783,0,52,"Muslim","Male","Rural"
19910,111109,8,30,"Hindu","Male","Urban"
19911,115322,10,49,"Hindu","Male","Urban"
19912,160535,0,41,"Hindu","Male","Rural"
19913,35813,10,18,"Hindu","Male","Rural"
19914,537063,8,40,"Hindu","Male","Rural"
19915,1985,3,31,"Hindu","Female","Rural"
19916,12632,0,42,"Hindu","Female","Rural"
19917,74424,2,51,"Hindu","Male","Rural"
19918,16617,0,37,"Hindu","Female","Rural"
19919,11539,10,24,"Hindu","Male","Rural"
19920,22416,15,24,"Hindu","Male","Rural"
19921,9745,0,45,"Hindu","Male","Rural"
19922,33980,3,34,"Hindu","Male","Urban"
19923,64883,13,44,"Hindu","Male","Urban"
19924,23087,9,21,"Hindu","Male","Rural"
19925,41854,3,42,"Hindu","Male","Urban"
19926,1392,4,40,"Hindu","Male","Rural"
19927,12649,5,46,"Hindu","Female","Urban"
19928,19799,9,58,"Hindu","Female","Rural"
19929,22231,14,44,"Hindu","Male","Rural"
19930,41578,0,20,"Hindu","Male","Rural"
19931,6451,3,43,"Hindu","Female","Rural"
19932,194314,15,46,"Hindu","Male","Urban"
19933,6030,12,34,"Buddhist","Male","Rural"
19934,12184,6,35,"Hindu","Female","Rural"
19935,16163,0,27,"Muslim","Male","Rural"
19936,23262,6,52,"Hindu","Male","Rural"
19937,11207,0,29,"Hindu","Male","Urban"
19938,5568,0,46,"Hindu","Male","Rural"
19939,14709,0,28,"Hindu","Female","Rural"
19940,60651,11,46,"Hindu","Male","Rural"
19941,79451,15,30,"Hindu","Male","Urban"
19942,41403,8,18,"Hindu","Male","Rural"
19943,1823,3,37,"Hindu","Female","Rural"
19944,42337,0,23,"Muslim","Male","Rural"
19945,19934,13,61,"Hindu","Male","Rural"
19946,15119,10,18,"Hindu","Male","Rural"
19947,15600,0,50,"Hindu","Male","Urban"
19948,4551,2,38,"Hindu","Female","Rural"
19949,51966,15,56,"Hindu","Male","Rural"
19950,49724,9,57,"Hindu","Female","Urban"
19951,4854,5,55,"Christian","Female","Rural"
19952,9915,0,21,"Hindu","Male","Rural"
19953,2342,0,31,"Hindu","Male","Rural"
19954,199749,2,43,"Hindu","Male","Urban"
19955,25412,11,56,"Hindu","Male","Urban"
19956,56193,12,47,"Hindu","Male","Rural"
19957,11431,11,41,"Hindu","Male","Rural"
19958,36532,13,18,"Sikh","Male","Urban"
19959,34690,11,41,"Sikh","Female","Rural"
19960,12504,9,46,"Hindu","Male","Rural"
19961,70785,7,48,"Hindu","Female","Rural"
19962,62483,0,47,"Hindu","Male","Rural"
19963,16003,15,34,"Hindu","Female","Rural"
19964,120255,2,25,"Muslim","Male","Rural"
19965,3866,9,53,"Hindu","Female","Rural"
19966,125788,10,47,"Hindu","Male","Rural"
19967,21076,6,31,"Hindu","Female","Urban"
19968,36023,10,39,"Hindu","Female","Rural"
19969,580854,15,35,"Hindu","Male","Urban"
19970,39278,11,55,"Hindu","Male","Rural"
19971,89194,15,47,"Hindu","Female","Urban"
19972,34546,2,52,"Hindu","Male","Rural"
19973,158390,8,30,"Hindu","Male","Rural"
19974,17497,0,18,"Sikh","Female","Rural"
19975,11724,11,47,"Hindu","Male","Rural"
19976,20654,3,19,"Hindu","Male","Rural"
19977,271451,13,39,"Hindu","Male","Rural"
19978,14511,0,28,"Hindu","Female","Rural"
19979,37718,14,53,"Hindu","Male","Rural"
19980,12046,9,28,"Sikh","Female","Rural"
19981,55435,3,50,"Hindu","Male","Rural"
19982,56549,7,37,"Hindu","Female","Urban"
19983,53475,9,55,"Hindu","Male","Rural"
19984,35016,5,55,"Hindu","Female","Rural"
19985,12655,0,55,"Hindu","Male","Rural"
19986,36607,3,54,"Hindu","Male","Rural"
19987,55639,10,34,"Muslim","Male","Urban"
19988,22938,0,23,"Hindu","Female","Rural"
19989,98406,4,40,"Hindu","Male","Urban"
19990,25908,10,52,"Christian","Male","Rural"
19991,15128,4,30,"Hindu","Male","Rural"
19992,18944,7,31,"Hindu","Male","Rural"
19993,11478,0,38,"Hindu","Male","Rural"
19994,15764,3,52,"Hindu","Male","Rural"
19995,24167,8,36,"Hindu","Male","Rural"
19996,30858,0,28,"Hindu","Male","Rural"
19997,1915,0,22,"Hindu","Male","Urban"
19998,94797,7,36,"Hindu","Male","Rural"
19999,129950,8,34,"Muslim","Male","Rural"
20000,5160,5,18,"Hindu","Female","Rural"
